order_id,order_date,customer_id,product,quantity,unit_price
O1001,2026-08-01,C001, wireless mouse ,2,799.00
O1002,2026-08-02,C002,Keyboard,1,1499.00
O1003,2026-08-02,C003,USB-C Cable,3,299.50
O1004,2026-08-03,C999,Webcam,1,2499.00
O1005,not-a-date,C001,Laptop Stand,1,1199.00
O1006,2026-08-04,C004,Monitor,0,12499.00
O1003,2026-08-02,C003,USB-C Cable,3,299.50
ORD000001,2025-12-06,C1217,Keyboard,5,1499.00
ORD000002,2025-01-26,C1805,Wireless Mouse,3,799.00
ORD000003,2025-03-06,C1805,Laptop Stand,5,1199.00
ORD000004,2025-02-05,C1849,Laptop Stand,5,1199.00
ORD000005,2025-10-28,C1221,Laptop Stand,2,1199.00
ORD000006,2025-03-17,C1807,Monitor,5,12499.00
ORD000007,2025-05-22,C1879,Wireless Mouse,2,799.00
ORD000008,2025-10-04,C1256,USB-C Cable,2,299.50
ORD000009,2025-12-05,C1887,Keyboard,1,1499.00
ORD000010,2025-01-08,C1366,USB-C Cable,2,299.50
ORD000011,2025-01-09,C1178,Monitor,3,12499.00
ORD000012,2025-03-06,C1759,Wireless Mouse,4,799.00
ORD000013,2025-02-28,C1763,USB Hub,1,899.00
ORD000014,2025-08-18,C1796,Power Bank,3,1799.00
ORD000015,2025-10-31,C1111,USB Hub,4,899.00
ORD000016,2025-04-24,C1968,USB Hub,5,899.00
ORD000017,2025-12-04,C1533,Wireless Mouse,3,799.00
ORD000018,2025-11-26,C1987,Power Bank,1,1799.00
ORD000019,2025-09-03,C1867,Wireless Mouse,4,799.00
ORD000020,2025-12-18,C1110,Headphones,4,3299.00
ORD000021,2025-02-07,C1920,Power Bank,1,1799.00
ORD000022,2025-11-08,C1151,Monitor,1,12499.00
ORD000023,2025-05-21,C1639,USB-C Cable,5,299.50
ORD000024,2025-12-31,C1332,USB Hub,4,899.00
ORD000025,2025-05-31,C1464,USB Hub,5,899.00
ORD000026,2025-02-20,C1812,Headphones,1,3299.00
ORD000027,2025-04-21,C1440,USB Hub,4,899.00
ORD000028,2025-07-31,C1347,Laptop Stand,4,1199.00
ORD000029,2025-08-01,C1747,Headphones,1,3299.00
ORD000030,2025-08-07,C1320,Monitor,3,12499.00
ORD000031,2025-03-20,C1703,Monitor,4,12499.00
ORD000032,2025-02-16,C1851,Keyboard,1,1499.00
ORD000033,2025-08-10,C1098,Keyboard,3,1499.00
ORD000034,2025-10-12,C1061,USB-C Cable,5,299.50
ORD000035,2025-10-15,C1337,USB Hub,1,899.00
ORD000036,2025-07-01,C1894,Headphones,4,3299.00
ORD000037,2025-05-28,C1614,Wireless Mouse,3,799.00
ORD000038,2025-02-23,C1591,Monitor,5,12499.00
ORD000039,2025-03-21,C1672,Laptop Stand,4,1199.00
ORD000040,2025-02-25,C1358,Laptop Stand,5,1199.00
ORD000041,2025-02-28,C1780,Monitor,3,12499.00
ORD000042,2025-08-08,C1865,Laptop Stand,5,1199.00
ORD000043,2025-01-14,C1623,USB Hub,3,899.00
ORD000044,2025-04-03,C1279,Wireless Mouse,3,799.00
ORD000045,2025-06-29,C1006,Monitor,2,12499.00
ORD000046,2025-10-17,C1673,USB-C Cable,4,299.50
ORD000047,2025-03-14,C1758,Keyboard,1,1499.00
ORD000048,2025-09-29,C1220,Keyboard,4,1499.00
ORD000049,2025-08-21,C1349,Headphones,2,3299.00
ORD000050,2025-06-09,C1738,Monitor,3,12499.00
ORD000051,2025-01-27,C1159,Keyboard,2,1499.00
ORD000052,2025-12-12,C1083,Wireless Mouse,3,799.00
ORD000053,2025-12-05,C1434,Power Bank,4,1799.00
ORD000054,2025-08-01,C1279,Power Bank,2,1799.00
ORD000055,2025-02-28,C1353,USB Hub,4,899.00
ORD000056,2025-05-26,C1694,Keyboard,5,1499.00
ORD000057,2025-09-27,C1683,Power Bank,3,1799.00
ORD000058,2025-04-23,C1404,Wireless Mouse,5,799.00
ORD000059,2025-01-04,C1209,Wireless Mouse,3,799.00
ORD000060,2025-03-12,C1782,Laptop Stand,3,1199.00
ORD000061,2025-06-17,C1122,Webcam,1,2499.00
ORD000062,2025-08-09,C1179,Power Bank,2,1799.00
ORD000063,2025-09-30,C1720,Headphones,2,3299.00
ORD000064,2025-10-14,C1853,USB Hub,3,899.00
ORD000065,2025-07-23,C1882,Keyboard,1,1499.00
ORD000066,2025-01-10,C1470,Headphones,1,3299.00
ORD000067,2025-10-22,C1439,Monitor,5,12499.00
ORD000068,2025-12-30,C1655,Headphones,4,3299.00
ORD000069,2025-02-28,C1414,Webcam,1,2499.00
ORD000070,2025-03-29,C1820,Monitor,5,12499.00
ORD000071,2025-12-20,C1941,Power Bank,3,1799.00
ORD000072,2025-08-12,C1864,Keyboard,1,1499.00
ORD000073,2025-08-12,C1603,Laptop Stand,4,1199.00
ORD000074,2025-02-10,C1405,USB Hub,3,899.00
ORD000075,2025-04-24,C1341,Monitor,2,12499.00
ORD000076,2025-09-19,C1648,Keyboard,1,1499.00
ORD000077,2025-09-19,C1198,USB Hub,3,899.00
ORD000078,2025-11-27,C1834,Monitor,2,12499.00
ORD000079,2025-02-22,C1149,Laptop Stand,3,1199.00
ORD000080,2025-03-30,C1616,Laptop Stand,2,1199.00
ORD000081,2025-04-01,C1974,Keyboard,4,1499.00
ORD000082,2025-10-16,C1778,Power Bank,5,1799.00
ORD000083,2025-12-15,C1946,Power Bank,5,1799.00
ORD000084,2025-11-18,C1323,Monitor,2,12499.00
ORD000085,2025-02-04,C1480,Power Bank,4,1799.00
ORD000086,2025-05-21,C1605,Webcam,1,2499.00
ORD000087,2025-09-17,C1075,Monitor,3,12499.00
ORD000088,2025-08-20,C1038,Power Bank,1,1799.00
ORD000089,2025-05-27,C1078,Monitor,1,12499.00
ORD000090,2025-07-16,C1473,USB Hub,5,899.00
ORD000091,2025-01-22,C1460,USB Hub,5,899.00
ORD000092,2025-06-14,C1619,Laptop Stand,4,1199.00
ORD000093,2025-03-19,C1980,USB Hub,1,899.00
ORD000094,2025-02-22,C1830,Power Bank,3,1799.00
ORD000095,2025-09-16,C1661,Keyboard,2,1499.00
ORD000096,2025-05-07,C1724,Wireless Mouse,4,799.00
ORD000097,2025-09-26,C1535,Power Bank,5,1799.00
ORD000098,2025-07-06,C1381,USB-C Cable,3,299.50
ORD000099,2025-07-29,C1793,Headphones,3,3299.00
ORD000100,2025-11-20,C1662,Wireless Mouse,3,799.00
ORD000101,2025-06-18,C1096,Keyboard,5,1499.00
ORD000102,2025-05-26,C1258,Headphones,5,3299.00
ORD000103,2025-06-20,C1083,USB-C Cable,5,299.50
ORD000104,2025-06-29,C1317,USB-C Cable,4,299.50
ORD000105,2025-11-01,C1725,USB-C Cable,1,299.50
ORD000106,2025-10-14,C1385,Webcam,3,2499.00
ORD000107,2025-12-10,C1719,USB-C Cable,5,299.50
ORD000108,2025-11-27,C1686,Keyboard,4,1499.00
ORD000109,2025-07-05,C1018,USB Hub,3,899.00
ORD000110,2025-04-03,C1973,Webcam,2,2499.00
ORD000111,2025-09-06,C1196,Monitor,2,12499.00
ORD000112,2025-03-21,C1079,USB-C Cable,3,299.50
ORD000113,2025-09-17,C1789,Keyboard,5,1499.00
ORD000114,2025-01-20,C1677,USB Hub,3,899.00
ORD000115,2025-11-02,C1385,USB-C Cable,2,299.50
ORD000116,2025-04-03,C1851,USB-C Cable,5,299.50
ORD000117,2025-08-13,C1044,USB-C Cable,4,299.50
ORD000118,2025-12-13,C1736,Monitor,2,12499.00
ORD000119,2025-11-09,C1291,Power Bank,4,1799.00
ORD000120,2025-10-01,C1244,Laptop Stand,3,1199.00
ORD000121,2025-04-10,C1376,Power Bank,5,1799.00
ORD000122,2025-08-25,C1787,Power Bank,3,1799.00
ORD000123,2025-09-15,C1540,Headphones,4,3299.00
ORD000124,2025-04-13,C1820,USB-C Cable,5,299.50
ORD000125,2025-05-09,C1053,USB-C Cable,4,299.50
ORD000126,2025-10-11,C1956,Monitor,1,12499.00
ORD000127,2025-03-05,C1291,USB Hub,1,899.00
ORD000128,2025-05-20,C1460,USB-C Cable,5,299.50
ORD000129,2025-08-12,C1093,USB-C Cable,2,299.50
ORD000130,2025-06-28,C1952,Power Bank,1,1799.00
ORD000131,2025-01-28,C1405,Headphones,5,3299.00
ORD000132,2025-05-01,C1395,Monitor,1,12499.00
ORD000133,2025-04-25,C1028,Monitor,3,12499.00
ORD000134,2025-11-29,C1343,Keyboard,2,1499.00
ORD000135,2025-01-20,C1293,USB-C Cable,4,299.50
ORD000136,2025-12-28,C1480,USB-C Cable,4,299.50
ORD000137,2025-02-10,C1019,Wireless Mouse,3,799.00
ORD000138,2025-03-18,C1561,Laptop Stand,5,1199.00
ORD000139,2025-08-05,C1113,USB Hub,3,899.00
ORD000140,2025-06-04,C1124,Laptop Stand,1,1199.00
ORD000141,2025-08-03,C1654,Laptop Stand,5,1199.00
ORD000142,2025-02-02,C1113,Power Bank,4,1799.00
ORD000143,2025-01-09,C1647,USB Hub,5,899.00
ORD000144,2025-03-15,C1298,Laptop Stand,4,1199.00
ORD000145,2025-11-11,C1361,Wireless Mouse,2,799.00
ORD000146,2025-04-06,C1680,Headphones,1,3299.00
ORD000147,2025-07-04,C1069,USB Hub,5,899.00
ORD000148,2025-09-17,C1805,USB Hub,5,899.00
ORD000149,2025-01-11,C1399,USB Hub,4,899.00
ORD000150,2025-11-22,C1396,Wireless Mouse,3,799.00
ORD000151,2025-01-09,C1365,Webcam,1,2499.00
ORD000152,2025-05-04,C1750,Monitor,1,12499.00
ORD000153,2025-03-10,C1045,Monitor,3,12499.00
ORD000154,2025-06-23,C1833,USB Hub,2,899.00
ORD000155,2025-12-23,C1490,Power Bank,2,1799.00
ORD000156,2025-02-02,C1733,USB-C Cable,4,299.50
ORD000157,2025-05-31,C1206,Wireless Mouse,1,799.00
ORD000158,2025-01-22,C1323,Laptop Stand,3,1199.00
ORD000159,2025-07-23,C1834,USB Hub,5,899.00
ORD000160,2025-05-10,C1037,Power Bank,2,1799.00
ORD000161,2025-07-02,C1882,Webcam,1,2499.00
ORD000162,2025-05-20,C1127,Monitor,3,12499.00
ORD000163,2025-07-24,C1761,Headphones,4,3299.00
ORD000164,2025-06-23,C1997,Headphones,2,3299.00
ORD000165,2025-12-21,C1509,Power Bank,3,1799.00
ORD000166,2025-05-17,C1820,USB Hub,1,899.00
ORD000167,2025-02-10,C1440,Headphones,5,3299.00
ORD000168,2025-10-07,C1300,USB-C Cable,3,299.50
ORD000169,2025-02-10,C1335,Keyboard,3,1499.00
ORD000170,2025-08-17,C1617,Webcam,4,2499.00
ORD000171,2025-12-20,C1454,USB-C Cable,3,299.50
ORD000172,2025-01-22,C1744,Power Bank,3,1799.00
ORD000173,2025-05-21,C1654,Headphones,1,3299.00
ORD000174,2025-12-10,C1652,Keyboard,4,1499.00
ORD000175,2025-09-20,C1820,Monitor,2,12499.00
ORD000176,2025-03-15,C1869,Wireless Mouse,5,799.00
ORD000177,2025-01-18,C1129,Power Bank,1,1799.00
ORD000178,2025-11-27,C1375,Laptop Stand,3,1199.00
ORD000179,2025-10-18,C1033,Headphones,5,3299.00
ORD000180,2025-12-14,C1460,USB-C Cable,3,299.50
ORD000181,2025-08-16,C1781,Monitor,1,12499.00
ORD000182,2025-09-29,C1375,USB-C Cable,4,299.50
ORD000183,2025-11-29,C1285,Monitor,2,12499.00
ORD000184,2025-01-14,C1753,Keyboard,2,1499.00
ORD000185,2025-09-23,C1396,Power Bank,5,1799.00
ORD000186,2025-05-15,C1793,Keyboard,3,1499.00
ORD000187,2025-04-20,C1626,Power Bank,3,1799.00
ORD000188,2025-04-13,C1125,Power Bank,2,1799.00
ORD000189,2025-08-20,C1176,Keyboard,4,1499.00
ORD000190,2025-12-16,C1990,Keyboard,3,1499.00
ORD000191,2025-12-30,C1066,Monitor,5,12499.00
ORD000192,2025-05-29,C1912,USB Hub,3,899.00
ORD000193,2025-12-31,C1726,USB-C Cable,2,299.50
ORD000194,2025-09-18,C1229,Monitor,1,12499.00
ORD000195,2025-03-13,C1242,Laptop Stand,4,1199.00
ORD000196,2025-07-04,C1567,Wireless Mouse,5,799.00
ORD000197,2025-08-28,C1822,Monitor,5,12499.00
ORD000198,2025-11-10,C1905,USB-C Cable,1,299.50
ORD000199,2025-06-08,C1407,Keyboard,4,1499.00
ORD000200,2025-07-30,C1787,USB Hub,4,899.00
ORD000201,2025-03-06,C1995,Keyboard,3,1499.00
ORD000202,2025-08-19,C1477,Keyboard,5,1499.00
ORD000203,2025-03-07,C1899,Monitor,5,12499.00
ORD000204,2025-03-08,C1443,USB-C Cable,5,299.50
ORD000205,2025-03-05,C1530,Wireless Mouse,2,799.00
ORD000206,2025-03-26,C1165,Webcam,3,2499.00
ORD000207,2025-06-27,C1970,Laptop Stand,5,1199.00
ORD000208,2025-02-10,C1256,Webcam,2,2499.00
ORD000209,2025-05-21,C1128,USB Hub,3,899.00
ORD000210,2025-02-17,C1514,USB Hub,2,899.00
ORD000211,2025-03-29,C1674,USB-C Cable,5,299.50
ORD000212,2025-10-16,C1042,Monitor,1,12499.00
ORD000213,2025-01-24,C1971,Keyboard,5,1499.00
ORD000214,2025-11-30,C1215,Webcam,5,2499.00
ORD000215,2025-11-13,C1654,Headphones,1,3299.00
ORD000216,2025-11-18,C1558,Power Bank,3,1799.00
ORD000217,2025-09-05,C1250,Webcam,4,2499.00
ORD000218,2025-08-21,C1074,Webcam,1,2499.00
ORD000219,2025-08-14,C1425,USB-C Cable,4,299.50
ORD000220,2025-04-15,C1348,Power Bank,5,1799.00
ORD000221,2025-06-10,C1882,USB-C Cable,3,299.50
ORD000222,2025-07-24,C1133,Monitor,3,12499.00
ORD000223,2025-10-15,C1108,USB Hub,3,899.00
ORD000224,2025-08-27,C1125,Laptop Stand,3,1199.00
ORD000225,2025-05-07,C1144,Power Bank,1,1799.00
ORD000226,2025-05-29,C1968,Wireless Mouse,4,799.00
ORD000227,2025-05-08,C1985,Headphones,2,3299.00
ORD000228,2025-10-23,C1738,Monitor,3,12499.00
ORD000229,2025-03-23,C1510,Laptop Stand,5,1199.00
ORD000230,2025-09-13,C1900,Power Bank,3,1799.00
ORD000231,2025-01-12,C1092,Power Bank,4,1799.00
ORD000232,2025-08-23,C1989,USB Hub,2,899.00
ORD000233,2025-10-26,C1361,Laptop Stand,1,1199.00
ORD000234,2025-05-25,C1506,Wireless Mouse,5,799.00
ORD000235,2025-05-27,C1549,Power Bank,1,1799.00
ORD000236,2025-08-09,C1137,Keyboard,3,1499.00
ORD000237,2025-07-26,C1374,Monitor,1,12499.00
ORD000238,2025-01-27,C1583,Headphones,5,3299.00
ORD000239,2025-07-05,C1566,Laptop Stand,3,1199.00
ORD000240,2025-07-17,C1516,Keyboard,4,1499.00
ORD000241,2025-05-24,C1845,USB Hub,5,899.00
ORD000242,2025-03-07,C1998,Keyboard,1,1499.00
ORD000243,2025-07-11,C1813,Headphones,3,3299.00
ORD000244,2025-07-07,C1773,USB Hub,2,899.00
ORD000245,2025-11-05,C1521,Laptop Stand,4,1199.00
ORD000246,2025-01-21,C1046,USB Hub,1,899.00
ORD000247,2025-06-20,C1823,USB-C Cable,4,299.50
ORD000248,2025-08-22,C1152,USB Hub,5,899.00
ORD000249,2025-03-13,C1335,USB Hub,5,899.00
ORD000250,2025-03-25,C1402,Monitor,5,12499.00
ORD000251,2025-10-31,C1344,Webcam,5,2499.00
ORD000252,2025-09-30,C1501,USB Hub,5,899.00
ORD000253,2025-09-01,C1835,Webcam,1,2499.00
ORD000254,2025-06-19,C1689,Monitor,1,12499.00
ORD000255,2025-10-26,C1315,Headphones,1,3299.00
ORD000256,2025-05-16,C1990,Power Bank,5,1799.00
ORD000257,2025-01-27,C1597,Laptop Stand,4,1199.00
ORD000258,2025-09-26,C1644,USB-C Cable,5,299.50
ORD000259,2025-03-17,C1841,Headphones,2,3299.00
ORD000260,2025-10-21,C1970,Wireless Mouse,1,799.00
ORD000261,2025-01-10,C1451,Laptop Stand,3,1199.00
ORD000262,2025-03-19,C1422,Headphones,2,3299.00
ORD000263,2025-09-14,C1793,Headphones,5,3299.00
ORD000264,2025-02-01,C1722,Power Bank,2,1799.00
ORD000265,2025-04-17,C1574,USB Hub,3,899.00
ORD000266,2025-09-27,C1385,Power Bank,3,1799.00
ORD000267,2025-08-24,C1934,USB-C Cable,5,299.50
ORD000268,2025-10-07,C1362,Monitor,3,12499.00
ORD000269,2025-04-09,C1980,Power Bank,2,1799.00
ORD000270,2025-10-13,C1305,Webcam,2,2499.00
ORD000271,2025-05-28,C1721,Webcam,2,2499.00
ORD000272,2025-06-12,C1491,Power Bank,3,1799.00
ORD000273,2025-05-21,C1294,USB Hub,1,899.00
ORD000274,2025-07-14,C1917,USB Hub,4,899.00
ORD000275,2025-03-16,C1297,Monitor,1,12499.00
ORD000276,2025-02-10,C1354,Webcam,4,2499.00
ORD000277,2025-09-03,C1219,Webcam,2,2499.00
ORD000278,2025-05-19,C1955,USB Hub,5,899.00
ORD000279,2025-03-12,C1111,Webcam,5,2499.00
ORD000280,2025-05-05,C1051,Laptop Stand,5,1199.00
ORD000281,2025-11-23,C1238,Laptop Stand,1,1199.00
ORD000282,2025-07-31,C1338,Keyboard,4,1499.00
ORD000283,2025-12-15,C1789,Keyboard,2,1499.00
ORD000284,2025-10-09,C1951,Wireless Mouse,2,799.00
ORD000285,2025-12-01,C1957,Headphones,4,3299.00
ORD000286,2025-11-30,C1204,Power Bank,3,1799.00
ORD000287,2025-05-27,C1661,Monitor,1,12499.00
ORD000288,2025-11-30,C1587,Keyboard,2,1499.00
ORD000289,2025-01-20,C1935,USB Hub,2,899.00
ORD000290,2025-04-01,C1956,Headphones,1,3299.00
ORD000291,2025-09-11,C1190,Headphones,3,3299.00
ORD000292,2025-01-05,C1305,Wireless Mouse,5,799.00
ORD000293,2025-06-21,C1291,Keyboard,4,1499.00
ORD000294,2025-09-26,C1505,USB Hub,2,899.00
ORD000295,2025-08-28,C1279,USB Hub,2,899.00
ORD000296,2025-06-19,C1166,Keyboard,4,1499.00
ORD000297,2025-04-06,C1014,Webcam,3,2499.00
ORD000298,2025-10-18,C1690,Webcam,2,2499.00
ORD000299,2025-11-09,C1876,USB-C Cable,4,299.50
ORD000300,2025-09-21,C1335,Headphones,1,3299.00
ORD000301,2025-12-09,C1097,Headphones,2,3299.00
ORD000302,2025-09-02,C1331,USB-C Cable,2,299.50
ORD000303,2025-05-14,C1392,Wireless Mouse,2,799.00
ORD000304,2025-05-17,C1976,Power Bank,3,1799.00
ORD000305,2025-10-26,C1740,Webcam,5,2499.00
ORD000306,2025-05-14,C1669,Wireless Mouse,3,799.00
ORD000307,2025-02-01,C1683,Laptop Stand,1,1199.00
ORD000308,2025-06-07,C1163,Power Bank,4,1799.00
ORD000309,2025-12-27,C1788,USB Hub,3,899.00
ORD000310,2025-11-24,C1938,Keyboard,3,1499.00
ORD000311,2025-11-11,C1226,Monitor,2,12499.00
ORD000312,2025-09-02,C1156,USB-C Cable,4,299.50
ORD000313,2025-08-01,C1718,Monitor,5,12499.00
ORD000314,2025-10-03,C1821,Power Bank,2,1799.00
ORD000315,2025-12-15,C1772,Laptop Stand,5,1199.00
ORD000316,2025-09-27,C1457,Keyboard,5,1499.00
ORD000317,2025-02-09,C1939,Monitor,5,12499.00
ORD000318,2025-02-01,C1848,Keyboard,5,1499.00
ORD000319,2025-04-14,C1586,USB Hub,5,899.00
ORD000320,2025-03-26,C1335,USB-C Cable,5,299.50
ORD000321,2025-03-01,C1696,Power Bank,2,1799.00
ORD000322,2025-02-16,C1920,Power Bank,5,1799.00
ORD000323,2025-01-29,C1464,Power Bank,2,1799.00
ORD000324,2025-08-01,C1467,USB Hub,5,899.00
ORD000325,2025-10-14,C1473,Wireless Mouse,3,799.00
ORD000326,2025-07-22,C1260,Wireless Mouse,1,799.00
ORD000327,2025-10-24,C1074,Laptop Stand,1,1199.00
ORD000328,2025-06-26,C1717,Headphones,1,3299.00
ORD000329,2025-01-31,C1957,USB Hub,1,899.00
ORD000330,2025-01-17,C1293,Power Bank,4,1799.00
ORD000331,2025-03-11,C1784,USB-C Cable,4,299.50
ORD000332,2025-07-15,C1459,Monitor,4,12499.00
ORD000333,2025-02-11,C1699,Headphones,5,3299.00
ORD000334,2025-12-01,C1880,USB-C Cable,3,299.50
ORD000335,2025-04-02,C1550,Keyboard,4,1499.00
ORD000336,2025-03-07,C1745,USB Hub,2,899.00
ORD000337,2025-01-12,C1305,Wireless Mouse,4,799.00
ORD000338,2025-08-06,C1544,USB Hub,4,899.00
ORD000339,2025-05-07,C1471,Laptop Stand,3,1199.00
ORD000340,2025-05-22,C1193,USB-C Cable,1,299.50
ORD000341,2025-12-05,C1429,Wireless Mouse,5,799.00
ORD000342,2025-05-04,C1211,Wireless Mouse,1,799.00
ORD000343,2025-11-01,C1034,Keyboard,4,1499.00
ORD000344,2025-05-06,C1758,Wireless Mouse,1,799.00
ORD000345,2025-08-13,C1239,Headphones,5,3299.00
ORD000346,2025-01-29,C1143,Laptop Stand,5,1199.00
ORD000347,2025-04-30,C1835,Webcam,5,2499.00
ORD000348,2025-10-23,C1612,Monitor,3,12499.00
ORD000349,2025-06-04,C1897,Laptop Stand,2,1199.00
ORD000350,2025-04-24,C1423,USB Hub,3,899.00
ORD000351,2025-02-01,C1570,Webcam,5,2499.00
ORD000352,2025-11-17,C1695,USB-C Cable,4,299.50
ORD000353,2025-09-11,C1048,USB Hub,3,899.00
ORD000354,2025-09-26,C1326,Headphones,4,3299.00
ORD000355,2025-03-18,C1307,Headphones,4,3299.00
ORD000356,2025-10-03,C1484,USB-C Cable,2,299.50
ORD000357,2025-06-03,C1878,Laptop Stand,2,1199.00
ORD000358,2025-01-30,C1575,Power Bank,4,1799.00
ORD000359,2025-10-13,C1542,Headphones,2,3299.00
ORD000360,2025-05-05,C1261,Headphones,2,3299.00
ORD000361,2025-11-28,C1080,Monitor,4,12499.00
ORD000362,2025-02-17,C1548,Monitor,2,12499.00
ORD000363,2025-05-18,C1386,Wireless Mouse,5,799.00
ORD000364,2025-02-07,C1192,Wireless Mouse,5,799.00
ORD000365,2025-04-22,C1490,USB Hub,2,899.00
ORD000366,2025-06-05,C1979,Monitor,1,12499.00
ORD000367,2025-04-08,C1985,Laptop Stand,1,1199.00
ORD000368,2025-05-05,C1712,Power Bank,5,1799.00
ORD000369,2025-07-23,C1937,Laptop Stand,2,1199.00
ORD000370,2025-06-14,C1794,USB Hub,3,899.00
ORD000371,2025-08-27,C1546,Headphones,3,3299.00
ORD000372,2025-05-14,C1368,Webcam,5,2499.00
ORD000373,2025-08-27,C1100,Power Bank,4,1799.00
ORD000374,2025-04-15,C1379,Monitor,3,12499.00
ORD000375,2025-01-24,C1576,Headphones,2,3299.00
ORD000376,2025-01-09,C1267,USB-C Cable,5,299.50
ORD000377,2025-06-01,C1156,Headphones,2,3299.00
ORD000378,2025-04-28,C1388,Monitor,5,12499.00
ORD000379,2025-09-13,C1563,Laptop Stand,3,1199.00
ORD000380,2025-09-08,C1989,Webcam,4,2499.00
ORD000381,2025-03-28,C1750,Power Bank,3,1799.00
ORD000382,2025-03-13,C1737,USB-C Cable,5,299.50
ORD000383,2025-04-05,C1938,Power Bank,5,1799.00
ORD000384,2025-09-26,C1034,Wireless Mouse,1,799.00
ORD000385,2025-01-04,C1422,Wireless Mouse,2,799.00
ORD000386,2025-02-04,C1724,Laptop Stand,2,1199.00
ORD000387,2025-04-22,C1517,Wireless Mouse,4,799.00
ORD000388,2025-01-31,C1632,Monitor,5,12499.00
ORD000389,2025-12-04,C1499,Power Bank,1,1799.00
ORD000390,2025-09-30,C1564,Wireless Mouse,4,799.00
ORD000391,2025-01-09,C1542,Wireless Mouse,3,799.00
ORD000392,2025-05-27,C1017,USB Hub,5,899.00
ORD000393,2025-04-02,C1109,Headphones,1,3299.00
ORD000394,2025-03-18,C1246,USB Hub,2,899.00
ORD000395,2025-05-10,C1834,USB Hub,3,899.00
ORD000396,2025-07-23,C1080,Webcam,3,2499.00
ORD000397,2025-08-24,C1578,Headphones,2,3299.00
ORD000398,2025-06-03,C1700,Laptop Stand,1,1199.00
ORD000399,2025-02-17,C1415,Wireless Mouse,4,799.00
ORD000400,2025-10-10,C1487,Headphones,1,3299.00
ORD000401,2025-12-26,C1175,Wireless Mouse,1,799.00
ORD000402,2025-08-11,C1660,Power Bank,3,1799.00
ORD000403,2025-09-28,C1941,Keyboard,1,1499.00
ORD000404,2025-04-19,C1922,Laptop Stand,5,1199.00
ORD000405,2025-05-19,C1047,Power Bank,1,1799.00
ORD000406,2025-10-06,C1577,Webcam,1,2499.00
ORD000407,2025-06-11,C1016,USB-C Cable,2,299.50
ORD000408,2025-12-31,C1840,USB-C Cable,4,299.50
ORD000409,2025-06-03,C1166,Keyboard,5,1499.00
ORD000410,2025-10-18,C1854,Laptop Stand,4,1199.00
ORD000411,2025-06-19,C1393,USB Hub,2,899.00
ORD000412,2025-09-14,C1763,Keyboard,3,1499.00
ORD000413,2025-02-20,C1447,Wireless Mouse,2,799.00
ORD000414,2025-06-24,C1619,Keyboard,5,1499.00
ORD000415,2025-06-17,C1030,Headphones,3,3299.00
ORD000416,2025-09-09,C1233,Power Bank,3,1799.00
ORD000417,2025-07-12,C1442,USB Hub,2,899.00
ORD000418,2025-02-13,C1790,Headphones,5,3299.00
ORD000419,2025-05-07,C1730,Webcam,1,2499.00
ORD000420,2025-05-18,C1157,Keyboard,4,1499.00
ORD000421,2025-07-19,C1324,USB-C Cable,3,299.50
ORD000422,2025-02-16,C1005,Keyboard,3,1499.00
ORD000423,2025-07-04,C1779,Power Bank,3,1799.00
ORD000424,2025-03-09,C1089,Keyboard,2,1499.00
ORD000425,2025-08-18,C1570,Headphones,5,3299.00
ORD000426,2025-07-28,C1105,USB Hub,1,899.00
ORD000427,2025-07-01,C1567,Keyboard,1,1499.00
ORD000428,2025-07-17,C1012,Monitor,3,12499.00
ORD000429,2025-07-18,C1797,Headphones,1,3299.00
ORD000430,2025-05-05,C1585,USB Hub,5,899.00
ORD000431,2025-12-17,C1389,USB-C Cable,2,299.50
ORD000432,2025-05-18,C1308,USB-C Cable,3,299.50
ORD000433,2025-03-16,C1064,Power Bank,2,1799.00
ORD000434,2025-05-22,C1431,Headphones,3,3299.00
ORD000435,2025-02-09,C1369,Power Bank,3,1799.00
ORD000436,2025-11-17,C1507,Laptop Stand,5,1199.00
ORD000437,2025-08-23,C1109,Laptop Stand,2,1199.00
ORD000438,2025-01-04,C1971,Webcam,4,2499.00
ORD000439,2025-11-14,C1389,Monitor,3,12499.00
ORD000440,2025-06-21,C1440,Power Bank,5,1799.00
ORD000441,2025-06-03,C1328,USB-C Cable,5,299.50
ORD000442,2025-09-03,C1321,Laptop Stand,2,1199.00
ORD000443,2025-06-13,C1298,Headphones,4,3299.00
ORD000444,2025-06-16,C1385,Laptop Stand,3,1199.00
ORD000445,2025-07-06,C1116,Headphones,5,3299.00
ORD000446,2025-10-31,C1558,Laptop Stand,2,1199.00
ORD000447,2025-01-14,C1975,USB Hub,4,899.00
ORD000448,2025-08-13,C1816,Laptop Stand,3,1199.00
ORD000449,2025-07-29,C1689,Keyboard,4,1499.00
ORD000450,2025-11-21,C1310,USB-C Cable,2,299.50
ORD000451,2025-12-04,C1157,Webcam,4,2499.00
ORD000452,2025-02-07,C1459,Headphones,5,3299.00
ORD000453,2025-10-26,C1410,Power Bank,5,1799.00
ORD000454,2025-12-21,C1428,USB Hub,5,899.00
ORD000455,2025-07-04,C1718,Wireless Mouse,5,799.00
ORD000456,2025-02-25,C1787,Keyboard,2,1499.00
ORD000457,2025-03-27,C1662,Monitor,5,12499.00
ORD000458,2025-10-16,C1660,Wireless Mouse,4,799.00
ORD000459,2025-08-09,C1108,Monitor,1,12499.00
ORD000460,2025-05-13,C1227,Keyboard,5,1499.00
ORD000461,2025-10-13,C1594,USB Hub,5,899.00
ORD000462,2025-08-17,C1383,Laptop Stand,4,1199.00
ORD000463,2025-12-14,C1602,Power Bank,5,1799.00
ORD000464,2025-06-26,C1025,USB-C Cable,4,299.50
ORD000465,2025-06-01,C1425,Keyboard,1,1499.00
ORD000466,2025-03-14,C1356,Keyboard,3,1499.00
ORD000467,2025-08-22,C1803,Monitor,2,12499.00
ORD000468,2025-09-05,C1356,USB Hub,4,899.00
ORD000469,2025-08-13,C1739,Keyboard,4,1499.00
ORD000470,2025-02-04,C1307,Monitor,1,12499.00
ORD000471,2025-01-12,C1869,Keyboard,3,1499.00
ORD000472,2025-12-13,C1819,Keyboard,2,1499.00
ORD000473,2025-09-22,C1178,Laptop Stand,5,1199.00
ORD000474,2025-06-19,C1573,USB-C Cable,4,299.50
ORD000475,2025-04-29,C1816,Power Bank,4,1799.00
ORD000476,2025-04-06,C1655,USB-C Cable,4,299.50
ORD000477,2025-01-15,C1755,Headphones,5,3299.00
ORD000478,2025-08-19,C1606,Laptop Stand,4,1199.00
ORD000479,2025-01-03,C1721,Headphones,2,3299.00
ORD000480,2025-05-23,C1770,Laptop Stand,1,1199.00
ORD000481,2025-10-02,C1191,Keyboard,3,1499.00
ORD000482,2025-04-11,C1468,Monitor,1,12499.00
ORD000483,2025-12-10,C1883,Webcam,4,2499.00
ORD000484,2025-11-24,C1320,USB Hub,5,899.00
ORD000485,2025-11-09,C1401,Headphones,5,3299.00
ORD000486,2025-06-28,C1360,Keyboard,4,1499.00
ORD000487,2025-12-11,C1722,USB-C Cable,3,299.50
ORD000488,2025-12-11,C1137,Keyboard,3,1499.00
ORD000489,2025-05-03,C1312,Keyboard,1,1499.00
ORD000490,2025-07-11,C1710,USB-C Cable,2,299.50
ORD000491,2025-07-18,C1428,USB Hub,5,899.00
ORD000492,2025-10-22,C1392,USB-C Cable,4,299.50
ORD000493,2025-09-07,C1650,USB-C Cable,5,299.50
ORD000494,2025-10-12,C1170,USB-C Cable,4,299.50
ORD000495,2025-03-13,C1191,Webcam,3,2499.00
ORD000496,2025-11-14,C1054,Power Bank,3,1799.00
ORD000497,2025-09-06,C1139,Wireless Mouse,2,799.00
ORD000498,2025-10-15,C1517,Headphones,4,3299.00
ORD000499,2025-12-17,C1503,Headphones,4,3299.00
ORD000500,2025-09-08,C1171,Power Bank,1,1799.00
ORD000501,2025-04-23,C1299,Wireless Mouse,1,799.00
ORD000502,2025-04-26,C1550,Webcam,3,2499.00
ORD000503,2025-08-23,C1579,USB-C Cable,4,299.50
ORD000504,2025-09-19,C1115,USB Hub,5,899.00
ORD000505,2025-05-18,C1793,Keyboard,5,1499.00
ORD000506,2025-10-05,C1842,Monitor,1,12499.00
ORD000507,2025-10-07,C1223,Power Bank,4,1799.00
ORD000508,2025-12-01,C1769,Keyboard,2,1499.00
ORD000509,2025-01-17,C1460,Webcam,3,2499.00
ORD000510,2025-02-14,C1449,Monitor,1,12499.00
ORD000511,2025-04-18,C1830,Laptop Stand,5,1199.00
ORD000512,2025-12-30,C1624,Monitor,4,12499.00
ORD000513,2025-11-12,C1142,USB-C Cable,2,299.50
ORD000514,2025-01-31,C1583,Laptop Stand,3,1199.00
ORD000515,2025-05-24,C1611,USB Hub,5,899.00
ORD000516,2025-06-15,C1720,USB-C Cable,3,299.50
ORD000517,2025-10-21,C1273,Webcam,5,2499.00
ORD000518,2025-03-11,C1985,Keyboard,4,1499.00
ORD000519,2025-05-22,C1887,Wireless Mouse,2,799.00
ORD000520,2025-05-08,C1149,USB-C Cable,3,299.50
ORD000521,2025-12-13,C1402,Laptop Stand,4,1199.00
ORD000522,2025-10-23,C1647,USB-C Cable,3,299.50
ORD000523,2025-07-12,C1462,Headphones,1,3299.00
ORD000524,2025-07-26,C1527,Keyboard,3,1499.00
ORD000525,2025-08-21,C1973,Monitor,4,12499.00
ORD000526,2025-10-25,C1002,Monitor,1,12499.00
ORD000527,2025-11-22,C1680,Power Bank,3,1799.00
ORD000528,2025-10-01,C1407,Keyboard,2,1499.00
ORD000529,2025-04-19,C1506,Headphones,3,3299.00
ORD000530,2025-05-26,C1345,Monitor,5,12499.00
ORD000531,2025-10-17,C1872,USB-C Cable,4,299.50
ORD000532,2025-12-16,C1780,Monitor,1,12499.00
ORD000533,2025-02-20,C1641,Wireless Mouse,4,799.00
ORD000534,2025-03-05,C1951,Wireless Mouse,2,799.00
ORD000535,2025-08-22,C1000,Power Bank,4,1799.00
ORD000536,2025-12-19,C1931,Laptop Stand,2,1199.00
ORD000537,2025-03-23,C1895,Webcam,3,2499.00
ORD000538,2025-12-02,C1369,Keyboard,3,1499.00
ORD000539,2025-07-10,C1680,Keyboard,2,1499.00
ORD000540,2025-07-22,C1640,Wireless Mouse,3,799.00
ORD000541,2025-08-08,C1671,Laptop Stand,1,1199.00
ORD000542,2025-01-01,C1218,Keyboard,4,1499.00
ORD000543,2025-03-09,C1607,Keyboard,2,1499.00
ORD000544,2025-12-15,C1455,USB Hub,1,899.00
ORD000545,2025-12-23,C1351,Wireless Mouse,1,799.00
ORD000546,2025-12-22,C1135,Headphones,4,3299.00
ORD000547,2025-04-28,C1392,Keyboard,1,1499.00
ORD000548,2025-02-22,C1320,Keyboard,3,1499.00
ORD000549,2025-03-12,C1391,Webcam,2,2499.00
ORD000550,2025-02-05,C1543,USB-C Cable,5,299.50
ORD000551,2025-11-09,C1665,Wireless Mouse,2,799.00
ORD000552,2025-06-29,C1739,Power Bank,2,1799.00
ORD000553,2025-07-30,C1630,USB-C Cable,4,299.50
ORD000554,2025-02-14,C1918,Laptop Stand,1,1199.00
ORD000555,2025-03-05,C1603,USB-C Cable,4,299.50
ORD000556,2025-08-08,C1322,Monitor,2,12499.00
ORD000557,2025-05-22,C1660,Laptop Stand,1,1199.00
ORD000558,2025-10-11,C1615,Laptop Stand,5,1199.00
ORD000559,2025-12-20,C1027,Webcam,3,2499.00
ORD000560,2025-09-23,C1621,Laptop Stand,5,1199.00
ORD000561,2025-07-20,C1302,Laptop Stand,1,1199.00
ORD000562,2025-09-11,C1395,Laptop Stand,1,1199.00
ORD000563,2025-09-13,C1653,Laptop Stand,5,1199.00
ORD000564,2025-09-28,C1910,Keyboard,1,1499.00
ORD000565,2025-06-12,C1135,Monitor,4,12499.00
ORD000566,2025-07-07,C1559,Headphones,2,3299.00
ORD000567,2025-02-07,C1017,Power Bank,5,1799.00
ORD000568,2025-01-08,C1268,Keyboard,2,1499.00
ORD000569,2025-01-31,C1971,Wireless Mouse,4,799.00
ORD000570,2025-05-27,C1643,USB Hub,5,899.00
ORD000571,2025-08-05,C1718,Headphones,4,3299.00
ORD000572,2025-11-24,C1549,Keyboard,5,1499.00
ORD000573,2025-05-23,C1085,USB-C Cable,3,299.50
ORD000574,2025-09-19,C1943,Keyboard,2,1499.00
ORD000575,2025-10-02,C1334,USB-C Cable,4,299.50
ORD000576,2025-06-08,C1715,Keyboard,4,1499.00
ORD000577,2025-01-30,C1250,Laptop Stand,1,1199.00
ORD000578,2025-03-01,C1464,Headphones,5,3299.00
ORD000579,2025-06-08,C1682,Wireless Mouse,2,799.00
ORD000580,2025-01-07,C1724,Keyboard,2,1499.00
ORD000581,2025-03-25,C1508,Wireless Mouse,3,799.00
ORD000582,2025-09-22,C1801,USB Hub,3,899.00
ORD000583,2025-07-10,C1129,USB-C Cable,3,299.50
ORD000584,2025-01-16,C1343,Keyboard,4,1499.00
ORD000585,2025-09-26,C1065,Webcam,3,2499.00
ORD000586,2025-09-12,C1466,Keyboard,5,1499.00
ORD000587,2025-01-29,C1511,Monitor,5,12499.00
ORD000588,2025-07-08,C1161,USB-C Cable,3,299.50
ORD000589,2025-10-21,C1690,Keyboard,1,1499.00
ORD000590,2025-09-18,C1002,Laptop Stand,1,1199.00
ORD000591,2025-05-06,C1047,Wireless Mouse,4,799.00
ORD000592,2025-07-16,C1942,Monitor,2,12499.00
ORD000593,2025-01-19,C1566,USB-C Cable,4,299.50
ORD000594,2025-06-14,C1254,Laptop Stand,4,1199.00
ORD000595,2025-05-19,C1845,Monitor,1,12499.00
ORD000596,2025-03-03,C1514,Monitor,1,12499.00
ORD000597,2025-04-25,C1823,USB-C Cable,5,299.50
ORD000598,2025-07-25,C1070,Wireless Mouse,4,799.00
ORD000599,2025-06-09,C1335,Webcam,1,2499.00
ORD000600,2025-08-22,C1008,USB Hub,3,899.00
ORD000601,2025-05-30,C1577,Laptop Stand,3,1199.00
ORD000602,2025-08-26,C1377,Laptop Stand,5,1199.00
ORD000603,2025-04-11,C1750,Power Bank,5,1799.00
ORD000604,2025-03-19,C1006,Laptop Stand,4,1199.00
ORD000605,2025-04-30,C1554,Wireless Mouse,3,799.00
ORD000606,2025-06-21,C1001,Wireless Mouse,4,799.00
ORD000607,2025-02-23,C1210,Webcam,5,2499.00
ORD000608,2025-08-03,C1503,Laptop Stand,1,1199.00
ORD000609,2025-12-31,C1286,USB-C Cable,1,299.50
ORD000610,2025-04-29,C1918,Wireless Mouse,5,799.00
ORD000611,2025-12-25,C1917,Headphones,3,3299.00
ORD000612,2025-02-13,C1594,Power Bank,1,1799.00
ORD000613,2025-03-10,C1652,USB Hub,4,899.00
ORD000614,2025-10-31,C1581,Keyboard,1,1499.00
ORD000615,2025-12-06,C1987,Headphones,2,3299.00
ORD000616,2025-05-30,C1267,Laptop Stand,3,1199.00
ORD000617,2025-12-25,C1851,Headphones,3,3299.00
ORD000618,2025-08-20,C1278,Monitor,2,12499.00
ORD000619,2025-04-14,C1139,Keyboard,5,1499.00
ORD000620,2025-03-21,C1108,Keyboard,2,1499.00
ORD000621,2025-08-27,C1321,Power Bank,4,1799.00
ORD000622,2025-10-02,C1366,Keyboard,2,1499.00
ORD000623,2025-06-07,C1474,Power Bank,3,1799.00
ORD000624,2025-02-16,C1161,Keyboard,3,1499.00
ORD000625,2025-04-21,C1855,Wireless Mouse,3,799.00
ORD000626,2025-02-16,C1728,USB-C Cable,2,299.50
ORD000627,2025-07-22,C1525,Monitor,1,12499.00
ORD000628,2025-05-14,C1839,Webcam,2,2499.00
ORD000629,2025-07-27,C1875,Wireless Mouse,4,799.00
ORD000630,2025-10-09,C1255,USB Hub,1,899.00
ORD000631,2025-02-22,C1823,Power Bank,2,1799.00
ORD000632,2025-01-07,C1063,Keyboard,2,1499.00
ORD000633,2025-04-12,C1843,USB-C Cable,4,299.50
ORD000634,2025-12-18,C1645,Monitor,1,12499.00
ORD000635,2025-02-08,C1022,Webcam,1,2499.00
ORD000636,2025-11-27,C1454,Laptop Stand,2,1199.00
ORD000637,2025-06-19,C1125,Keyboard,1,1499.00
ORD000638,2025-01-26,C1172,Power Bank,5,1799.00
ORD000639,2025-07-22,C1508,Headphones,1,3299.00
ORD000640,2025-12-16,C1436,Headphones,2,3299.00
ORD000641,2025-04-20,C1930,Monitor,2,12499.00
ORD000642,2025-05-24,C1456,Webcam,2,2499.00
ORD000643,2025-11-11,C1634,Wireless Mouse,5,799.00
ORD000644,2025-11-28,C1302,Laptop Stand,4,1199.00
ORD000645,2025-10-09,C1490,Headphones,1,3299.00
ORD000646,2025-05-24,C1392,Keyboard,2,1499.00
ORD000647,2025-04-13,C1658,Headphones,5,3299.00
ORD000648,2025-11-19,C1821,Laptop Stand,5,1199.00
ORD000649,2025-07-15,C1800,Wireless Mouse,3,799.00
ORD000650,2025-10-06,C1800,Power Bank,4,1799.00
ORD000651,2025-10-17,C1514,Monitor,3,12499.00
ORD000652,2025-05-19,C1184,Headphones,1,3299.00
ORD000653,2025-11-02,C1224,Monitor,1,12499.00
ORD000654,2025-01-30,C1828,Webcam,4,2499.00
ORD000655,2025-07-03,C1785,USB Hub,5,899.00
ORD000656,2025-03-23,C1102,Laptop Stand,2,1199.00
ORD000657,2025-05-17,C1546,Laptop Stand,1,1199.00
ORD000658,2025-10-22,C1866,Laptop Stand,4,1199.00
ORD000659,2025-03-30,C1180,Monitor,2,12499.00
ORD000660,2025-12-24,C1367,Monitor,5,12499.00
ORD000661,2025-12-27,C1717,Wireless Mouse,3,799.00
ORD000662,2025-10-16,C1971,USB-C Cable,2,299.50
ORD000663,2025-10-05,C1316,Power Bank,2,1799.00
ORD000664,2025-01-20,C1092,Power Bank,1,1799.00
ORD000665,2025-11-05,C1224,Laptop Stand,1,1199.00
ORD000666,2025-09-02,C1000,USB Hub,3,899.00
ORD000667,2025-03-08,C1348,Laptop Stand,2,1199.00
ORD000668,2025-01-31,C1022,Monitor,2,12499.00
ORD000669,2025-02-26,C1866,USB-C Cable,5,299.50
ORD000670,2025-02-07,C1382,Monitor,4,12499.00
ORD000671,2025-06-22,C1309,Keyboard,3,1499.00
ORD000672,2025-03-22,C1749,USB-C Cable,4,299.50
ORD000673,2025-11-29,C1324,Power Bank,2,1799.00
ORD000674,2025-12-22,C1910,USB Hub,5,899.00
ORD000675,2025-04-25,C1681,Monitor,5,12499.00
ORD000676,2025-07-13,C1314,USB-C Cable,3,299.50
ORD000677,2025-04-01,C1746,USB-C Cable,1,299.50
ORD000678,2025-10-18,C1033,Headphones,2,3299.00
ORD000679,2025-11-10,C1226,Monitor,5,12499.00
ORD000680,2025-09-12,C1144,Keyboard,3,1499.00
ORD000681,2025-05-02,C1355,Keyboard,3,1499.00
ORD000682,2025-11-22,C1906,USB-C Cable,1,299.50
ORD000683,2025-08-17,C1011,Monitor,3,12499.00
ORD000684,2025-05-08,C1709,Laptop Stand,1,1199.00
ORD000685,2025-05-12,C1805,Monitor,1,12499.00
ORD000686,2025-01-25,C1395,Wireless Mouse,4,799.00
ORD000687,2025-03-27,C1905,Headphones,4,3299.00
ORD000688,2025-07-13,C1359,Power Bank,5,1799.00
ORD000689,2025-02-21,C1848,Headphones,4,3299.00
ORD000690,2025-03-25,C1462,Laptop Stand,1,1199.00
ORD000691,2025-05-31,C1020,Wireless Mouse,3,799.00
ORD000692,2025-02-23,C1075,Webcam,3,2499.00
ORD000693,2025-07-12,C1164,USB-C Cable,1,299.50
ORD000694,2025-02-17,C1346,USB Hub,5,899.00
ORD000695,2025-12-27,C1031,Power Bank,4,1799.00
ORD000696,2025-11-07,C1911,USB-C Cable,4,299.50
ORD000697,2025-01-28,C1103,USB-C Cable,3,299.50
ORD000698,2025-04-08,C1419,Laptop Stand,5,1199.00
ORD000699,2025-05-16,C1676,USB Hub,3,899.00
ORD000700,2025-05-02,C1098,Webcam,1,2499.00
ORD000701,2025-10-20,C1562,Headphones,4,3299.00
ORD000702,2025-01-28,C1369,USB-C Cable,1,299.50
ORD000703,2025-02-14,C1301,Headphones,5,3299.00
ORD000704,2025-04-13,C1099,Power Bank,1,1799.00
ORD000705,2025-03-29,C1653,Laptop Stand,3,1199.00
ORD000706,2025-08-31,C1864,Keyboard,1,1499.00
ORD000707,2025-07-23,C1482,Webcam,4,2499.00
ORD000708,2025-02-16,C1657,Webcam,5,2499.00
ORD000709,2025-04-05,C1379,Headphones,4,3299.00
ORD000710,2025-04-06,C1456,Monitor,1,12499.00
ORD000711,2025-08-14,C1476,Webcam,3,2499.00
ORD000712,2025-05-18,C1577,Laptop Stand,1,1199.00
ORD000713,2025-12-23,C1683,USB-C Cable,1,299.50
ORD000714,2025-12-09,C1352,Keyboard,5,1499.00
ORD000715,2025-10-29,C1232,Headphones,5,3299.00
ORD000716,2025-07-18,C1838,Wireless Mouse,5,799.00
ORD000717,2025-10-02,C1703,Headphones,4,3299.00
ORD000718,2025-09-01,C1306,Laptop Stand,1,1199.00
ORD000719,2025-01-18,C1514,Headphones,5,3299.00
ORD000720,2025-10-20,C1693,USB Hub,5,899.00
ORD000721,2025-03-03,C1972,USB-C Cable,4,299.50
ORD000722,2025-03-27,C1995,USB-C Cable,2,299.50
ORD000723,2025-03-06,C1043,Laptop Stand,4,1199.00
ORD000724,2025-12-16,C1445,Keyboard,2,1499.00
ORD000725,2025-11-01,C1264,USB-C Cable,3,299.50
ORD000726,2025-02-14,C1397,Keyboard,5,1499.00
ORD000727,2025-10-10,C1333,Headphones,3,3299.00
ORD000728,2025-08-23,C1939,USB Hub,1,899.00
ORD000729,2025-08-03,C1115,USB Hub,4,899.00
ORD000730,2025-03-17,C1580,USB-C Cable,5,299.50
ORD000731,2025-02-24,C1576,Keyboard,1,1499.00
ORD000732,2025-10-02,C1901,Webcam,3,2499.00
ORD000733,2025-05-16,C1392,Headphones,4,3299.00
ORD000734,2025-01-20,C1176,Power Bank,3,1799.00
ORD000735,2025-03-15,C1633,Headphones,5,3299.00
ORD000736,2025-01-20,C1405,Headphones,3,3299.00
ORD000737,2025-01-26,C1763,Laptop Stand,4,1199.00
ORD000738,2025-07-10,C1020,Webcam,3,2499.00
ORD000739,2025-06-09,C1287,Webcam,4,2499.00
ORD000740,2025-04-27,C1137,Keyboard,3,1499.00
ORD000741,2025-06-14,C1275,Power Bank,4,1799.00
ORD000742,2025-04-07,C1452,Keyboard,2,1499.00
ORD000743,2025-09-06,C1777,Headphones,5,3299.00
ORD000744,2025-01-29,C1527,Monitor,2,12499.00
ORD000745,2025-06-09,C1726,Keyboard,5,1499.00
ORD000746,2025-03-11,C1799,Headphones,5,3299.00
ORD000747,2025-03-30,C1197,Wireless Mouse,2,799.00
ORD000748,2025-05-08,C1033,Wireless Mouse,4,799.00
ORD000749,2025-07-04,C1721,Wireless Mouse,2,799.00
ORD000750,2025-07-08,C1843,Webcam,4,2499.00
ORD000751,2025-07-23,C1650,USB Hub,1,899.00
ORD000752,2025-05-04,C1381,Wireless Mouse,4,799.00
ORD000753,2025-04-01,C1983,Power Bank,4,1799.00
ORD000754,2025-06-29,C1352,USB Hub,2,899.00
ORD000755,2025-12-19,C1092,Webcam,3,2499.00
ORD000756,2025-07-17,C1050,Wireless Mouse,2,799.00
ORD000757,2025-04-24,C1662,Laptop Stand,2,1199.00
ORD000758,2025-05-18,C1667,Laptop Stand,4,1199.00
ORD000759,2025-01-11,C1885,USB Hub,1,899.00
ORD000760,2025-03-09,C1662,Power Bank,2,1799.00
ORD000761,2025-04-25,C1258,Wireless Mouse,5,799.00
ORD000762,2025-12-31,C1990,Webcam,3,2499.00
ORD000763,2025-07-12,C1872,Headphones,3,3299.00
ORD000764,2025-05-10,C1223,Power Bank,4,1799.00
ORD000765,2025-12-13,C1533,Webcam,5,2499.00
ORD000766,2025-10-27,C1104,Headphones,1,3299.00
ORD000767,2025-12-06,C1989,USB Hub,3,899.00
ORD000768,2025-11-28,C1608,USB Hub,5,899.00
ORD000769,2025-06-02,C1700,Webcam,1,2499.00
ORD000770,2025-02-02,C1344,Power Bank,3,1799.00
ORD000771,2025-05-22,C1267,Monitor,3,12499.00
ORD000772,2025-03-18,C1529,Laptop Stand,2,1199.00
ORD000773,2025-11-04,C1413,Wireless Mouse,3,799.00
ORD000774,2025-01-14,C1671,USB-C Cable,4,299.50
ORD000775,2025-05-13,C1928,Webcam,4,2499.00
ORD000776,2025-07-18,C1754,Headphones,1,3299.00
ORD000777,2025-06-25,C1743,Laptop Stand,2,1199.00
ORD000778,2025-11-23,C1803,USB Hub,4,899.00
ORD000779,2025-09-17,C1307,Monitor,2,12499.00
ORD000780,2025-04-03,C1300,USB Hub,1,899.00
ORD000781,2025-03-07,C1758,Power Bank,3,1799.00
ORD000782,2025-04-04,C1969,USB Hub,3,899.00
ORD000783,2025-04-24,C1363,Keyboard,2,1499.00
ORD000784,2025-08-04,C1807,Webcam,3,2499.00
ORD000785,2025-05-14,C1599,Monitor,3,12499.00
ORD000786,2025-03-02,C1481,Power Bank,1,1799.00
ORD000787,2025-08-30,C1910,Keyboard,2,1499.00
ORD000788,2025-03-03,C1888,USB Hub,4,899.00
ORD000789,2025-06-02,C1423,USB Hub,1,899.00
ORD000790,2025-03-12,C1205,USB-C Cable,3,299.50
ORD000791,2025-10-19,C1914,Headphones,4,3299.00
ORD000792,2025-06-11,C1883,USB-C Cable,2,299.50
ORD000793,2025-09-07,C1340,Keyboard,2,1499.00
ORD000794,2025-11-21,C1059,Monitor,1,12499.00
ORD000795,2025-05-21,C1214,Power Bank,2,1799.00
ORD000796,2025-09-08,C1804,USB-C Cable,1,299.50
ORD000797,2025-11-11,C1444,USB-C Cable,4,299.50
ORD000798,2025-08-08,C1988,Headphones,4,3299.00
ORD000799,2025-01-03,C1038,Headphones,5,3299.00
ORD000800,2025-07-11,C1972,Laptop Stand,1,1199.00
ORD000801,2025-09-29,C1195,Monitor,1,12499.00
ORD000802,2025-11-17,C1751,Wireless Mouse,2,799.00
ORD000803,2025-12-22,C1898,Laptop Stand,3,1199.00
ORD000804,2025-03-08,C1105,Webcam,4,2499.00
ORD000805,2025-10-29,C1313,USB Hub,2,899.00
ORD000806,2025-01-24,C1305,Keyboard,3,1499.00
ORD000807,2025-09-24,C1610,Power Bank,5,1799.00
ORD000808,2025-08-11,C1909,Monitor,2,12499.00
ORD000809,2025-09-08,C1367,Monitor,2,12499.00
ORD000810,2025-07-26,C1019,USB-C Cable,2,299.50
ORD000811,2025-03-09,C1216,Laptop Stand,1,1199.00
ORD000812,2025-03-28,C1126,USB Hub,3,899.00
ORD000813,2025-07-12,C1897,Wireless Mouse,3,799.00
ORD000814,2025-11-16,C1049,USB Hub,5,899.00
ORD000815,2025-12-05,C1110,Wireless Mouse,1,799.00
ORD000816,2025-12-20,C1118,Wireless Mouse,4,799.00
ORD000817,2025-07-14,C1126,Power Bank,5,1799.00
ORD000818,2025-08-31,C1718,Webcam,2,2499.00
ORD000819,2025-12-22,C1702,Laptop Stand,1,1199.00
ORD000820,2025-08-04,C1677,Webcam,1,2499.00
ORD000821,2025-05-19,C1637,USB Hub,5,899.00
ORD000822,2025-08-03,C1850,USB-C Cable,1,299.50
ORD000823,2025-11-13,C1120,USB Hub,3,899.00
ORD000824,2025-02-24,C1509,Keyboard,2,1499.00
ORD000825,2025-05-15,C1851,Laptop Stand,5,1199.00
ORD000826,2025-07-03,C1720,Laptop Stand,4,1199.00
ORD000827,2025-03-24,C1040,Webcam,5,2499.00
ORD000828,2025-04-17,C1704,Power Bank,4,1799.00
ORD000829,2025-05-01,C1002,Monitor,1,12499.00
ORD000830,2025-02-26,C1855,Keyboard,5,1499.00
ORD000831,2025-03-18,C1972,Power Bank,1,1799.00
ORD000832,2025-02-08,C1740,USB Hub,1,899.00
ORD000833,2025-11-26,C1236,Webcam,4,2499.00
ORD000834,2025-05-16,C1475,Webcam,1,2499.00
ORD000835,2025-03-31,C1895,Keyboard,1,1499.00
ORD000836,2025-07-04,C1820,Webcam,3,2499.00
ORD000837,2025-03-01,C1097,Headphones,1,3299.00
ORD000838,2025-03-12,C1679,Wireless Mouse,2,799.00
ORD000839,2025-07-03,C1915,Monitor,4,12499.00
ORD000840,2025-02-17,C1381,Webcam,3,2499.00
ORD000841,2025-02-28,C1410,USB-C Cable,4,299.50
ORD000842,2025-05-20,C1855,Power Bank,4,1799.00
ORD000843,2025-08-04,C1664,Power Bank,2,1799.00
ORD000844,2025-03-09,C1712,Keyboard,1,1499.00
ORD000845,2025-02-23,C1426,USB-C Cable,5,299.50
ORD000846,2025-10-19,C1694,Power Bank,4,1799.00
ORD000847,2025-11-09,C1388,USB-C Cable,3,299.50
ORD000848,2025-12-17,C1901,Wireless Mouse,2,799.00
ORD000849,2025-09-07,C1115,Power Bank,4,1799.00
ORD000850,2025-01-24,C1064,Power Bank,3,1799.00
ORD000851,2025-01-07,C1721,Monitor,5,12499.00
ORD000852,2025-12-09,C1894,Laptop Stand,3,1199.00
ORD000853,2025-09-25,C1704,USB Hub,5,899.00
ORD000854,2025-08-10,C1677,Keyboard,2,1499.00
ORD000855,2025-06-27,C1679,Power Bank,4,1799.00
ORD000856,2025-10-13,C1913,USB-C Cable,5,299.50
ORD000857,2025-01-06,C1658,Wireless Mouse,2,799.00
ORD000858,2025-08-29,C1872,USB Hub,4,899.00
ORD000859,2025-02-08,C1769,USB-C Cable,4,299.50
ORD000860,2025-05-04,C1338,Monitor,3,12499.00
ORD000861,2025-09-17,C1228,Wireless Mouse,5,799.00
ORD000862,2025-07-26,C1836,Headphones,2,3299.00
ORD000863,2025-08-24,C1454,Keyboard,5,1499.00
ORD000864,2025-02-15,C1877,Power Bank,4,1799.00
ORD000865,2025-06-11,C1121,Power Bank,4,1799.00
ORD000866,2025-02-22,C1413,Wireless Mouse,4,799.00
ORD000867,2025-10-13,C1562,Wireless Mouse,1,799.00
ORD000868,2025-11-06,C1986,Keyboard,5,1499.00
ORD000869,2025-09-18,C1575,Webcam,2,2499.00
ORD000870,2025-06-24,C1372,Power Bank,1,1799.00
ORD000871,2025-08-21,C1339,Laptop Stand,5,1199.00
ORD000872,2025-12-03,C1372,Power Bank,4,1799.00
ORD000873,2025-02-19,C1777,Keyboard,2,1499.00
ORD000874,2025-06-24,C1363,Wireless Mouse,3,799.00
ORD000875,2025-09-25,C1382,USB Hub,1,899.00
ORD000876,2025-03-26,C1504,Wireless Mouse,2,799.00
ORD000877,2025-02-24,C1260,Headphones,5,3299.00
ORD000878,2025-04-07,C1123,Laptop Stand,4,1199.00
ORD000879,2025-08-23,C1844,Laptop Stand,2,1199.00
ORD000880,2025-02-25,C1775,Monitor,4,12499.00
ORD000881,2025-11-21,C1857,Wireless Mouse,5,799.00
ORD000882,2025-08-19,C1468,Keyboard,5,1499.00
ORD000883,2025-03-10,C1986,USB Hub,4,899.00
ORD000884,2025-09-29,C1753,Wireless Mouse,1,799.00
ORD000885,2025-08-10,C1858,USB Hub,5,899.00
ORD000886,2025-09-18,C1799,Power Bank,2,1799.00
ORD000887,2025-03-07,C1106,USB-C Cable,4,299.50
ORD000888,2025-09-16,C1902,Monitor,4,12499.00
ORD000889,2025-11-08,C1937,Headphones,2,3299.00
ORD000890,2025-07-23,C1986,Webcam,3,2499.00
ORD000891,2025-08-20,C1824,Webcam,2,2499.00
ORD000892,2025-07-31,C1616,USB-C Cable,5,299.50
ORD000893,2025-12-26,C1560,Webcam,3,2499.00
ORD000894,2025-11-20,C1222,USB Hub,2,899.00
ORD000895,2025-11-16,C1731,Laptop Stand,3,1199.00
ORD000896,2025-12-11,C1135,Monitor,2,12499.00
ORD000897,2025-10-05,C1710,USB Hub,3,899.00
ORD000898,2025-06-30,C1575,Keyboard,4,1499.00
ORD000899,2025-12-12,C1765,Headphones,5,3299.00
ORD000900,2025-08-05,C1827,Webcam,1,2499.00
ORD000901,2025-02-24,C1025,USB Hub,4,899.00
ORD000902,2025-01-28,C1686,USB-C Cable,1,299.50
ORD000903,2025-05-17,C1768,Laptop Stand,2,1199.00
ORD000904,2025-12-16,C1256,Webcam,2,2499.00
ORD000905,2025-12-20,C1803,Wireless Mouse,3,799.00
ORD000906,2025-10-05,C1033,Laptop Stand,3,1199.00
ORD000907,2025-02-22,C1630,Power Bank,5,1799.00
ORD000908,2025-11-28,C1574,Laptop Stand,4,1199.00
ORD000909,2025-09-19,C1803,Laptop Stand,3,1199.00
ORD000910,2025-07-15,C1396,Wireless Mouse,4,799.00
ORD000911,2025-10-10,C1055,Monitor,1,12499.00
ORD000912,2025-04-14,C1635,Webcam,4,2499.00
ORD000913,2025-11-21,C1721,Laptop Stand,3,1199.00
ORD000914,2025-11-05,C1201,USB Hub,2,899.00
ORD000915,2025-08-18,C1181,Webcam,1,2499.00
ORD000916,2025-03-30,C1752,USB-C Cable,5,299.50
ORD000917,2025-07-13,C1041,Keyboard,4,1499.00
ORD000918,2025-10-12,C1270,Webcam,2,2499.00
ORD000919,2025-10-27,C1866,USB-C Cable,3,299.50
ORD000920,2025-06-19,C1477,Wireless Mouse,2,799.00
ORD000921,2025-03-20,C1950,Wireless Mouse,3,799.00
ORD000922,2025-11-17,C1630,Wireless Mouse,3,799.00
ORD000923,2025-10-21,C1563,Power Bank,3,1799.00
ORD000924,2025-12-29,C1325,Keyboard,5,1499.00
ORD000925,2025-04-05,C1533,Laptop Stand,1,1199.00
ORD000926,2025-03-23,C1425,USB Hub,5,899.00
ORD000927,2025-07-26,C1094,USB Hub,3,899.00
ORD000928,2025-04-20,C1679,Laptop Stand,3,1199.00
ORD000929,2025-07-04,C1300,Monitor,2,12499.00
ORD000930,2025-09-01,C1574,USB Hub,1,899.00
ORD000931,2025-12-09,C1354,Keyboard,4,1499.00
ORD000932,2025-11-25,C1628,Laptop Stand,5,1199.00
ORD000933,2025-01-21,C1698,Laptop Stand,3,1199.00
ORD000934,2025-02-28,C1395,Headphones,3,3299.00
ORD000935,2025-05-25,C1025,USB Hub,5,899.00
ORD000936,2025-09-21,C1822,Monitor,5,12499.00
ORD000937,2025-09-07,C1044,Power Bank,3,1799.00
ORD000938,2025-06-14,C1526,Laptop Stand,1,1199.00
ORD000939,2025-03-27,C1994,Keyboard,5,1499.00
ORD000940,2025-01-04,C1641,USB Hub,1,899.00
ORD000941,2025-12-10,C1644,Laptop Stand,2,1199.00
ORD000942,2025-02-23,C1210,Headphones,5,3299.00
ORD000943,2025-11-28,C1836,Headphones,1,3299.00
ORD000944,2025-01-13,C1470,USB-C Cable,3,299.50
ORD000945,2025-02-14,C1075,Wireless Mouse,1,799.00
ORD000946,2025-05-09,C1571,USB-C Cable,1,299.50
ORD000947,2025-05-13,C1417,Laptop Stand,4,1199.00
ORD000948,2025-11-19,C1414,Power Bank,4,1799.00
ORD000949,2025-01-09,C1398,Monitor,1,12499.00
ORD000950,2025-01-04,C1656,USB Hub,5,899.00
ORD000951,2025-10-27,C1046,Keyboard,1,1499.00
ORD000952,2025-09-15,C1108,Monitor,3,12499.00
ORD000953,2025-11-07,C1088,Webcam,3,2499.00
ORD000954,2025-07-15,C1404,Power Bank,1,1799.00
ORD000955,2025-03-22,C1546,Power Bank,2,1799.00
ORD000956,2025-07-20,C1815,USB-C Cable,5,299.50
ORD000957,2025-11-21,C1147,Webcam,3,2499.00
ORD000958,2025-01-06,C1566,Monitor,5,12499.00
ORD000959,2025-03-05,C1042,USB-C Cable,1,299.50
ORD000960,2025-10-03,C1560,Headphones,1,3299.00
ORD000961,2025-04-18,C1766,Webcam,3,2499.00
ORD000962,2025-07-31,C1927,Laptop Stand,5,1199.00
ORD000963,2025-03-24,C1188,USB-C Cable,2,299.50
ORD000964,2025-04-10,C1117,Webcam,2,2499.00
ORD000965,2025-10-09,C1472,Wireless Mouse,5,799.00
ORD000966,2025-05-29,C1687,Keyboard,1,1499.00
ORD000967,2025-02-20,C1202,Webcam,5,2499.00
ORD000968,2025-06-19,C1365,Power Bank,2,1799.00
ORD000969,2025-02-21,C1291,Laptop Stand,5,1199.00
ORD000970,2025-04-10,C1325,Keyboard,4,1499.00
ORD000971,2025-06-18,C1631,Power Bank,3,1799.00
ORD000972,2025-10-17,C1580,USB-C Cable,3,299.50
ORD000973,2025-08-08,C1172,Monitor,1,12499.00
ORD000974,2025-05-07,C1804,Monitor,2,12499.00
ORD000975,2025-05-22,C1860,Headphones,3,3299.00
ORD000976,2025-12-14,C1750,USB-C Cable,3,299.50
ORD000977,2025-08-25,C1456,Power Bank,3,1799.00
ORD000978,2025-09-07,C1564,Webcam,1,2499.00
ORD000979,2025-11-27,C1621,USB-C Cable,1,299.50
ORD000980,2025-03-13,C1912,Webcam,5,2499.00
ORD000981,2025-05-15,C1751,Laptop Stand,1,1199.00
ORD000982,2025-01-10,C1869,Keyboard,5,1499.00
ORD000983,2025-10-25,C1592,Wireless Mouse,4,799.00
ORD000984,2025-01-19,C1564,Laptop Stand,3,1199.00
ORD000985,2025-10-04,C1483,USB Hub,2,899.00
ORD000986,2025-07-20,C1228,Monitor,5,12499.00
ORD000987,2025-03-10,C1475,Webcam,5,2499.00
ORD000988,2025-02-16,C1406,USB Hub,3,899.00
ORD000989,2025-01-06,C1678,USB Hub,2,899.00
ORD000990,2025-09-21,C1143,USB-C Cable,4,299.50
ORD000991,2025-04-02,C1579,USB-C Cable,5,299.50
ORD000992,2025-09-05,C1961,USB-C Cable,3,299.50
ORD000993,2025-04-23,C1779,Wireless Mouse,4,799.00
ORD000994,2025-02-02,C1270,Laptop Stand,3,1199.00
ORD000995,2025-01-22,C1684,Laptop Stand,2,1199.00
ORD000996,2025-07-04,C1397,USB Hub,4,899.00
ORD000997,2025-01-24,C1040,Power Bank,3,1799.00
ORD000998,2025-12-27,C1991,Keyboard,5,1499.00
ORD000999,2025-05-15,C1592,Webcam,5,2499.00
ORD001000,2025-07-12,C1669,USB-C Cable,4,299.50
ORD001001,2025-10-28,C1669,Monitor,1,12499.00
ORD001002,2025-05-09,C1385,USB Hub,2,899.00
ORD001003,2025-07-27,C1361,USB Hub,3,899.00
ORD001004,2025-09-04,C1908,Power Bank,5,1799.00
ORD001005,2025-09-14,C1903,Wireless Mouse,2,799.00
ORD001006,2025-03-26,C1235,Power Bank,1,1799.00
ORD001007,2025-11-26,C1287,USB Hub,2,899.00
ORD001008,2025-04-06,C1161,USB-C Cable,3,299.50
ORD001009,2025-12-05,C1235,Keyboard,4,1499.00
ORD001010,2025-02-28,C1493,Monitor,4,12499.00
ORD001011,2025-04-18,C1604,Power Bank,2,1799.00
ORD001012,2025-01-12,C1249,Headphones,1,3299.00
ORD001013,2025-10-21,C1606,USB-C Cable,2,299.50
ORD001014,2025-11-19,C1524,USB-C Cable,1,299.50
ORD001015,2025-01-29,C1170,USB-C Cable,3,299.50
ORD001016,2025-09-22,C1981,USB-C Cable,4,299.50
ORD001017,2025-12-05,C1841,Wireless Mouse,3,799.00
ORD001018,2025-04-21,C1459,Keyboard,5,1499.00
ORD001019,2025-09-04,C1174,Power Bank,2,1799.00
ORD001020,2025-11-04,C1146,Headphones,5,3299.00
ORD001021,2025-11-16,C1675,USB-C Cable,5,299.50
ORD001022,2025-03-27,C1741,Webcam,3,2499.00
ORD001023,2025-11-02,C1604,Power Bank,1,1799.00
ORD001024,2025-07-13,C1394,Laptop Stand,2,1199.00
ORD001025,2025-01-09,C1207,Keyboard,5,1499.00
ORD001026,2025-12-17,C1429,USB Hub,2,899.00
ORD001027,2025-04-01,C1487,Keyboard,5,1499.00
ORD001028,2025-09-30,C1515,Wireless Mouse,1,799.00
ORD001029,2025-09-04,C1675,Keyboard,2,1499.00
ORD001030,2025-01-01,C1918,USB Hub,4,899.00
ORD001031,2025-08-04,C1379,USB Hub,1,899.00
ORD001032,2025-08-08,C1234,USB Hub,4,899.00
ORD001033,2025-06-29,C1603,Headphones,5,3299.00
ORD001034,2025-08-06,C1137,Keyboard,3,1499.00
ORD001035,2025-04-30,C1931,Power Bank,1,1799.00
ORD001036,2025-11-03,C1897,Webcam,5,2499.00
ORD001037,2025-05-12,C1193,Headphones,1,3299.00
ORD001038,2025-10-23,C1535,Wireless Mouse,1,799.00
ORD001039,2025-01-04,C1384,USB Hub,2,899.00
ORD001040,2025-07-29,C1370,Monitor,1,12499.00
ORD001041,2025-08-07,C1667,USB-C Cable,5,299.50
ORD001042,2025-05-14,C1875,Webcam,5,2499.00
ORD001043,2025-10-17,C1374,Headphones,5,3299.00
ORD001044,2025-12-15,C1406,Webcam,2,2499.00
ORD001045,2025-10-10,C1802,Headphones,5,3299.00
ORD001046,2025-04-02,C1379,Power Bank,5,1799.00
ORD001047,2025-09-05,C1259,USB Hub,3,899.00
ORD001048,2025-12-28,C1407,Monitor,2,12499.00
ORD001049,2025-04-28,C1457,Keyboard,2,1499.00
ORD001050,2025-04-20,C1520,Keyboard,4,1499.00
ORD001051,2025-10-09,C1628,Monitor,1,12499.00
ORD001052,2025-07-19,C1987,USB-C Cable,1,299.50
ORD001053,2025-03-16,C1482,Keyboard,5,1499.00
ORD001054,2025-02-15,C1065,Headphones,3,3299.00
ORD001055,2025-07-09,C1081,Laptop Stand,5,1199.00
ORD001056,2025-07-16,C1953,Wireless Mouse,4,799.00
ORD001057,2025-05-27,C1728,USB Hub,5,899.00
ORD001058,2025-03-31,C1655,Wireless Mouse,4,799.00
ORD001059,2025-01-06,C1206,Power Bank,5,1799.00
ORD001060,2025-04-10,C1034,Webcam,5,2499.00
ORD001061,2025-09-22,C1715,USB Hub,2,899.00
ORD001062,2025-12-12,C1036,USB-C Cable,3,299.50
ORD001063,2025-12-02,C1000,Laptop Stand,2,1199.00
ORD001064,2025-05-22,C1798,Keyboard,4,1499.00
ORD001065,2025-12-09,C1404,Monitor,4,12499.00
ORD001066,2025-09-23,C1015,Laptop Stand,1,1199.00
ORD001067,2025-10-09,C1291,Keyboard,5,1499.00
ORD001068,2025-06-27,C1986,Monitor,3,12499.00
ORD001069,2025-11-07,C1986,Laptop Stand,2,1199.00
ORD001070,2025-07-26,C1588,Power Bank,1,1799.00
ORD001071,2025-03-31,C1416,Webcam,5,2499.00
ORD001072,2025-10-14,C1074,Keyboard,5,1499.00
ORD001073,2025-06-24,C1969,Webcam,1,2499.00
ORD001074,2025-05-12,C1897,USB Hub,5,899.00
ORD001075,2025-12-22,C1453,Webcam,4,2499.00
ORD001076,2025-05-05,C1775,Power Bank,3,1799.00
ORD001077,2025-12-15,C1471,Power Bank,5,1799.00
ORD001078,2025-09-04,C1119,Wireless Mouse,3,799.00
ORD001079,2025-07-15,C1648,Keyboard,2,1499.00
ORD001080,2025-06-11,C1422,Laptop Stand,3,1199.00
ORD001081,2025-10-02,C1009,USB Hub,3,899.00
ORD001082,2025-05-28,C1095,Laptop Stand,4,1199.00
ORD001083,2025-02-08,C1567,Monitor,2,12499.00
ORD001084,2025-06-10,C1362,Power Bank,2,1799.00
ORD001085,2025-04-04,C1969,Webcam,2,2499.00
ORD001086,2025-04-13,C1240,Power Bank,2,1799.00
ORD001087,2025-04-16,C1234,Webcam,2,2499.00
ORD001088,2025-11-13,C1364,Laptop Stand,2,1199.00
ORD001089,2025-03-03,C1942,Keyboard,1,1499.00
ORD001090,2025-11-11,C1006,Power Bank,5,1799.00
ORD001091,2025-09-04,C1380,Wireless Mouse,5,799.00
ORD001092,2025-09-10,C1919,Monitor,5,12499.00
ORD001093,2025-09-09,C1187,Webcam,5,2499.00
ORD001094,2025-07-23,C1227,Webcam,5,2499.00
ORD001095,2025-01-28,C1538,USB-C Cable,4,299.50
ORD001096,2025-10-04,C1033,Power Bank,5,1799.00
ORD001097,2025-07-21,C1881,Monitor,2,12499.00
ORD001098,2025-03-03,C1715,Power Bank,5,1799.00
ORD001099,2025-06-11,C1705,Power Bank,1,1799.00
ORD001100,2025-12-12,C1215,Wireless Mouse,4,799.00
ORD001101,2025-06-16,C1370,Keyboard,5,1499.00
ORD001102,2025-04-06,C1561,Webcam,3,2499.00
ORD001103,2025-05-18,C1482,Laptop Stand,5,1199.00
ORD001104,2025-07-07,C1188,Monitor,4,12499.00
ORD001105,2025-04-18,C1429,Headphones,3,3299.00
ORD001106,2025-07-25,C1286,Monitor,4,12499.00
ORD001107,2025-10-20,C1134,USB-C Cable,5,299.50
ORD001108,2025-02-21,C1738,Laptop Stand,3,1199.00
ORD001109,2025-10-12,C1442,Laptop Stand,4,1199.00
ORD001110,2025-03-16,C1819,Laptop Stand,2,1199.00
ORD001111,2025-01-05,C1180,Power Bank,4,1799.00
ORD001112,2025-03-10,C1914,Power Bank,5,1799.00
ORD001113,2025-06-11,C1804,USB Hub,4,899.00
ORD001114,2025-05-09,C1575,Webcam,5,2499.00
ORD001115,2025-07-23,C1101,Wireless Mouse,2,799.00
ORD001116,2025-04-21,C1833,Wireless Mouse,3,799.00
ORD001117,2025-11-19,C1098,Power Bank,4,1799.00
ORD001118,2025-05-14,C1369,Monitor,3,12499.00
ORD001119,2025-10-13,C1954,USB Hub,3,899.00
ORD001120,2025-01-11,C1421,Monitor,1,12499.00
ORD001121,2025-12-14,C1986,Monitor,5,12499.00
ORD001122,2025-10-23,C1589,Laptop Stand,5,1199.00
ORD001123,2025-05-26,C1363,USB-C Cable,3,299.50
ORD001124,2025-09-07,C1793,USB Hub,4,899.00
ORD001125,2025-07-15,C1628,Keyboard,3,1499.00
ORD001126,2025-11-20,C1979,Power Bank,2,1799.00
ORD001127,2025-11-24,C1827,USB-C Cable,3,299.50
ORD001128,2025-11-20,C1627,Headphones,5,3299.00
ORD001129,2025-02-06,C1081,Headphones,2,3299.00
ORD001130,2025-04-27,C1321,Monitor,3,12499.00
ORD001131,2025-12-30,C1273,Webcam,5,2499.00
ORD001132,2025-05-19,C1908,Headphones,4,3299.00
ORD001133,2025-10-28,C1533,Monitor,4,12499.00
ORD001134,2025-03-27,C1188,Headphones,1,3299.00
ORD001135,2025-05-01,C1677,USB-C Cable,3,299.50
ORD001136,2025-04-18,C1170,Keyboard,4,1499.00
ORD001137,2025-02-18,C1065,Keyboard,4,1499.00
ORD001138,2025-01-28,C1026,USB Hub,4,899.00
ORD001139,2025-02-12,C1106,USB Hub,3,899.00
ORD001140,2025-02-13,C1670,USB-C Cable,4,299.50
ORD001141,2025-04-28,C1253,Webcam,3,2499.00
ORD001142,2025-11-17,C1129,Power Bank,2,1799.00
ORD001143,2025-03-29,C1029,USB Hub,1,899.00
ORD001144,2025-06-16,C1884,Monitor,4,12499.00
ORD001145,2025-10-04,C1957,Power Bank,3,1799.00
ORD001146,2025-08-16,C1138,USB Hub,5,899.00
ORD001147,2025-10-30,C1611,USB-C Cable,4,299.50
ORD001148,2025-09-26,C1655,Headphones,5,3299.00
ORD001149,2025-06-27,C1493,Webcam,5,2499.00
ORD001150,2025-02-15,C1452,Laptop Stand,3,1199.00
ORD001151,2025-07-31,C1266,Monitor,2,12499.00
ORD001152,2025-01-06,C1000,Webcam,5,2499.00
ORD001153,2025-06-26,C1293,USB-C Cable,4,299.50
ORD001154,2025-01-05,C1704,USB Hub,4,899.00
ORD001155,2025-06-03,C1009,Power Bank,4,1799.00
ORD001156,2025-11-02,C1236,Webcam,1,2499.00
ORD001157,2025-07-11,C1193,USB Hub,4,899.00
ORD001158,2025-08-12,C1404,USB Hub,2,899.00
ORD001159,2025-11-27,C1399,USB-C Cable,4,299.50
ORD001160,2025-05-15,C1081,Laptop Stand,4,1199.00
ORD001161,2025-09-22,C1782,Laptop Stand,5,1199.00
ORD001162,2025-05-26,C1664,Webcam,5,2499.00
ORD001163,2025-07-31,C1192,Webcam,1,2499.00
ORD001164,2025-03-11,C1296,USB-C Cable,1,299.50
ORD001165,2025-11-13,C1463,Power Bank,3,1799.00
ORD001166,2025-04-07,C1328,Power Bank,1,1799.00
ORD001167,2025-01-26,C1992,USB-C Cable,5,299.50
ORD001168,2025-04-06,C1995,Wireless Mouse,1,799.00
ORD001169,2025-05-18,C1128,Webcam,4,2499.00
ORD001170,2025-04-30,C1092,Wireless Mouse,2,799.00
ORD001171,2025-09-10,C1222,Wireless Mouse,3,799.00
ORD001172,2025-06-09,C1804,Headphones,4,3299.00
ORD001173,2025-08-26,C1713,Monitor,1,12499.00
ORD001174,2025-02-11,C1863,Monitor,2,12499.00
ORD001175,2025-05-17,C1794,Wireless Mouse,4,799.00
ORD001176,2025-10-06,C1481,Keyboard,2,1499.00
ORD001177,2025-05-09,C1836,Laptop Stand,4,1199.00
ORD001178,2025-03-04,C1997,Wireless Mouse,2,799.00
ORD001179,2025-08-15,C1253,Headphones,1,3299.00
ORD001180,2025-08-24,C1752,Laptop Stand,1,1199.00
ORD001181,2025-12-07,C1213,USB Hub,4,899.00
ORD001182,2025-12-15,C1984,Headphones,3,3299.00
ORD001183,2025-03-23,C1644,Monitor,1,12499.00
ORD001184,2025-09-24,C1125,USB Hub,3,899.00
ORD001185,2025-11-23,C1305,Power Bank,2,1799.00
ORD001186,2025-01-27,C1884,Monitor,2,12499.00
ORD001187,2025-05-01,C1648,Keyboard,4,1499.00
ORD001188,2025-01-08,C1171,Monitor,3,12499.00
ORD001189,2025-07-22,C1808,Keyboard,2,1499.00
ORD001190,2025-01-22,C1595,Wireless Mouse,4,799.00
ORD001191,2025-07-10,C1789,USB-C Cable,1,299.50
ORD001192,2025-03-22,C1511,Laptop Stand,1,1199.00
ORD001193,2025-11-17,C1061,Monitor,1,12499.00
ORD001194,2025-11-27,C1157,Monitor,5,12499.00
ORD001195,2025-03-06,C1499,Keyboard,2,1499.00
ORD001196,2025-10-13,C1807,Monitor,3,12499.00
ORD001197,2025-04-09,C1021,Power Bank,4,1799.00
ORD001198,2025-03-10,C1256,Monitor,1,12499.00
ORD001199,2025-12-28,C1448,Power Bank,5,1799.00
ORD001200,2025-10-05,C1713,Webcam,4,2499.00
ORD001201,2025-10-18,C1191,Laptop Stand,5,1199.00
ORD001202,2025-06-15,C1749,Monitor,4,12499.00
ORD001203,2025-11-03,C1936,Webcam,5,2499.00
ORD001204,2025-02-05,C1543,USB-C Cable,2,299.50
ORD001205,2025-06-01,C1839,Power Bank,3,1799.00
ORD001206,2025-07-07,C1464,USB Hub,1,899.00
ORD001207,2025-07-14,C1751,USB Hub,2,899.00
ORD001208,2025-11-14,C1877,Wireless Mouse,3,799.00
ORD001209,2025-06-14,C1738,Laptop Stand,1,1199.00
ORD001210,2025-07-18,C1194,USB Hub,5,899.00
ORD001211,2025-10-10,C1157,Power Bank,5,1799.00
ORD001212,2025-06-15,C1419,Webcam,3,2499.00
ORD001213,2025-02-19,C1535,Keyboard,1,1499.00
ORD001214,2025-03-08,C1182,Wireless Mouse,1,799.00
ORD001215,2025-02-24,C1497,Laptop Stand,2,1199.00
ORD001216,2025-01-17,C1584,Keyboard,4,1499.00
ORD001217,2025-09-27,C1638,Power Bank,5,1799.00
ORD001218,2025-01-26,C1375,Webcam,2,2499.00
ORD001219,2025-01-07,C1952,Keyboard,2,1499.00
ORD001220,2025-02-10,C1479,Power Bank,1,1799.00
ORD001221,2025-10-13,C1761,Monitor,4,12499.00
ORD001222,2025-12-29,C1059,Monitor,5,12499.00
ORD001223,2025-09-28,C1041,Webcam,1,2499.00
ORD001224,2025-02-09,C1967,Webcam,2,2499.00
ORD001225,2025-02-19,C1103,USB Hub,2,899.00
ORD001226,2025-07-17,C1194,USB Hub,2,899.00
ORD001227,2025-12-03,C1254,USB Hub,5,899.00
ORD001228,2025-10-13,C1767,USB-C Cable,5,299.50
ORD001229,2025-02-24,C1784,Headphones,5,3299.00
ORD001230,2025-12-12,C1469,Monitor,4,12499.00
ORD001231,2025-03-27,C1811,Keyboard,2,1499.00
ORD001232,2025-07-25,C1516,USB Hub,3,899.00
ORD001233,2025-10-01,C1614,USB-C Cable,4,299.50
ORD001234,2025-06-11,C1563,Monitor,3,12499.00
ORD001235,2025-07-31,C1782,Monitor,4,12499.00
ORD001236,2025-11-08,C1246,Monitor,5,12499.00
ORD001237,2025-04-20,C1384,USB Hub,5,899.00
ORD001238,2025-07-04,C1984,Webcam,4,2499.00
ORD001239,2025-07-23,C1000,Power Bank,1,1799.00
ORD001240,2025-11-02,C1016,Webcam,5,2499.00
ORD001241,2025-06-04,C1006,USB-C Cable,3,299.50
ORD001242,2025-04-20,C1876,Laptop Stand,3,1199.00
ORD001243,2025-12-20,C1842,Wireless Mouse,3,799.00
ORD001244,2025-09-19,C1569,USB Hub,5,899.00
ORD001245,2025-02-18,C1038,USB-C Cable,4,299.50
ORD001246,2025-03-21,C1141,Monitor,3,12499.00
ORD001247,2025-10-26,C1255,Monitor,2,12499.00
ORD001248,2025-06-03,C1094,Webcam,5,2499.00
ORD001249,2025-10-19,C1939,Headphones,2,3299.00
ORD001250,2025-06-16,C1811,Keyboard,4,1499.00
ORD001251,2025-09-07,C1845,USB-C Cable,5,299.50
ORD001252,2025-11-01,C1657,Keyboard,3,1499.00
ORD001253,2025-10-23,C1390,Wireless Mouse,1,799.00
ORD001254,2025-06-21,C1356,Wireless Mouse,4,799.00
ORD001255,2025-03-03,C1890,Headphones,2,3299.00
ORD001256,2025-11-21,C1796,Wireless Mouse,4,799.00
ORD001257,2025-06-06,C1536,Wireless Mouse,1,799.00
ORD001258,2025-10-04,C1578,Monitor,2,12499.00
ORD001259,2025-09-15,C1714,Monitor,2,12499.00
ORD001260,2025-01-26,C1689,USB-C Cable,4,299.50
ORD001261,2025-11-01,C1589,Power Bank,5,1799.00
ORD001262,2025-04-24,C1442,Keyboard,3,1499.00
ORD001263,2025-03-17,C1135,Headphones,3,3299.00
ORD001264,2025-09-01,C1585,Keyboard,1,1499.00
ORD001265,2025-07-24,C1268,USB Hub,1,899.00
ORD001266,2025-09-14,C1444,Headphones,2,3299.00
ORD001267,2025-09-04,C1572,USB-C Cable,2,299.50
ORD001268,2025-07-22,C1667,Power Bank,5,1799.00
ORD001269,2025-10-15,C1630,Laptop Stand,5,1199.00
ORD001270,2025-05-05,C1073,Laptop Stand,3,1199.00
ORD001271,2025-06-15,C1701,Headphones,5,3299.00
ORD001272,2025-02-27,C1687,Keyboard,4,1499.00
ORD001273,2025-07-07,C1356,Headphones,2,3299.00
ORD001274,2025-06-26,C1608,Monitor,1,12499.00
ORD001275,2025-03-28,C1358,Webcam,5,2499.00
ORD001276,2025-11-16,C1149,Power Bank,4,1799.00
ORD001277,2025-04-30,C1204,Wireless Mouse,3,799.00
ORD001278,2025-02-13,C1115,USB-C Cable,1,299.50
ORD001279,2025-11-14,C1948,Laptop Stand,2,1199.00
ORD001280,2025-01-08,C1351,Webcam,1,2499.00
ORD001281,2025-08-19,C1482,Webcam,1,2499.00
ORD001282,2025-04-18,C1757,Monitor,5,12499.00
ORD001283,2025-04-15,C1559,Laptop Stand,5,1199.00
ORD001284,2025-10-08,C1494,Webcam,5,2499.00
ORD001285,2025-12-22,C1715,USB-C Cable,1,299.50
ORD001286,2025-10-26,C1927,Headphones,5,3299.00
ORD001287,2025-05-11,C1174,Wireless Mouse,1,799.00
ORD001288,2025-04-13,C1808,Webcam,5,2499.00
ORD001289,2025-01-28,C1476,Webcam,1,2499.00
ORD001290,2025-07-18,C1676,Keyboard,3,1499.00
ORD001291,2025-02-25,C1019,Monitor,3,12499.00
ORD001292,2025-04-29,C1389,Headphones,5,3299.00
ORD001293,2025-06-11,C1496,Keyboard,5,1499.00
ORD001294,2025-02-15,C1190,USB Hub,2,899.00
ORD001295,2025-08-23,C1574,USB Hub,1,899.00
ORD001296,2025-05-07,C1944,Wireless Mouse,5,799.00
ORD001297,2025-06-20,C1501,Webcam,4,2499.00
ORD001298,2025-01-10,C1355,USB-C Cable,3,299.50
ORD001299,2025-11-17,C1309,Monitor,2,12499.00
ORD001300,2025-05-22,C1831,USB Hub,1,899.00
ORD001301,2025-07-18,C1911,Webcam,1,2499.00
ORD001302,2025-05-24,C1230,USB Hub,2,899.00
ORD001303,2025-07-21,C1672,Monitor,2,12499.00
ORD001304,2025-07-15,C1533,Keyboard,5,1499.00
ORD001305,2025-08-02,C1246,Laptop Stand,5,1199.00
ORD001306,2025-08-07,C1993,USB-C Cable,3,299.50
ORD001307,2025-08-18,C1555,Monitor,2,12499.00
ORD001308,2025-12-01,C1141,Laptop Stand,5,1199.00
ORD001309,2025-12-17,C1819,USB Hub,2,899.00
ORD001310,2025-06-08,C1705,USB-C Cable,5,299.50
ORD001311,2025-08-09,C1930,USB-C Cable,2,299.50
ORD001312,2025-06-12,C1069,USB-C Cable,5,299.50
ORD001313,2025-03-02,C1188,USB Hub,3,899.00
ORD001314,2025-01-16,C1783,USB-C Cable,3,299.50
ORD001315,2025-07-30,C1310,Headphones,4,3299.00
ORD001316,2025-03-19,C1797,Webcam,2,2499.00
ORD001317,2025-03-09,C1189,Keyboard,1,1499.00
ORD001318,2025-11-07,C1580,Webcam,5,2499.00
ORD001319,2025-11-02,C1237,Laptop Stand,2,1199.00
ORD001320,2025-07-03,C1081,Wireless Mouse,4,799.00
ORD001321,2025-09-15,C1866,USB-C Cable,5,299.50
ORD001322,2025-12-31,C1665,Power Bank,3,1799.00
ORD001323,2025-07-18,C1503,USB-C Cable,4,299.50
ORD001324,2025-03-25,C1197,USB-C Cable,2,299.50
ORD001325,2025-07-29,C1782,Wireless Mouse,1,799.00
ORD001326,2025-07-31,C1227,Webcam,2,2499.00
ORD001327,2025-02-03,C1181,Laptop Stand,4,1199.00
ORD001328,2025-12-19,C1332,Power Bank,4,1799.00
ORD001329,2025-08-07,C1414,Laptop Stand,1,1199.00
ORD001330,2025-06-10,C1403,Headphones,5,3299.00
ORD001331,2025-09-26,C1656,USB Hub,1,899.00
ORD001332,2025-02-25,C1462,USB Hub,4,899.00
ORD001333,2025-05-06,C1531,Wireless Mouse,5,799.00
ORD001334,2025-01-21,C1571,Headphones,4,3299.00
ORD001335,2025-11-19,C1985,USB Hub,1,899.00
ORD001336,2025-05-30,C1450,Laptop Stand,4,1199.00
ORD001337,2025-05-27,C1472,Webcam,2,2499.00
ORD001338,2025-05-31,C1627,Headphones,1,3299.00
ORD001339,2025-03-14,C1474,USB Hub,4,899.00
ORD001340,2025-09-14,C1115,Keyboard,2,1499.00
ORD001341,2025-03-11,C1402,USB Hub,4,899.00
ORD001342,2025-08-19,C1025,Monitor,2,12499.00
ORD001343,2025-10-30,C1918,Power Bank,2,1799.00
ORD001344,2025-02-16,C1256,Power Bank,3,1799.00
ORD001345,2025-03-05,C1093,USB-C Cable,1,299.50
ORD001346,2025-11-21,C1371,Power Bank,1,1799.00
ORD001347,2025-12-29,C1393,USB Hub,5,899.00
ORD001348,2025-07-13,C1563,USB-C Cable,4,299.50
ORD001349,2025-03-29,C1934,Wireless Mouse,3,799.00
ORD001350,2025-03-25,C1889,USB-C Cable,2,299.50
ORD001351,2025-12-31,C1052,USB-C Cable,4,299.50
ORD001352,2025-06-08,C1747,Webcam,4,2499.00
ORD001353,2025-11-17,C1185,Webcam,1,2499.00
ORD001354,2025-04-14,C1003,USB-C Cable,5,299.50
ORD001355,2025-01-07,C1469,Webcam,4,2499.00
ORD001356,2025-10-06,C1826,Power Bank,1,1799.00
ORD001357,2025-05-02,C1222,Power Bank,5,1799.00
ORD001358,2025-08-21,C1419,Power Bank,4,1799.00
ORD001359,2025-11-04,C1614,Keyboard,1,1499.00
ORD001360,2025-10-08,C1284,Laptop Stand,5,1199.00
ORD001361,2025-04-17,C1050,USB Hub,2,899.00
ORD001362,2025-01-29,C1668,USB-C Cable,3,299.50
ORD001363,2025-03-16,C1874,Wireless Mouse,1,799.00
ORD001364,2025-06-19,C1942,Webcam,1,2499.00
ORD001365,2025-02-25,C1426,Wireless Mouse,2,799.00
ORD001366,2025-12-11,C1291,USB-C Cable,5,299.50
ORD001367,2025-04-01,C1989,USB Hub,4,899.00
ORD001368,2025-01-19,C1095,Monitor,3,12499.00
ORD001369,2025-07-08,C1919,Monitor,4,12499.00
ORD001370,2025-08-07,C1863,Keyboard,5,1499.00
ORD001371,2025-05-30,C1482,Keyboard,2,1499.00
ORD001372,2025-12-22,C1880,Keyboard,3,1499.00
ORD001373,2025-09-27,C1423,Monitor,5,12499.00
ORD001374,2025-12-23,C1214,Laptop Stand,5,1199.00
ORD001375,2025-02-25,C1585,Wireless Mouse,5,799.00
ORD001376,2025-09-05,C1741,Keyboard,5,1499.00
ORD001377,2025-08-07,C1623,Webcam,3,2499.00
ORD001378,2025-09-27,C1588,Webcam,5,2499.00
ORD001379,2025-03-08,C1629,Monitor,5,12499.00
ORD001380,2025-09-24,C1746,Power Bank,4,1799.00
ORD001381,2025-04-03,C1904,Power Bank,5,1799.00
ORD001382,2025-12-29,C1297,Laptop Stand,2,1199.00
ORD001383,2025-03-02,C1024,Wireless Mouse,4,799.00
ORD001384,2025-04-17,C1818,Keyboard,5,1499.00
ORD001385,2025-07-31,C1046,Headphones,3,3299.00
ORD001386,2025-10-14,C1825,Monitor,2,12499.00
ORD001387,2025-11-24,C1206,Wireless Mouse,3,799.00
ORD001388,2025-02-04,C1315,Webcam,3,2499.00
ORD001389,2025-10-09,C1331,USB Hub,1,899.00
ORD001390,2025-12-18,C1341,Keyboard,3,1499.00
ORD001391,2025-10-19,C1630,Headphones,1,3299.00
ORD001392,2025-04-10,C1338,USB-C Cable,3,299.50
ORD001393,2025-08-31,C1816,Power Bank,1,1799.00
ORD001394,2025-09-04,C1159,USB-C Cable,4,299.50
ORD001395,2025-06-21,C1473,USB Hub,4,899.00
ORD001396,2025-09-24,C1306,Wireless Mouse,5,799.00
ORD001397,2025-10-12,C1548,Monitor,1,12499.00
ORD001398,2025-10-23,C1701,Laptop Stand,3,1199.00
ORD001399,2025-02-03,C1992,Monitor,2,12499.00
ORD001400,2025-01-16,C1347,Webcam,4,2499.00
ORD001401,2025-03-26,C1584,USB Hub,5,899.00
ORD001402,2025-04-06,C1609,Headphones,1,3299.00
ORD001403,2025-12-28,C1878,Webcam,3,2499.00
ORD001404,2025-05-20,C1423,Wireless Mouse,1,799.00
ORD001405,2025-05-02,C1380,Power Bank,4,1799.00
ORD001406,2025-04-21,C1537,Webcam,3,2499.00
ORD001407,2025-02-27,C1383,USB-C Cable,1,299.50
ORD001408,2025-02-17,C1454,Laptop Stand,5,1199.00
ORD001409,2025-09-05,C1926,Wireless Mouse,5,799.00
ORD001410,2025-04-08,C1348,USB-C Cable,4,299.50
ORD001411,2025-06-08,C1794,USB Hub,3,899.00
ORD001412,2025-02-20,C1841,USB-C Cable,5,299.50
ORD001413,2025-04-16,C1741,USB-C Cable,1,299.50
ORD001414,2025-07-18,C1730,Power Bank,5,1799.00
ORD001415,2025-01-03,C1318,Keyboard,1,1499.00
ORD001416,2025-06-20,C1478,Keyboard,1,1499.00
ORD001417,2025-09-24,C1784,Keyboard,3,1499.00
ORD001418,2025-10-23,C1776,Wireless Mouse,3,799.00
ORD001419,2025-06-14,C1205,Laptop Stand,2,1199.00
ORD001420,2025-05-22,C1545,Webcam,3,2499.00
ORD001421,2025-12-10,C1120,Power Bank,3,1799.00
ORD001422,2025-03-22,C1280,USB-C Cable,1,299.50
ORD001423,2025-11-15,C1573,Wireless Mouse,5,799.00
ORD001424,2025-04-16,C1555,Keyboard,3,1499.00
ORD001425,2025-06-13,C1277,USB Hub,2,899.00
ORD001426,2025-10-21,C1250,Webcam,2,2499.00
ORD001427,2025-06-09,C1627,Keyboard,3,1499.00
ORD001428,2025-08-16,C1051,USB Hub,2,899.00
ORD001429,2025-08-30,C1924,Wireless Mouse,1,799.00
ORD001430,2025-07-16,C1055,Keyboard,1,1499.00
ORD001431,2025-07-20,C1183,Headphones,5,3299.00
ORD001432,2025-11-12,C1364,Power Bank,3,1799.00
ORD001433,2025-04-12,C1730,Monitor,5,12499.00
ORD001434,2025-08-27,C1581,Keyboard,2,1499.00
ORD001435,2025-12-24,C1479,Keyboard,1,1499.00
ORD001436,2025-06-08,C1700,Power Bank,4,1799.00
ORD001437,2025-04-29,C1970,Power Bank,2,1799.00
ORD001438,2025-11-12,C1264,USB-C Cable,3,299.50
ORD001439,2025-04-04,C1716,Headphones,3,3299.00
ORD001440,2025-08-21,C1499,Monitor,1,12499.00
ORD001441,2025-09-01,C1115,Keyboard,3,1499.00
ORD001442,2025-08-25,C1866,Power Bank,2,1799.00
ORD001443,2025-06-28,C1618,Webcam,5,2499.00
ORD001444,2025-09-18,C1105,USB-C Cable,4,299.50
ORD001445,2025-06-16,C1569,Keyboard,1,1499.00
ORD001446,2025-09-30,C1472,Webcam,4,2499.00
ORD001447,2025-05-03,C1635,Headphones,2,3299.00
ORD001448,2025-03-23,C1997,USB Hub,4,899.00
ORD001449,2025-02-03,C1348,Headphones,2,3299.00
ORD001450,2025-08-11,C1580,Headphones,3,3299.00
ORD001451,2025-12-22,C1241,USB Hub,2,899.00
ORD001452,2025-12-31,C1587,Keyboard,4,1499.00
ORD001453,2025-10-31,C1610,Keyboard,4,1499.00
ORD001454,2025-10-12,C1099,Monitor,4,12499.00
ORD001455,2025-06-07,C1978,USB-C Cable,4,299.50
ORD001456,2025-11-03,C1111,Keyboard,5,1499.00
ORD001457,2025-06-17,C1506,Headphones,1,3299.00
ORD001458,2025-04-22,C1836,Keyboard,2,1499.00
ORD001459,2025-03-17,C1676,Wireless Mouse,2,799.00
ORD001460,2025-09-30,C1298,Power Bank,4,1799.00
ORD001461,2025-04-11,C1210,Power Bank,3,1799.00
ORD001462,2025-10-19,C1813,Webcam,3,2499.00
ORD001463,2025-06-26,C1091,Headphones,5,3299.00
ORD001464,2025-11-10,C1522,Wireless Mouse,4,799.00
ORD001465,2025-05-31,C1063,USB-C Cable,3,299.50
ORD001466,2025-01-28,C1000,USB Hub,5,899.00
ORD001467,2025-02-26,C1881,Monitor,3,12499.00
ORD001468,2025-05-01,C1442,Wireless Mouse,5,799.00
ORD001469,2025-11-17,C1325,Headphones,4,3299.00
ORD001470,2025-07-15,C1445,Headphones,5,3299.00
ORD001471,2025-12-06,C1177,Laptop Stand,4,1199.00
ORD001472,2025-04-07,C1568,USB-C Cable,4,299.50
ORD001473,2025-08-02,C1157,Monitor,3,12499.00
ORD001474,2025-03-10,C1011,USB-C Cable,1,299.50
ORD001475,2025-03-15,C1738,Wireless Mouse,4,799.00
ORD001476,2025-03-11,C1086,Headphones,2,3299.00
ORD001477,2025-08-22,C1915,Headphones,5,3299.00
ORD001478,2025-11-16,C1184,Headphones,4,3299.00
ORD001479,2025-08-06,C1565,USB Hub,4,899.00
ORD001480,2025-07-01,C1231,Headphones,2,3299.00
ORD001481,2025-11-06,C1007,Headphones,5,3299.00
ORD001482,2025-05-02,C1729,Power Bank,5,1799.00
ORD001483,2025-07-30,C1948,Webcam,5,2499.00
ORD001484,2025-01-18,C1038,Monitor,5,12499.00
ORD001485,2025-12-27,C1377,Power Bank,1,1799.00
ORD001486,2025-12-20,C1081,Power Bank,2,1799.00
ORD001487,2025-05-24,C1476,USB Hub,5,899.00
ORD001488,2025-09-25,C1911,Keyboard,5,1499.00
ORD001489,2025-05-06,C1483,Keyboard,1,1499.00
ORD001490,2025-10-24,C1319,USB Hub,5,899.00
ORD001491,2025-06-25,C1547,Wireless Mouse,1,799.00
ORD001492,2025-08-21,C1524,Power Bank,4,1799.00
ORD001493,2025-08-04,C1361,Monitor,3,12499.00
ORD001494,2025-03-27,C1036,Webcam,5,2499.00
ORD001495,2025-10-16,C1266,Webcam,1,2499.00
ORD001496,2025-10-24,C1173,Power Bank,5,1799.00
ORD001497,2025-12-03,C1298,Wireless Mouse,5,799.00
ORD001498,2025-05-27,C1496,Wireless Mouse,1,799.00
ORD001499,2025-09-16,C1078,USB-C Cable,3,299.50
ORD001500,2025-03-09,C1630,Webcam,3,2499.00
ORD001501,2025-05-12,C1014,Webcam,1,2499.00
ORD001502,2025-10-30,C1756,USB-C Cable,2,299.50
ORD001503,2025-07-09,C1827,Power Bank,2,1799.00
ORD001504,2025-12-25,C1241,Webcam,4,2499.00
ORD001505,2025-09-28,C1882,USB-C Cable,1,299.50
ORD001506,2025-02-13,C1990,Monitor,2,12499.00
ORD001507,2025-09-11,C1770,USB-C Cable,4,299.50
ORD001508,2025-05-02,C1676,Headphones,4,3299.00
ORD001509,2025-04-18,C1591,USB-C Cable,3,299.50
ORD001510,2025-11-25,C1270,Wireless Mouse,1,799.00
ORD001511,2025-03-27,C1475,Wireless Mouse,4,799.00
ORD001512,2025-06-04,C1487,Power Bank,5,1799.00
ORD001513,2025-07-14,C1699,Laptop Stand,4,1199.00
ORD001514,2025-05-15,C1148,Power Bank,5,1799.00
ORD001515,2025-01-07,C1295,Headphones,4,3299.00
ORD001516,2025-12-14,C1323,Headphones,5,3299.00
ORD001517,2025-02-19,C1939,Wireless Mouse,5,799.00
ORD001518,2025-08-10,C1625,Monitor,3,12499.00
ORD001519,2025-05-19,C1273,Monitor,1,12499.00
ORD001520,2025-12-02,C1598,Webcam,4,2499.00
ORD001521,2025-12-12,C1767,Power Bank,2,1799.00
ORD001522,2025-09-24,C1345,Laptop Stand,2,1199.00
ORD001523,2025-10-08,C1010,Monitor,1,12499.00
ORD001524,2025-01-07,C1421,Keyboard,1,1499.00
ORD001525,2025-02-23,C1701,USB Hub,4,899.00
ORD001526,2025-04-23,C1742,Monitor,3,12499.00
ORD001527,2025-04-09,C1034,Webcam,1,2499.00
ORD001528,2025-01-30,C1961,Keyboard,5,1499.00
ORD001529,2025-11-03,C1653,Laptop Stand,1,1199.00
ORD001530,2025-02-14,C1876,Keyboard,5,1499.00
ORD001531,2025-07-12,C1672,USB-C Cable,5,299.50
ORD001532,2025-02-26,C1712,USB-C Cable,2,299.50
ORD001533,2025-05-31,C1478,Webcam,1,2499.00
ORD001534,2025-05-22,C1787,Power Bank,4,1799.00
ORD001535,2025-05-12,C1165,Monitor,1,12499.00
ORD001536,2025-02-01,C1391,Webcam,4,2499.00
ORD001537,2025-01-31,C1264,Monitor,3,12499.00
ORD001538,2025-08-14,C1071,USB-C Cable,4,299.50
ORD001539,2025-11-09,C1402,Laptop Stand,2,1199.00
ORD001540,2025-02-25,C1147,Power Bank,5,1799.00
ORD001541,2025-04-22,C1628,Headphones,1,3299.00
ORD001542,2025-05-13,C1105,Power Bank,1,1799.00
ORD001543,2025-02-06,C1585,Keyboard,3,1499.00
ORD001544,2025-01-10,C1918,Power Bank,4,1799.00
ORD001545,2025-12-01,C1655,USB-C Cable,1,299.50
ORD001546,2025-12-07,C1399,Wireless Mouse,3,799.00
ORD001547,2025-12-25,C1337,USB-C Cable,4,299.50
ORD001548,2025-09-21,C1724,Wireless Mouse,4,799.00
ORD001549,2025-08-12,C1413,Power Bank,1,1799.00
ORD001550,2025-04-26,C1003,USB Hub,4,899.00
ORD001551,2025-03-04,C1580,Power Bank,5,1799.00
ORD001552,2025-06-20,C1698,Monitor,3,12499.00
ORD001553,2025-01-29,C1647,Headphones,1,3299.00
ORD001554,2025-10-01,C1873,Monitor,3,12499.00
ORD001555,2025-08-24,C1778,Keyboard,3,1499.00
ORD001556,2025-04-01,C1567,Laptop Stand,1,1199.00
ORD001557,2025-12-05,C1195,Headphones,3,3299.00
ORD001558,2025-02-24,C1645,Headphones,3,3299.00
ORD001559,2025-02-13,C1906,Power Bank,4,1799.00
ORD001560,2025-03-13,C1036,Laptop Stand,2,1199.00
ORD001561,2025-10-31,C1244,Wireless Mouse,4,799.00
ORD001562,2025-02-02,C1811,Headphones,5,3299.00
ORD001563,2025-09-13,C1546,Webcam,4,2499.00
ORD001564,2025-01-19,C1347,Wireless Mouse,1,799.00
ORD001565,2025-01-22,C1415,Monitor,1,12499.00
ORD001566,2025-12-01,C1683,Laptop Stand,5,1199.00
ORD001567,2025-12-14,C1891,Power Bank,5,1799.00
ORD001568,2025-10-24,C1238,USB-C Cable,1,299.50
ORD001569,2025-03-14,C1500,Wireless Mouse,1,799.00
ORD001570,2025-11-13,C1046,Power Bank,2,1799.00
ORD001571,2025-01-08,C1176,USB-C Cable,1,299.50
ORD001572,2025-02-19,C1467,Webcam,5,2499.00
ORD001573,2025-10-30,C1065,USB-C Cable,1,299.50
ORD001574,2025-09-12,C1609,Keyboard,5,1499.00
ORD001575,2025-02-02,C1823,Laptop Stand,2,1199.00
ORD001576,2025-06-22,C1830,Headphones,4,3299.00
ORD001577,2025-03-03,C1999,Monitor,5,12499.00
ORD001578,2025-03-12,C1329,USB Hub,2,899.00
ORD001579,2025-10-31,C1177,Wireless Mouse,3,799.00
ORD001580,2025-03-03,C1280,Keyboard,2,1499.00
ORD001581,2025-03-28,C1713,Headphones,3,3299.00
ORD001582,2025-03-26,C1449,USB Hub,2,899.00
ORD001583,2025-03-10,C1102,Wireless Mouse,5,799.00
ORD001584,2025-03-22,C1016,Headphones,4,3299.00
ORD001585,2025-01-04,C1007,Keyboard,2,1499.00
ORD001586,2025-12-28,C1667,Keyboard,5,1499.00
ORD001587,2025-08-02,C1710,Webcam,4,2499.00
ORD001588,2025-04-16,C1146,USB-C Cable,3,299.50
ORD001589,2025-08-19,C1421,USB Hub,2,899.00
ORD001590,2025-11-09,C1708,USB-C Cable,1,299.50
ORD001591,2025-09-13,C1626,USB-C Cable,1,299.50
ORD001592,2025-06-28,C1428,Webcam,1,2499.00
ORD001593,2025-05-01,C1196,USB Hub,1,899.00
ORD001594,2025-02-18,C1633,USB Hub,3,899.00
ORD001595,2025-09-17,C1224,USB Hub,4,899.00
ORD001596,2025-05-22,C1054,Laptop Stand,2,1199.00
ORD001597,2025-03-18,C1701,Keyboard,4,1499.00
ORD001598,2025-04-01,C1163,Power Bank,1,1799.00
ORD001599,2025-11-27,C1372,Wireless Mouse,3,799.00
ORD001600,2025-08-11,C1257,Laptop Stand,3,1199.00
ORD001601,2025-01-23,C1106,Power Bank,1,1799.00
ORD001602,2025-04-01,C1161,USB Hub,1,899.00
ORD001603,2025-09-21,C1118,Power Bank,1,1799.00
ORD001604,2025-08-16,C1606,Laptop Stand,5,1199.00
ORD001605,2025-08-03,C1203,Monitor,3,12499.00
ORD001606,2025-02-26,C1333,Laptop Stand,2,1199.00
ORD001607,2025-05-02,C1755,Keyboard,4,1499.00
ORD001608,2025-07-12,C1912,Laptop Stand,2,1199.00
ORD001609,2025-08-30,C1599,Keyboard,4,1499.00
ORD001610,2025-08-12,C1148,Wireless Mouse,2,799.00
ORD001611,2025-04-02,C1396,Power Bank,3,1799.00
ORD001612,2025-08-23,C1737,USB-C Cable,2,299.50
ORD001613,2025-05-19,C1207,Monitor,3,12499.00
ORD001614,2025-01-17,C1708,USB-C Cable,5,299.50
ORD001615,2025-05-24,C1139,Wireless Mouse,1,799.00
ORD001616,2025-08-23,C1428,Power Bank,2,1799.00
ORD001617,2025-04-23,C1907,Monitor,3,12499.00
ORD001618,2025-11-23,C1975,USB-C Cable,5,299.50
ORD001619,2025-10-23,C1993,USB-C Cable,5,299.50
ORD001620,2025-02-14,C1421,Laptop Stand,5,1199.00
ORD001621,2025-04-21,C1605,Power Bank,4,1799.00
ORD001622,2025-05-23,C1014,Power Bank,4,1799.00
ORD001623,2025-05-07,C1335,Laptop Stand,4,1199.00
ORD001624,2025-10-30,C1968,Laptop Stand,2,1199.00
ORD001625,2025-08-02,C1045,Wireless Mouse,1,799.00
ORD001626,2025-09-16,C1034,Power Bank,4,1799.00
ORD001627,2025-07-21,C1490,USB Hub,1,899.00
ORD001628,2025-09-11,C1246,Power Bank,1,1799.00
ORD001629,2025-01-07,C1709,USB Hub,4,899.00
ORD001630,2025-03-09,C1367,Laptop Stand,3,1199.00
ORD001631,2025-11-28,C1092,Laptop Stand,1,1199.00
ORD001632,2025-12-09,C1312,Power Bank,2,1799.00
ORD001633,2025-10-20,C1765,Power Bank,5,1799.00
ORD001634,2025-08-21,C1474,Wireless Mouse,2,799.00
ORD001635,2025-04-05,C1808,Headphones,3,3299.00
ORD001636,2025-12-27,C1648,Power Bank,1,1799.00
ORD001637,2025-07-17,C1914,Keyboard,3,1499.00
ORD001638,2025-01-17,C1303,USB Hub,4,899.00
ORD001639,2025-12-24,C1968,Webcam,5,2499.00
ORD001640,2025-10-22,C1813,USB Hub,2,899.00
ORD001641,2025-11-14,C1901,Keyboard,3,1499.00
ORD001642,2025-09-21,C1968,Wireless Mouse,3,799.00
ORD001643,2025-02-26,C1392,Wireless Mouse,3,799.00
ORD001644,2025-11-13,C1041,Power Bank,3,1799.00
ORD001645,2025-03-31,C1663,Monitor,5,12499.00
ORD001646,2025-10-15,C1726,Keyboard,2,1499.00
ORD001647,2025-06-21,C1244,USB-C Cable,5,299.50
ORD001648,2025-11-29,C1489,Keyboard,5,1499.00
ORD001649,2025-04-26,C1328,Laptop Stand,3,1199.00
ORD001650,2025-09-15,C1696,Webcam,4,2499.00
ORD001651,2025-01-28,C1064,Webcam,3,2499.00
ORD001652,2025-08-20,C1497,Monitor,5,12499.00
ORD001653,2025-03-04,C1481,USB Hub,5,899.00
ORD001654,2025-05-30,C1462,USB Hub,5,899.00
ORD001655,2025-12-11,C1968,Monitor,1,12499.00
ORD001656,2025-08-23,C1089,Laptop Stand,1,1199.00
ORD001657,2025-04-02,C1295,Headphones,1,3299.00
ORD001658,2025-03-26,C1282,Keyboard,1,1499.00
ORD001659,2025-09-12,C1154,USB-C Cable,2,299.50
ORD001660,2025-11-18,C1023,USB Hub,3,899.00
ORD001661,2025-12-16,C1554,Headphones,2,3299.00
ORD001662,2025-06-27,C1430,Power Bank,4,1799.00
ORD001663,2025-05-30,C1193,Wireless Mouse,1,799.00
ORD001664,2025-04-29,C1854,Wireless Mouse,5,799.00
ORD001665,2025-07-30,C1592,Monitor,3,12499.00
ORD001666,2025-09-06,C1607,Monitor,5,12499.00
ORD001667,2025-08-16,C1468,USB Hub,3,899.00
ORD001668,2025-06-06,C1175,USB-C Cable,3,299.50
ORD001669,2025-09-05,C1380,Laptop Stand,3,1199.00
ORD001670,2025-03-17,C1361,Wireless Mouse,3,799.00
ORD001671,2025-03-27,C1633,Power Bank,2,1799.00
ORD001672,2025-05-27,C1186,USB Hub,2,899.00
ORD001673,2025-03-24,C1243,USB-C Cable,1,299.50
ORD001674,2025-06-12,C1588,Wireless Mouse,2,799.00
ORD001675,2025-05-14,C1378,Power Bank,2,1799.00
ORD001676,2025-10-15,C1724,Laptop Stand,1,1199.00
ORD001677,2025-06-26,C1151,Monitor,3,12499.00
ORD001678,2025-10-04,C1998,Power Bank,2,1799.00
ORD001679,2025-06-04,C1124,USB Hub,1,899.00
ORD001680,2025-09-13,C1786,Headphones,2,3299.00
ORD001681,2025-06-13,C1159,Power Bank,1,1799.00
ORD001682,2025-09-17,C1339,USB Hub,3,899.00
ORD001683,2025-05-29,C1992,Power Bank,5,1799.00
ORD001684,2025-10-17,C1746,USB-C Cable,4,299.50
ORD001685,2025-12-19,C1115,Monitor,4,12499.00
ORD001686,2025-03-13,C1694,Wireless Mouse,5,799.00
ORD001687,2025-06-07,C1025,Keyboard,4,1499.00
ORD001688,2025-08-17,C1365,Laptop Stand,1,1199.00
ORD001689,2025-01-29,C1622,Monitor,2,12499.00
ORD001690,2025-04-24,C1800,USB Hub,3,899.00
ORD001691,2025-01-12,C1085,Laptop Stand,5,1199.00
ORD001692,2025-12-13,C1687,Power Bank,1,1799.00
ORD001693,2025-07-21,C1199,USB Hub,4,899.00
ORD001694,2025-11-05,C1619,Monitor,5,12499.00
ORD001695,2025-12-08,C1369,Wireless Mouse,4,799.00
ORD001696,2025-08-07,C1378,USB-C Cable,4,299.50
ORD001697,2025-01-07,C1291,Monitor,3,12499.00
ORD001698,2025-06-07,C1456,Monitor,5,12499.00
ORD001699,2025-04-21,C1745,Keyboard,4,1499.00
ORD001700,2025-08-15,C1295,Headphones,2,3299.00
ORD001701,2025-08-01,C1142,Headphones,5,3299.00
ORD001702,2025-03-15,C1212,Keyboard,3,1499.00
ORD001703,2025-09-26,C1343,Power Bank,1,1799.00
ORD001704,2025-02-15,C1006,Headphones,4,3299.00
ORD001705,2025-08-01,C1179,Webcam,5,2499.00
ORD001706,2025-12-30,C1581,Power Bank,2,1799.00
ORD001707,2025-04-06,C1852,Laptop Stand,4,1199.00
ORD001708,2025-10-11,C1502,Webcam,1,2499.00
ORD001709,2025-10-27,C1311,Webcam,4,2499.00
ORD001710,2025-08-26,C1229,USB Hub,1,899.00
ORD001711,2025-03-20,C1268,Wireless Mouse,3,799.00
ORD001712,2025-03-05,C1669,Power Bank,3,1799.00
ORD001713,2025-04-02,C1503,Headphones,2,3299.00
ORD001714,2025-03-03,C1783,Wireless Mouse,3,799.00
ORD001715,2025-02-04,C1613,Power Bank,3,1799.00
ORD001716,2025-10-17,C1446,Power Bank,3,1799.00
ORD001717,2025-12-22,C1837,Power Bank,1,1799.00
ORD001718,2025-09-20,C1750,Monitor,5,12499.00
ORD001719,2025-05-13,C1166,Wireless Mouse,5,799.00
ORD001720,2025-03-16,C1327,Wireless Mouse,4,799.00
ORD001721,2025-07-02,C1167,USB-C Cable,1,299.50
ORD001722,2025-07-04,C1429,Webcam,3,2499.00
ORD001723,2025-05-29,C1298,Wireless Mouse,5,799.00
ORD001724,2025-09-21,C1198,Keyboard,2,1499.00
ORD001725,2025-11-03,C1770,Keyboard,2,1499.00
ORD001726,2025-06-15,C1893,USB Hub,3,899.00
ORD001727,2025-05-19,C1701,Webcam,3,2499.00
ORD001728,2025-10-01,C1593,Keyboard,3,1499.00
ORD001729,2025-01-07,C1140,USB-C Cable,5,299.50
ORD001730,2025-07-10,C1797,Webcam,4,2499.00
ORD001731,2025-06-24,C1943,Headphones,2,3299.00
ORD001732,2025-04-22,C1158,Keyboard,5,1499.00
ORD001733,2025-04-07,C1814,Laptop Stand,5,1199.00
ORD001734,2025-09-30,C1729,USB Hub,5,899.00
ORD001735,2025-08-02,C1471,Keyboard,1,1499.00
ORD001736,2025-03-09,C1945,Keyboard,1,1499.00
ORD001737,2025-06-28,C1319,Power Bank,3,1799.00
ORD001738,2025-08-15,C1911,USB-C Cable,5,299.50
ORD001739,2025-06-25,C1176,USB Hub,3,899.00
ORD001740,2025-03-02,C1227,Wireless Mouse,2,799.00
ORD001741,2025-12-19,C1232,USB-C Cable,3,299.50
ORD001742,2025-04-18,C1133,USB-C Cable,1,299.50
ORD001743,2025-12-20,C1781,Headphones,1,3299.00
ORD001744,2025-01-10,C1793,Keyboard,4,1499.00
ORD001745,2025-01-22,C1201,Headphones,1,3299.00
ORD001746,2025-12-04,C1525,Wireless Mouse,5,799.00
ORD001747,2025-08-29,C1121,Wireless Mouse,3,799.00
ORD001748,2025-02-03,C1308,Wireless Mouse,1,799.00
ORD001749,2025-03-05,C1942,Keyboard,5,1499.00
ORD001750,2025-10-28,C1922,Laptop Stand,2,1199.00
ORD001751,2025-12-10,C1359,USB-C Cable,1,299.50
ORD001752,2025-03-16,C1866,Keyboard,3,1499.00
ORD001753,2025-06-30,C1164,Monitor,5,12499.00
ORD001754,2025-09-16,C1583,Laptop Stand,1,1199.00
ORD001755,2025-10-24,C1781,Keyboard,1,1499.00
ORD001756,2025-04-22,C1732,USB Hub,2,899.00
ORD001757,2025-03-29,C1923,Webcam,5,2499.00
ORD001758,2025-02-20,C1946,Wireless Mouse,2,799.00
ORD001759,2025-12-29,C1486,USB Hub,3,899.00
ORD001760,2025-08-14,C1689,USB-C Cable,1,299.50
ORD001761,2025-07-01,C1388,USB-C Cable,4,299.50
ORD001762,2025-09-21,C1233,Laptop Stand,4,1199.00
ORD001763,2025-06-10,C1126,Keyboard,4,1499.00
ORD001764,2025-09-24,C1139,Keyboard,4,1499.00
ORD001765,2025-12-27,C1295,Monitor,5,12499.00
ORD001766,2025-02-12,C1335,Wireless Mouse,4,799.00
ORD001767,2025-07-17,C1290,Keyboard,4,1499.00
ORD001768,2025-12-18,C1999,Webcam,4,2499.00
ORD001769,2025-10-11,C1417,Laptop Stand,3,1199.00
ORD001770,2025-04-07,C1877,Headphones,1,3299.00
ORD001771,2025-12-14,C1376,Power Bank,2,1799.00
ORD001772,2025-12-12,C1503,Wireless Mouse,1,799.00
ORD001773,2025-08-13,C1535,Headphones,1,3299.00
ORD001774,2025-03-15,C1404,Keyboard,4,1499.00
ORD001775,2025-03-28,C1066,Keyboard,3,1499.00
ORD001776,2025-06-23,C1205,Laptop Stand,5,1199.00
ORD001777,2025-03-04,C1238,Headphones,4,3299.00
ORD001778,2025-05-23,C1783,Power Bank,5,1799.00
ORD001779,2025-11-26,C1965,Webcam,4,2499.00
ORD001780,2025-09-01,C1682,Monitor,5,12499.00
ORD001781,2025-09-06,C1523,Headphones,3,3299.00
ORD001782,2025-08-21,C1110,USB-C Cable,1,299.50
ORD001783,2025-09-08,C1509,Webcam,2,2499.00
ORD001784,2025-01-16,C1101,USB-C Cable,1,299.50
ORD001785,2025-09-13,C1694,Keyboard,1,1499.00
ORD001786,2025-07-15,C1619,USB-C Cable,3,299.50
ORD001787,2025-06-05,C1636,USB-C Cable,5,299.50
ORD001788,2025-02-09,C1676,Keyboard,5,1499.00
ORD001789,2025-08-27,C1206,Power Bank,3,1799.00
ORD001790,2025-09-09,C1516,Power Bank,3,1799.00
ORD001791,2025-06-25,C1828,USB Hub,5,899.00
ORD001792,2025-01-10,C1975,USB Hub,1,899.00
ORD001793,2025-03-02,C1392,Headphones,4,3299.00
ORD001794,2025-07-12,C1453,Monitor,4,12499.00
ORD001795,2025-01-17,C1181,Wireless Mouse,5,799.00
ORD001796,2025-12-28,C1168,Webcam,4,2499.00
ORD001797,2025-03-10,C1319,Headphones,4,3299.00
ORD001798,2025-02-26,C1582,Power Bank,4,1799.00
ORD001799,2025-12-17,C1552,USB Hub,5,899.00
ORD001800,2025-09-01,C1575,Power Bank,2,1799.00
ORD001801,2025-01-29,C1400,USB Hub,3,899.00
ORD001802,2025-10-30,C1994,Power Bank,4,1799.00
ORD001803,2025-05-26,C1328,Monitor,1,12499.00
ORD001804,2025-10-30,C1046,Wireless Mouse,2,799.00
ORD001805,2025-06-28,C1828,Monitor,5,12499.00
ORD001806,2025-11-17,C1349,Wireless Mouse,4,799.00
ORD001807,2025-08-08,C1353,Keyboard,3,1499.00
ORD001808,2025-06-29,C1057,Headphones,2,3299.00
ORD001809,2025-05-01,C1663,Laptop Stand,3,1199.00
ORD001810,2025-12-19,C1067,Keyboard,3,1499.00
ORD001811,2025-06-22,C1173,Keyboard,1,1499.00
ORD001812,2025-06-16,C1038,USB Hub,4,899.00
ORD001813,2025-10-18,C1527,Headphones,4,3299.00
ORD001814,2025-01-11,C1712,Webcam,4,2499.00
ORD001815,2025-06-12,C1386,Wireless Mouse,5,799.00
ORD001816,2025-06-15,C1586,Headphones,1,3299.00
ORD001817,2025-02-21,C1707,Power Bank,2,1799.00
ORD001818,2025-09-12,C1514,Monitor,3,12499.00
ORD001819,2025-11-11,C1306,USB-C Cable,3,299.50
ORD001820,2025-04-14,C1508,Headphones,1,3299.00
ORD001821,2025-04-20,C1294,USB Hub,3,899.00
ORD001822,2025-06-02,C1587,Wireless Mouse,4,799.00
ORD001823,2025-11-16,C1760,Laptop Stand,1,1199.00
ORD001824,2025-10-31,C1344,Keyboard,3,1499.00
ORD001825,2025-10-18,C1820,Keyboard,5,1499.00
ORD001826,2025-08-07,C1214,Power Bank,3,1799.00
ORD001827,2025-11-30,C1843,Keyboard,3,1499.00
ORD001828,2025-06-03,C1443,USB Hub,5,899.00
ORD001829,2025-04-13,C1424,Monitor,4,12499.00
ORD001830,2025-11-16,C1527,Webcam,4,2499.00
ORD001831,2025-04-03,C1902,USB Hub,1,899.00
ORD001832,2025-04-06,C1590,USB Hub,4,899.00
ORD001833,2025-12-05,C1985,Laptop Stand,4,1199.00
ORD001834,2025-11-23,C1545,Webcam,5,2499.00
ORD001835,2025-10-17,C1744,Headphones,1,3299.00
ORD001836,2025-04-13,C1373,USB Hub,4,899.00
ORD001837,2025-05-04,C1154,USB-C Cable,3,299.50
ORD001838,2025-07-30,C1326,Headphones,1,3299.00
ORD001839,2025-07-31,C1273,Laptop Stand,3,1199.00
ORD001840,2025-05-12,C1703,USB-C Cable,5,299.50
ORD001841,2025-07-27,C1244,Laptop Stand,1,1199.00
ORD001842,2025-04-09,C1028,USB-C Cable,2,299.50
ORD001843,2025-08-26,C1497,Webcam,5,2499.00
ORD001844,2025-08-05,C1662,Headphones,1,3299.00
ORD001845,2025-03-23,C1279,Laptop Stand,2,1199.00
ORD001846,2025-05-13,C1808,Wireless Mouse,3,799.00
ORD001847,2025-04-01,C1659,USB Hub,1,899.00
ORD001848,2025-01-11,C1056,Power Bank,1,1799.00
ORD001849,2025-11-05,C1305,Monitor,1,12499.00
ORD001850,2025-07-06,C1687,Headphones,1,3299.00
ORD001851,2025-03-13,C1241,Headphones,1,3299.00
ORD001852,2025-03-03,C1534,USB Hub,5,899.00
ORD001853,2025-05-09,C1508,USB Hub,1,899.00
ORD001854,2025-11-04,C1125,Laptop Stand,3,1199.00
ORD001855,2025-10-27,C1754,Monitor,4,12499.00
ORD001856,2025-08-05,C1223,Laptop Stand,2,1199.00
ORD001857,2025-03-31,C1219,Keyboard,3,1499.00
ORD001858,2025-07-29,C1260,Power Bank,5,1799.00
ORD001859,2025-09-09,C1546,Wireless Mouse,3,799.00
ORD001860,2025-06-12,C1558,Keyboard,4,1499.00
ORD001861,2025-12-16,C1252,Power Bank,3,1799.00
ORD001862,2025-07-05,C1486,USB-C Cable,3,299.50
ORD001863,2025-01-11,C1660,Webcam,5,2499.00
ORD001864,2025-12-06,C1818,Wireless Mouse,1,799.00
ORD001865,2025-05-10,C1565,Laptop Stand,4,1199.00
ORD001866,2025-11-24,C1981,Webcam,3,2499.00
ORD001867,2025-10-01,C1887,Keyboard,2,1499.00
ORD001868,2025-07-18,C1008,Power Bank,4,1799.00
ORD001869,2025-06-04,C1092,Webcam,2,2499.00
ORD001870,2025-04-18,C1880,Webcam,2,2499.00
ORD001871,2025-11-20,C1324,Power Bank,4,1799.00
ORD001872,2025-05-21,C1887,Wireless Mouse,1,799.00
ORD001873,2025-08-30,C1754,Power Bank,4,1799.00
ORD001874,2025-08-05,C1897,Monitor,1,12499.00
ORD001875,2025-12-24,C1267,USB-C Cable,5,299.50
ORD001876,2025-06-30,C1430,Keyboard,5,1499.00
ORD001877,2025-06-17,C1464,USB Hub,1,899.00
ORD001878,2025-11-25,C1656,Wireless Mouse,2,799.00
ORD001879,2025-11-25,C1139,Power Bank,1,1799.00
ORD001880,2025-04-13,C1643,Headphones,3,3299.00
ORD001881,2025-10-22,C1084,Monitor,1,12499.00
ORD001882,2025-05-08,C1528,USB-C Cable,2,299.50
ORD001883,2025-06-13,C1462,Headphones,4,3299.00
ORD001884,2025-05-14,C1177,USB-C Cable,5,299.50
ORD001885,2025-05-25,C1203,Monitor,1,12499.00
ORD001886,2025-07-08,C1186,Headphones,4,3299.00
ORD001887,2025-10-20,C1229,Headphones,1,3299.00
ORD001888,2025-10-13,C1662,Wireless Mouse,5,799.00
ORD001889,2025-02-15,C1997,Laptop Stand,4,1199.00
ORD001890,2025-05-15,C1718,Laptop Stand,2,1199.00
ORD001891,2025-07-25,C1632,Wireless Mouse,4,799.00
ORD001892,2025-03-18,C1091,Webcam,3,2499.00
ORD001893,2025-10-18,C1120,USB-C Cable,1,299.50
ORD001894,2025-08-11,C1791,USB Hub,4,899.00
ORD001895,2025-03-02,C1229,Power Bank,2,1799.00
ORD001896,2025-05-17,C1294,Laptop Stand,4,1199.00
ORD001897,2025-03-08,C1441,Headphones,2,3299.00
ORD001898,2025-05-25,C1744,Laptop Stand,2,1199.00
ORD001899,2025-04-03,C1418,Headphones,2,3299.00
ORD001900,2025-05-29,C1999,Wireless Mouse,3,799.00
ORD001901,2025-11-13,C1461,Laptop Stand,2,1199.00
ORD001902,2025-10-26,C1700,Monitor,4,12499.00
ORD001903,2025-01-06,C1480,Keyboard,2,1499.00
ORD001904,2025-12-21,C1407,Monitor,2,12499.00
ORD001905,2025-12-29,C1433,Headphones,5,3299.00
ORD001906,2025-02-07,C1097,Webcam,5,2499.00
ORD001907,2025-01-27,C1340,Wireless Mouse,2,799.00
ORD001908,2025-07-01,C1620,Power Bank,5,1799.00
ORD001909,2025-01-03,C1259,Wireless Mouse,5,799.00
ORD001910,2025-06-04,C1404,Headphones,3,3299.00
ORD001911,2025-10-14,C1042,USB-C Cable,5,299.50
ORD001912,2025-05-14,C1173,USB-C Cable,5,299.50
ORD001913,2025-06-23,C1898,Power Bank,4,1799.00
ORD001914,2025-02-15,C1324,USB-C Cable,5,299.50
ORD001915,2025-03-14,C1266,Headphones,1,3299.00
ORD001916,2025-01-23,C1130,Monitor,4,12499.00
ORD001917,2025-07-04,C1948,Webcam,4,2499.00
ORD001918,2025-05-15,C1627,Webcam,3,2499.00
ORD001919,2025-06-10,C1446,USB Hub,2,899.00
ORD001920,2025-09-09,C1782,Monitor,2,12499.00
ORD001921,2025-12-03,C1651,USB Hub,4,899.00
ORD001922,2025-04-07,C1152,Wireless Mouse,1,799.00
ORD001923,2025-04-04,C1036,Laptop Stand,4,1199.00
ORD001924,2025-03-25,C1722,Webcam,4,2499.00
ORD001925,2025-03-01,C1916,Headphones,4,3299.00
ORD001926,2025-08-15,C1365,Wireless Mouse,5,799.00
ORD001927,2025-08-23,C1504,Power Bank,1,1799.00
ORD001928,2025-03-05,C1357,USB-C Cable,1,299.50
ORD001929,2025-05-26,C1184,Laptop Stand,2,1199.00
ORD001930,2025-05-20,C1576,USB Hub,5,899.00
ORD001931,2025-10-26,C1994,Laptop Stand,1,1199.00
ORD001932,2025-10-20,C1184,USB Hub,4,899.00
ORD001933,2025-05-07,C1786,Keyboard,4,1499.00
ORD001934,2025-06-18,C1026,Keyboard,3,1499.00
ORD001935,2025-07-21,C1382,Keyboard,5,1499.00
ORD001936,2025-06-15,C1157,Keyboard,1,1499.00
ORD001937,2025-08-24,C1850,Keyboard,4,1499.00
ORD001938,2025-11-18,C1978,Power Bank,3,1799.00
ORD001939,2025-06-18,C1993,Wireless Mouse,1,799.00
ORD001940,2025-06-16,C1970,Power Bank,5,1799.00
ORD001941,2025-04-19,C1883,USB-C Cable,1,299.50
ORD001942,2025-06-15,C1817,Webcam,1,2499.00
ORD001943,2025-10-08,C1974,Keyboard,5,1499.00
ORD001944,2025-02-17,C1408,Headphones,3,3299.00
ORD001945,2025-05-03,C1988,USB-C Cable,4,299.50
ORD001946,2025-01-11,C1872,Keyboard,2,1499.00
ORD001947,2025-07-18,C1798,USB-C Cable,4,299.50
ORD001948,2025-11-28,C1770,Webcam,2,2499.00
ORD001949,2025-06-02,C1502,Keyboard,4,1499.00
ORD001950,2025-12-17,C1617,Webcam,2,2499.00
ORD001951,2025-12-07,C1098,Monitor,3,12499.00
ORD001952,2025-04-13,C1501,USB Hub,4,899.00
ORD001953,2025-09-01,C1274,Headphones,5,3299.00
ORD001954,2025-02-16,C1774,Headphones,4,3299.00
ORD001955,2025-11-11,C1190,Monitor,4,12499.00
ORD001956,2025-02-17,C1041,Headphones,5,3299.00
ORD001957,2025-08-26,C1692,Monitor,2,12499.00
ORD001958,2025-09-11,C1539,USB-C Cable,5,299.50
ORD001959,2025-05-29,C1479,Keyboard,4,1499.00
ORD001960,2025-09-02,C1307,Keyboard,2,1499.00
ORD001961,2025-12-17,C1924,USB-C Cable,3,299.50
ORD001962,2025-09-25,C1437,Laptop Stand,3,1199.00
ORD001963,2025-10-10,C1078,Wireless Mouse,1,799.00
ORD001964,2025-02-25,C1522,USB Hub,4,899.00
ORD001965,2025-02-18,C1475,Headphones,5,3299.00
ORD001966,2025-07-01,C1260,Webcam,5,2499.00
ORD001967,2025-09-15,C1016,Keyboard,1,1499.00
ORD001968,2025-04-02,C1805,Power Bank,2,1799.00
ORD001969,2025-01-24,C1085,Headphones,4,3299.00
ORD001970,2025-06-10,C1601,Webcam,4,2499.00
ORD001971,2025-11-16,C1827,Power Bank,3,1799.00
ORD001972,2025-04-06,C1216,Monitor,2,12499.00
ORD001973,2025-11-06,C1265,Keyboard,1,1499.00
ORD001974,2025-10-01,C1018,Headphones,1,3299.00
ORD001975,2025-03-01,C1013,Headphones,2,3299.00
ORD001976,2025-08-24,C1708,Power Bank,4,1799.00
ORD001977,2025-06-05,C1633,Power Bank,5,1799.00
ORD001978,2025-12-20,C1689,Monitor,4,12499.00
ORD001979,2025-02-14,C1128,Webcam,2,2499.00
ORD001980,2025-04-08,C1114,Wireless Mouse,1,799.00
ORD001981,2025-01-14,C1214,Laptop Stand,4,1199.00
ORD001982,2025-11-29,C1247,USB-C Cable,4,299.50
ORD001983,2025-04-08,C1088,USB Hub,3,899.00
ORD001984,2025-03-17,C1485,Power Bank,4,1799.00
ORD001985,2025-03-01,C1170,Wireless Mouse,2,799.00
ORD001986,2025-09-06,C1482,Power Bank,1,1799.00
ORD001987,2025-10-27,C1248,Power Bank,2,1799.00
ORD001988,2025-10-19,C1849,Webcam,4,2499.00
ORD001989,2025-06-20,C1008,Wireless Mouse,1,799.00
ORD001990,2025-08-01,C1868,Headphones,4,3299.00
ORD001991,2025-05-29,C1037,USB Hub,4,899.00
ORD001992,2025-09-06,C1525,Headphones,5,3299.00
ORD001993,2025-04-29,C1731,Power Bank,1,1799.00
ORD001994,2025-01-10,C1432,USB Hub,5,899.00
ORD001995,2025-10-11,C1065,Monitor,3,12499.00
ORD001996,2025-08-31,C1119,Headphones,4,3299.00
ORD001997,2025-08-18,C1714,Monitor,4,12499.00
ORD001998,2025-03-24,C1294,Wireless Mouse,2,799.00
ORD001999,2025-06-26,C1448,Power Bank,2,1799.00
ORD002000,2025-04-23,C1601,USB Hub,3,899.00
ORD002001,2025-03-09,C1904,Power Bank,3,1799.00
ORD002002,2025-08-02,C1853,Headphones,3,3299.00
ORD002003,2025-03-24,C1636,Power Bank,2,1799.00
ORD002004,2025-12-20,C1767,Webcam,1,2499.00
ORD002005,2025-03-08,C1177,Power Bank,2,1799.00
ORD002006,2025-11-07,C1503,USB-C Cable,1,299.50
ORD002007,2025-09-10,C1310,Headphones,2,3299.00
ORD002008,2025-10-13,C1048,Laptop Stand,1,1199.00
ORD002009,2025-05-14,C1365,Monitor,2,12499.00
ORD002010,2025-09-15,C1032,USB-C Cable,1,299.50
ORD002011,2025-08-09,C1116,Monitor,5,12499.00
ORD002012,2025-03-03,C1575,Laptop Stand,2,1199.00
ORD002013,2025-05-13,C1348,Power Bank,3,1799.00
ORD002014,2025-10-13,C1273,Wireless Mouse,2,799.00
ORD002015,2025-11-06,C1685,USB Hub,1,899.00
ORD002016,2025-08-13,C1818,Wireless Mouse,4,799.00
ORD002017,2025-02-24,C1800,Keyboard,5,1499.00
ORD002018,2025-10-15,C1042,Keyboard,5,1499.00
ORD002019,2025-03-27,C1645,Keyboard,1,1499.00
ORD002020,2025-07-05,C1160,Laptop Stand,3,1199.00
ORD002021,2025-09-17,C1510,Power Bank,1,1799.00
ORD002022,2025-11-28,C1372,USB-C Cable,3,299.50
ORD002023,2025-03-04,C1868,USB-C Cable,2,299.50
ORD002024,2025-08-01,C1787,Power Bank,1,1799.00
ORD002025,2025-08-31,C1349,Laptop Stand,3,1199.00
ORD002026,2025-03-29,C1087,USB Hub,3,899.00
ORD002027,2025-08-01,C1369,Monitor,2,12499.00
ORD002028,2025-09-29,C1431,USB-C Cable,2,299.50
ORD002029,2025-08-08,C1423,USB-C Cable,4,299.50
ORD002030,2025-09-22,C1813,Power Bank,3,1799.00
ORD002031,2025-08-15,C1149,Wireless Mouse,1,799.00
ORD002032,2025-02-05,C1086,USB Hub,3,899.00
ORD002033,2025-07-25,C1790,Monitor,2,12499.00
ORD002034,2025-02-01,C1402,Headphones,1,3299.00
ORD002035,2025-10-22,C1059,USB-C Cable,5,299.50
ORD002036,2025-08-03,C1411,Webcam,5,2499.00
ORD002037,2025-06-10,C1931,Webcam,3,2499.00
ORD002038,2025-05-24,C1921,Wireless Mouse,5,799.00
ORD002039,2025-12-25,C1413,USB-C Cable,4,299.50
ORD002040,2025-10-06,C1639,Laptop Stand,5,1199.00
ORD002041,2025-12-24,C1353,Power Bank,4,1799.00
ORD002042,2025-06-04,C1086,Laptop Stand,1,1199.00
ORD002043,2025-06-21,C1399,USB Hub,2,899.00
ORD002044,2025-10-04,C1290,USB Hub,2,899.00
ORD002045,2025-09-19,C1565,Keyboard,3,1499.00
ORD002046,2025-06-24,C1775,USB Hub,2,899.00
ORD002047,2025-01-15,C1911,Wireless Mouse,5,799.00
ORD002048,2025-05-04,C1852,Webcam,3,2499.00
ORD002049,2025-09-16,C1113,Headphones,1,3299.00
ORD002050,2025-05-13,C1642,Monitor,5,12499.00
ORD002051,2025-03-05,C1048,Monitor,1,12499.00
ORD002052,2025-06-02,C1586,Power Bank,1,1799.00
ORD002053,2025-06-23,C1241,Power Bank,5,1799.00
ORD002054,2025-11-01,C1239,USB Hub,3,899.00
ORD002055,2025-05-26,C1682,Webcam,5,2499.00
ORD002056,2025-07-13,C1532,USB-C Cable,2,299.50
ORD002057,2025-06-17,C1528,Keyboard,5,1499.00
ORD002058,2025-07-04,C1465,Laptop Stand,1,1199.00
ORD002059,2025-12-31,C1435,USB-C Cable,4,299.50
ORD002060,2025-02-17,C1063,Keyboard,4,1499.00
ORD002061,2025-09-01,C1219,USB-C Cable,4,299.50
ORD002062,2025-07-09,C1693,Keyboard,5,1499.00
ORD002063,2025-10-29,C1572,Headphones,5,3299.00
ORD002064,2025-05-16,C1598,Headphones,4,3299.00
ORD002065,2025-08-14,C1705,Headphones,4,3299.00
ORD002066,2025-03-25,C1147,Headphones,5,3299.00
ORD002067,2025-09-06,C1728,USB-C Cable,4,299.50
ORD002068,2025-12-27,C1525,USB-C Cable,5,299.50
ORD002069,2025-12-22,C1217,Keyboard,4,1499.00
ORD002070,2025-01-17,C1764,Power Bank,2,1799.00
ORD002071,2025-07-09,C1943,USB Hub,1,899.00
ORD002072,2025-02-26,C1123,Headphones,3,3299.00
ORD002073,2025-01-21,C1535,Webcam,2,2499.00
ORD002074,2025-07-10,C1312,Keyboard,3,1499.00
ORD002075,2025-05-31,C1497,Webcam,1,2499.00
ORD002076,2025-03-14,C1802,USB-C Cable,5,299.50
ORD002077,2025-01-25,C1959,Headphones,3,3299.00
ORD002078,2025-04-21,C1187,Webcam,4,2499.00
ORD002079,2025-03-04,C1560,Wireless Mouse,3,799.00
ORD002080,2025-01-23,C1427,Keyboard,4,1499.00
ORD002081,2025-10-17,C1463,Webcam,3,2499.00
ORD002082,2025-09-01,C1854,Headphones,5,3299.00
ORD002083,2025-03-12,C1516,USB-C Cable,4,299.50
ORD002084,2025-12-08,C1459,Power Bank,2,1799.00
ORD002085,2025-02-15,C1819,Monitor,5,12499.00
ORD002086,2025-07-18,C1238,Headphones,4,3299.00
ORD002087,2025-10-04,C1046,Monitor,4,12499.00
ORD002088,2025-11-27,C1090,Webcam,2,2499.00
ORD002089,2025-10-20,C1645,Wireless Mouse,3,799.00
ORD002090,2025-11-27,C1126,USB Hub,5,899.00
ORD002091,2025-04-09,C1978,Keyboard,5,1499.00
ORD002092,2025-10-23,C1775,USB Hub,1,899.00
ORD002093,2025-04-07,C1768,USB Hub,4,899.00
ORD002094,2025-01-10,C1123,USB Hub,5,899.00
ORD002095,2025-01-10,C1281,USB-C Cable,2,299.50
ORD002096,2025-12-28,C1859,Laptop Stand,5,1199.00
ORD002097,2025-02-13,C1826,Power Bank,5,1799.00
ORD002098,2025-07-25,C1603,Monitor,1,12499.00
ORD002099,2025-01-12,C1348,Power Bank,4,1799.00
ORD002100,2025-08-01,C1024,USB-C Cable,5,299.50
ORD002101,2025-07-15,C1263,Monitor,1,12499.00
ORD002102,2025-02-20,C1554,Keyboard,2,1499.00
ORD002103,2025-03-15,C1187,Webcam,3,2499.00
ORD002104,2025-03-20,C1314,Keyboard,4,1499.00
ORD002105,2025-01-31,C1629,USB-C Cable,3,299.50
ORD002106,2025-01-14,C1730,USB-C Cable,1,299.50
ORD002107,2025-07-19,C1101,Webcam,3,2499.00
ORD002108,2025-07-31,C1914,USB-C Cable,3,299.50
ORD002109,2025-07-12,C1964,Webcam,1,2499.00
ORD002110,2025-04-14,C1245,Wireless Mouse,5,799.00
ORD002111,2025-09-10,C1520,Laptop Stand,5,1199.00
ORD002112,2025-02-28,C1275,Headphones,1,3299.00
ORD002113,2025-08-26,C1566,Monitor,4,12499.00
ORD002114,2025-09-05,C1029,Keyboard,4,1499.00
ORD002115,2025-01-10,C1275,Laptop Stand,5,1199.00
ORD002116,2025-05-07,C1781,Keyboard,5,1499.00
ORD002117,2025-06-05,C1581,USB-C Cable,4,299.50
ORD002118,2025-02-12,C1866,Power Bank,5,1799.00
ORD002119,2025-03-14,C1382,Laptop Stand,5,1199.00
ORD002120,2025-05-06,C1550,USB-C Cable,4,299.50
ORD002121,2025-08-20,C1042,USB Hub,1,899.00
ORD002122,2025-11-14,C1296,Power Bank,2,1799.00
ORD002123,2025-01-31,C1955,Wireless Mouse,4,799.00
ORD002124,2025-11-03,C1256,Webcam,4,2499.00
ORD002125,2025-11-20,C1217,Monitor,5,12499.00
ORD002126,2025-05-25,C1046,USB Hub,2,899.00
ORD002127,2025-10-16,C1071,USB Hub,3,899.00
ORD002128,2025-07-22,C1715,Keyboard,1,1499.00
ORD002129,2025-10-12,C1286,USB-C Cable,4,299.50
ORD002130,2025-11-09,C1516,Laptop Stand,3,1199.00
ORD002131,2025-11-22,C1267,Monitor,4,12499.00
ORD002132,2025-05-06,C1678,Webcam,3,2499.00
ORD002133,2025-04-18,C1470,Monitor,5,12499.00
ORD002134,2025-01-09,C1935,Monitor,2,12499.00
ORD002135,2025-11-08,C1487,Wireless Mouse,1,799.00
ORD002136,2025-12-11,C1177,Wireless Mouse,4,799.00
ORD002137,2025-12-23,C1720,USB Hub,4,899.00
ORD002138,2025-10-03,C1083,Headphones,1,3299.00
ORD002139,2025-01-16,C1913,USB Hub,4,899.00
ORD002140,2025-06-30,C1995,Keyboard,4,1499.00
ORD002141,2025-07-18,C1181,Monitor,1,12499.00
ORD002142,2025-08-25,C1379,Keyboard,2,1499.00
ORD002143,2025-01-05,C1226,Power Bank,1,1799.00
ORD002144,2025-12-15,C1943,Webcam,3,2499.00
ORD002145,2025-02-16,C1835,Laptop Stand,5,1199.00
ORD002146,2025-04-24,C1239,Webcam,4,2499.00
ORD002147,2025-01-19,C1287,Monitor,4,12499.00
ORD002148,2025-01-04,C1200,Laptop Stand,4,1199.00
ORD002149,2025-05-23,C1582,Keyboard,5,1499.00
ORD002150,2025-03-29,C1565,Power Bank,2,1799.00
ORD002151,2025-02-03,C1602,USB-C Cable,2,299.50
ORD002152,2025-03-07,C1265,Keyboard,5,1499.00
ORD002153,2025-09-25,C1746,Laptop Stand,3,1199.00
ORD002154,2025-12-14,C1023,Laptop Stand,5,1199.00
ORD002155,2025-12-15,C1573,Webcam,4,2499.00
ORD002156,2025-08-07,C1656,Wireless Mouse,1,799.00
ORD002157,2025-08-10,C1864,Monitor,4,12499.00
ORD002158,2025-03-04,C1696,Webcam,5,2499.00
ORD002159,2025-09-11,C1370,Power Bank,5,1799.00
ORD002160,2025-04-25,C1048,Wireless Mouse,3,799.00
ORD002161,2025-09-30,C1459,Headphones,3,3299.00
ORD002162,2025-07-20,C1199,Wireless Mouse,3,799.00
ORD002163,2025-10-20,C1827,Keyboard,1,1499.00
ORD002164,2025-12-20,C1433,Laptop Stand,1,1199.00
ORD002165,2025-04-11,C1168,Laptop Stand,3,1199.00
ORD002166,2025-02-02,C1641,Webcam,1,2499.00
ORD002167,2025-09-03,C1442,Wireless Mouse,1,799.00
ORD002168,2025-05-09,C1253,Monitor,1,12499.00
ORD002169,2025-05-03,C1981,Power Bank,3,1799.00
ORD002170,2025-06-20,C1532,Wireless Mouse,2,799.00
ORD002171,2025-11-04,C1634,Keyboard,4,1499.00
ORD002172,2025-11-17,C1457,Keyboard,5,1499.00
ORD002173,2025-02-13,C1997,Keyboard,1,1499.00
ORD002174,2025-07-13,C1320,Wireless Mouse,1,799.00
ORD002175,2025-02-01,C1941,USB-C Cable,4,299.50
ORD002176,2025-06-04,C1625,Wireless Mouse,4,799.00
ORD002177,2025-02-22,C1693,Keyboard,1,1499.00
ORD002178,2025-01-27,C1301,USB Hub,4,899.00
ORD002179,2025-02-19,C1632,Headphones,4,3299.00
ORD002180,2025-11-03,C1806,Laptop Stand,5,1199.00
ORD002181,2025-08-21,C1393,Wireless Mouse,4,799.00
ORD002182,2025-11-14,C1634,Headphones,1,3299.00
ORD002183,2025-11-30,C1960,Monitor,1,12499.00
ORD002184,2025-09-22,C1336,Power Bank,5,1799.00
ORD002185,2025-02-25,C1105,Laptop Stand,1,1199.00
ORD002186,2025-10-31,C1808,Keyboard,2,1499.00
ORD002187,2025-11-23,C1521,USB-C Cable,3,299.50
ORD002188,2025-08-04,C1492,Monitor,5,12499.00
ORD002189,2025-04-06,C1248,Power Bank,2,1799.00
ORD002190,2025-01-31,C1130,Wireless Mouse,3,799.00
ORD002191,2025-09-20,C1982,Headphones,3,3299.00
ORD002192,2025-10-26,C1906,Webcam,5,2499.00
ORD002193,2025-03-17,C1480,USB-C Cable,3,299.50
ORD002194,2025-05-30,C1377,Monitor,1,12499.00
ORD002195,2025-10-28,C1673,USB Hub,2,899.00
ORD002196,2025-05-02,C1519,Wireless Mouse,5,799.00
ORD002197,2025-08-05,C1352,Wireless Mouse,2,799.00
ORD002198,2025-11-24,C1930,Laptop Stand,2,1199.00
ORD002199,2025-06-24,C1193,Keyboard,4,1499.00
ORD002200,2025-11-04,C1709,Power Bank,3,1799.00
ORD002201,2025-11-12,C1306,Monitor,4,12499.00
ORD002202,2025-03-25,C1107,Monitor,4,12499.00
ORD002203,2025-09-11,C1224,Wireless Mouse,1,799.00
ORD002204,2025-12-21,C1235,Laptop Stand,4,1199.00
ORD002205,2025-05-03,C1492,Laptop Stand,3,1199.00
ORD002206,2025-04-16,C1409,Headphones,2,3299.00
ORD002207,2025-07-05,C1010,Wireless Mouse,1,799.00
ORD002208,2025-01-16,C1568,Monitor,1,12499.00
ORD002209,2025-05-29,C1450,USB-C Cable,2,299.50
ORD002210,2025-01-23,C1998,Monitor,1,12499.00
ORD002211,2025-04-12,C1290,Laptop Stand,2,1199.00
ORD002212,2025-05-15,C1736,Laptop Stand,2,1199.00
ORD002213,2025-10-11,C1251,Monitor,2,12499.00
ORD002214,2025-01-12,C1180,Laptop Stand,3,1199.00
ORD002215,2025-01-11,C1851,Keyboard,2,1499.00
ORD002216,2025-12-02,C1806,Headphones,1,3299.00
ORD002217,2025-04-18,C1312,Monitor,4,12499.00
ORD002218,2025-07-09,C1828,Laptop Stand,3,1199.00
ORD002219,2025-09-27,C1818,USB-C Cable,5,299.50
ORD002220,2025-12-31,C1066,Headphones,1,3299.00
ORD002221,2025-03-08,C1813,USB-C Cable,2,299.50
ORD002222,2025-09-30,C1387,Laptop Stand,3,1199.00
ORD002223,2025-11-03,C1439,Monitor,2,12499.00
ORD002224,2025-11-12,C1601,Wireless Mouse,2,799.00
ORD002225,2025-05-31,C1808,USB Hub,2,899.00
ORD002226,2025-05-07,C1054,Monitor,3,12499.00
ORD002227,2025-09-18,C1991,USB-C Cable,5,299.50
ORD002228,2025-04-18,C1744,Power Bank,1,1799.00
ORD002229,2025-12-06,C1629,Power Bank,1,1799.00
ORD002230,2025-09-18,C1397,USB-C Cable,5,299.50
ORD002231,2025-09-13,C1531,Monitor,4,12499.00
ORD002232,2025-06-14,C1729,USB-C Cable,3,299.50
ORD002233,2025-12-22,C1494,USB Hub,4,899.00
ORD002234,2025-05-18,C1595,Power Bank,4,1799.00
ORD002235,2025-04-17,C1224,Wireless Mouse,2,799.00
ORD002236,2025-05-01,C1405,Power Bank,2,1799.00
ORD002237,2025-08-06,C1910,Webcam,4,2499.00
ORD002238,2025-07-11,C1260,USB-C Cable,5,299.50
ORD002239,2025-03-10,C1769,Keyboard,1,1499.00
ORD002240,2025-08-16,C1531,Webcam,3,2499.00
ORD002241,2025-10-26,C1042,Laptop Stand,4,1199.00
ORD002242,2025-11-15,C1344,USB Hub,4,899.00
ORD002243,2025-08-28,C1442,Power Bank,4,1799.00
ORD002244,2025-09-12,C1324,Monitor,3,12499.00
ORD002245,2025-01-13,C1183,Headphones,4,3299.00
ORD002246,2025-05-16,C1660,Laptop Stand,1,1199.00
ORD002247,2025-02-12,C1301,Monitor,5,12499.00
ORD002248,2025-10-07,C1659,USB Hub,1,899.00
ORD002249,2025-04-27,C1100,Webcam,1,2499.00
ORD002250,2025-07-04,C1039,Keyboard,5,1499.00
ORD002251,2025-06-20,C1201,Laptop Stand,3,1199.00
ORD002252,2025-06-04,C1763,Webcam,3,2499.00
ORD002253,2025-12-28,C1618,Laptop Stand,2,1199.00
ORD002254,2025-05-14,C1008,USB Hub,3,899.00
ORD002255,2025-06-27,C1801,Webcam,4,2499.00
ORD002256,2025-10-24,C1775,Headphones,1,3299.00
ORD002257,2025-12-01,C1524,Power Bank,2,1799.00
ORD002258,2025-04-27,C1232,Headphones,2,3299.00
ORD002259,2025-04-30,C1528,Power Bank,5,1799.00
ORD002260,2025-08-28,C1739,USB Hub,4,899.00
ORD002261,2025-02-13,C1320,Monitor,2,12499.00
ORD002262,2025-12-24,C1427,Headphones,2,3299.00
ORD002263,2025-08-19,C1873,Power Bank,5,1799.00
ORD002264,2025-07-11,C1142,Wireless Mouse,5,799.00
ORD002265,2025-06-06,C1965,USB-C Cable,1,299.50
ORD002266,2025-12-04,C1854,Power Bank,3,1799.00
ORD002267,2025-04-26,C1429,Monitor,4,12499.00
ORD002268,2025-12-20,C1550,Headphones,3,3299.00
ORD002269,2025-10-28,C1023,Monitor,5,12499.00
ORD002270,2025-03-13,C1157,Wireless Mouse,3,799.00
ORD002271,2025-07-15,C1209,Headphones,4,3299.00
ORD002272,2025-10-01,C1395,Keyboard,2,1499.00
ORD002273,2025-02-25,C1336,Power Bank,5,1799.00
ORD002274,2025-11-24,C1916,Power Bank,3,1799.00
ORD002275,2025-03-29,C1106,Keyboard,5,1499.00
ORD002276,2025-01-17,C1846,USB-C Cable,5,299.50
ORD002277,2025-01-14,C1191,Power Bank,2,1799.00
ORD002278,2025-07-17,C1290,Keyboard,2,1499.00
ORD002279,2025-05-30,C1675,Laptop Stand,5,1199.00
ORD002280,2025-08-21,C1058,Keyboard,3,1499.00
ORD002281,2025-01-06,C1175,USB Hub,3,899.00
ORD002282,2025-07-20,C1160,Headphones,1,3299.00
ORD002283,2025-10-02,C1428,USB-C Cable,4,299.50
ORD002284,2025-07-19,C1978,Keyboard,2,1499.00
ORD002285,2025-04-16,C1317,USB-C Cable,4,299.50
ORD002286,2025-03-23,C1618,Power Bank,5,1799.00
ORD002287,2025-10-28,C1207,Webcam,5,2499.00
ORD002288,2025-05-22,C1206,Power Bank,1,1799.00
ORD002289,2025-08-17,C1065,USB-C Cable,4,299.50
ORD002290,2025-09-27,C1336,Laptop Stand,5,1199.00
ORD002291,2025-08-24,C1473,Power Bank,5,1799.00
ORD002292,2025-02-16,C1294,Wireless Mouse,4,799.00
ORD002293,2025-12-25,C1862,Monitor,3,12499.00
ORD002294,2025-11-10,C1843,Headphones,2,3299.00
ORD002295,2025-05-08,C1183,Headphones,5,3299.00
ORD002296,2025-08-23,C1393,Headphones,2,3299.00
ORD002297,2025-07-21,C1715,Keyboard,1,1499.00
ORD002298,2025-03-22,C1280,Laptop Stand,5,1199.00
ORD002299,2025-12-08,C1938,Webcam,1,2499.00
ORD002300,2025-09-10,C1421,Laptop Stand,5,1199.00
ORD002301,2025-07-08,C1078,Keyboard,1,1499.00
ORD002302,2025-06-16,C1419,USB Hub,4,899.00
ORD002303,2025-05-10,C1212,USB-C Cable,5,299.50
ORD002304,2025-08-25,C1027,Wireless Mouse,1,799.00
ORD002305,2025-07-15,C1351,Power Bank,4,1799.00
ORD002306,2025-07-23,C1038,Laptop Stand,1,1199.00
ORD002307,2025-02-28,C1726,Webcam,2,2499.00
ORD002308,2025-12-10,C1766,Monitor,4,12499.00
ORD002309,2025-08-25,C1069,Power Bank,1,1799.00
ORD002310,2025-12-03,C1248,USB Hub,4,899.00
ORD002311,2025-08-30,C1840,USB-C Cable,3,299.50
ORD002312,2025-03-29,C1858,USB-C Cable,1,299.50
ORD002313,2025-04-01,C1301,Keyboard,1,1499.00
ORD002314,2025-07-20,C1172,USB Hub,1,899.00
ORD002315,2025-12-13,C1279,Wireless Mouse,2,799.00
ORD002316,2025-07-03,C1182,Power Bank,2,1799.00
ORD002317,2025-12-12,C1545,Wireless Mouse,2,799.00
ORD002318,2025-12-23,C1048,Power Bank,5,1799.00
ORD002319,2025-07-19,C1706,Keyboard,3,1499.00
ORD002320,2025-01-27,C1612,Power Bank,1,1799.00
ORD002321,2025-07-13,C1785,Wireless Mouse,2,799.00
ORD002322,2025-07-11,C1930,Laptop Stand,2,1199.00
ORD002323,2025-02-16,C1016,Laptop Stand,4,1199.00
ORD002324,2025-01-08,C1345,Wireless Mouse,2,799.00
ORD002325,2025-04-23,C1981,Keyboard,1,1499.00
ORD002326,2025-03-27,C1045,USB-C Cable,4,299.50
ORD002327,2025-02-25,C1835,USB Hub,3,899.00
ORD002328,2025-10-15,C1641,Monitor,2,12499.00
ORD002329,2025-10-05,C1404,Laptop Stand,4,1199.00
ORD002330,2025-04-29,C1218,Keyboard,1,1499.00
ORD002331,2025-06-15,C1177,Monitor,1,12499.00
ORD002332,2025-12-01,C1323,Headphones,1,3299.00
ORD002333,2025-04-19,C1469,Headphones,2,3299.00
ORD002334,2025-12-03,C1834,Keyboard,3,1499.00
ORD002335,2025-01-23,C1068,Monitor,2,12499.00
ORD002336,2025-06-04,C1785,Headphones,5,3299.00
ORD002337,2025-02-22,C1729,Power Bank,5,1799.00
ORD002338,2025-05-09,C1982,USB-C Cable,1,299.50
ORD002339,2025-11-20,C1713,Monitor,4,12499.00
ORD002340,2025-06-20,C1179,USB-C Cable,3,299.50
ORD002341,2025-02-04,C1343,Power Bank,1,1799.00
ORD002342,2025-07-15,C1523,Power Bank,2,1799.00
ORD002343,2025-10-28,C1721,USB Hub,1,899.00
ORD002344,2025-01-11,C1631,Laptop Stand,1,1199.00
ORD002345,2025-05-02,C1755,Webcam,4,2499.00
ORD002346,2025-11-14,C1081,Laptop Stand,1,1199.00
ORD002347,2025-07-11,C1510,USB-C Cable,3,299.50
ORD002348,2025-03-19,C1384,Laptop Stand,2,1199.00
ORD002349,2025-05-02,C1945,Wireless Mouse,5,799.00
ORD002350,2025-06-18,C1137,Power Bank,3,1799.00
ORD002351,2025-11-26,C1805,Monitor,1,12499.00
ORD002352,2025-08-01,C1663,USB Hub,3,899.00
ORD002353,2025-04-28,C1867,Wireless Mouse,3,799.00
ORD002354,2025-05-05,C1210,Monitor,5,12499.00
ORD002355,2025-12-07,C1254,Wireless Mouse,2,799.00
ORD002356,2025-09-24,C1329,Headphones,2,3299.00
ORD002357,2025-11-19,C1006,Power Bank,1,1799.00
ORD002358,2025-02-05,C1976,Power Bank,2,1799.00
ORD002359,2025-11-21,C1144,Wireless Mouse,2,799.00
ORD002360,2025-02-16,C1177,USB-C Cable,5,299.50
ORD002361,2025-04-15,C1241,USB Hub,5,899.00
ORD002362,2025-08-07,C1742,Keyboard,4,1499.00
ORD002363,2025-03-26,C1738,Webcam,2,2499.00
ORD002364,2025-08-06,C1180,Laptop Stand,5,1199.00
ORD002365,2025-06-05,C1292,Laptop Stand,5,1199.00
ORD002366,2025-11-22,C1206,Power Bank,3,1799.00
ORD002367,2025-02-10,C1973,Power Bank,3,1799.00
ORD002368,2025-07-13,C1171,Headphones,4,3299.00
ORD002369,2025-08-05,C1517,Power Bank,5,1799.00
ORD002370,2025-03-21,C1839,Headphones,4,3299.00
ORD002371,2025-07-15,C1437,Wireless Mouse,1,799.00
ORD002372,2025-11-01,C1550,Webcam,2,2499.00
ORD002373,2025-03-31,C1263,USB Hub,4,899.00
ORD002374,2025-06-06,C1464,Power Bank,3,1799.00
ORD002375,2025-10-15,C1620,Headphones,4,3299.00
ORD002376,2025-06-20,C1139,Keyboard,4,1499.00
ORD002377,2025-03-21,C1938,Laptop Stand,2,1199.00
ORD002378,2025-01-07,C1882,Wireless Mouse,5,799.00
ORD002379,2025-09-09,C1414,Monitor,4,12499.00
ORD002380,2025-07-11,C1393,Headphones,4,3299.00
ORD002381,2025-11-25,C1602,Webcam,1,2499.00
ORD002382,2025-01-20,C1943,Headphones,1,3299.00
ORD002383,2025-10-17,C1166,Headphones,2,3299.00
ORD002384,2025-05-11,C1789,Headphones,3,3299.00
ORD002385,2025-12-30,C1500,USB Hub,3,899.00
ORD002386,2025-11-30,C1394,Wireless Mouse,4,799.00
ORD002387,2025-05-05,C1489,Laptop Stand,1,1199.00
ORD002388,2025-11-20,C1723,Monitor,1,12499.00
ORD002389,2025-05-14,C1619,USB-C Cable,4,299.50
ORD002390,2025-05-11,C1253,USB-C Cable,5,299.50
ORD002391,2025-01-07,C1119,USB-C Cable,1,299.50
ORD002392,2025-07-23,C1723,Headphones,5,3299.00
ORD002393,2025-09-23,C1931,Keyboard,2,1499.00
ORD002394,2025-03-26,C1849,Headphones,4,3299.00
ORD002395,2025-12-21,C1309,Webcam,5,2499.00
ORD002396,2025-12-04,C1907,USB Hub,4,899.00
ORD002397,2025-07-30,C1770,Webcam,1,2499.00
ORD002398,2025-11-22,C1586,Keyboard,3,1499.00
ORD002399,2025-05-18,C1766,USB-C Cable,2,299.50
ORD002400,2025-12-24,C1315,Headphones,1,3299.00
ORD002401,2025-09-09,C1001,USB-C Cable,1,299.50
ORD002402,2025-12-23,C1427,Keyboard,5,1499.00
ORD002403,2025-12-02,C1295,Headphones,4,3299.00
ORD002404,2025-04-01,C1383,USB-C Cable,2,299.50
ORD002405,2025-04-12,C1498,USB-C Cable,2,299.50
ORD002406,2025-02-26,C1461,USB Hub,5,899.00
ORD002407,2025-04-06,C1205,Laptop Stand,1,1199.00
ORD002408,2025-04-09,C1265,USB-C Cable,4,299.50
ORD002409,2025-11-17,C1934,Power Bank,5,1799.00
ORD002410,2025-11-22,C1170,Keyboard,1,1499.00
ORD002411,2025-02-13,C1386,Webcam,1,2499.00
ORD002412,2025-02-02,C1350,Webcam,1,2499.00
ORD002413,2025-09-02,C1496,Laptop Stand,1,1199.00
ORD002414,2025-02-01,C1272,Wireless Mouse,1,799.00
ORD002415,2025-02-19,C1216,Wireless Mouse,5,799.00
ORD002416,2025-07-12,C1617,Wireless Mouse,5,799.00
ORD002417,2025-09-06,C1484,Webcam,3,2499.00
ORD002418,2025-06-22,C1379,Headphones,3,3299.00
ORD002419,2025-05-03,C1963,Monitor,3,12499.00
ORD002420,2025-07-13,C1625,Headphones,1,3299.00
ORD002421,2025-06-19,C1825,Monitor,1,12499.00
ORD002422,2025-08-22,C1891,Wireless Mouse,4,799.00
ORD002423,2025-01-14,C1616,USB-C Cable,1,299.50
ORD002424,2025-05-24,C1973,USB Hub,2,899.00
ORD002425,2025-08-20,C1633,Monitor,4,12499.00
ORD002426,2025-07-31,C1676,USB Hub,2,899.00
ORD002427,2025-11-23,C1980,Wireless Mouse,3,799.00
ORD002428,2025-11-21,C1368,Wireless Mouse,1,799.00
ORD002429,2025-12-14,C1454,Monitor,2,12499.00
ORD002430,2025-07-24,C1756,Power Bank,5,1799.00
ORD002431,2025-06-28,C1438,Keyboard,4,1499.00
ORD002432,2025-07-17,C1300,Keyboard,5,1499.00
ORD002433,2025-12-31,C1146,Laptop Stand,5,1199.00
ORD002434,2025-01-17,C1130,USB Hub,4,899.00
ORD002435,2025-06-04,C1852,Keyboard,5,1499.00
ORD002436,2025-03-28,C1917,Power Bank,4,1799.00
ORD002437,2025-09-04,C1678,Keyboard,5,1499.00
ORD002438,2025-05-05,C1216,Laptop Stand,2,1199.00
ORD002439,2025-02-24,C1445,Keyboard,1,1499.00
ORD002440,2025-06-17,C1924,USB-C Cable,4,299.50
ORD002441,2025-04-23,C1736,Webcam,3,2499.00
ORD002442,2025-12-10,C1126,Power Bank,2,1799.00
ORD002443,2025-11-21,C1742,USB Hub,4,899.00
ORD002444,2025-12-21,C1340,Keyboard,2,1499.00
ORD002445,2025-11-26,C1351,Keyboard,4,1499.00
ORD002446,2025-12-01,C1657,Headphones,5,3299.00
ORD002447,2025-04-30,C1228,Headphones,3,3299.00
ORD002448,2025-05-29,C1089,Keyboard,1,1499.00
ORD002449,2025-06-24,C1758,Keyboard,5,1499.00
ORD002450,2025-03-01,C1586,Laptop Stand,3,1199.00
ORD002451,2025-06-10,C1976,USB-C Cable,4,299.50
ORD002452,2025-06-09,C1063,Wireless Mouse,5,799.00
ORD002453,2025-04-08,C1867,USB Hub,4,899.00
ORD002454,2025-06-13,C1789,Headphones,3,3299.00
ORD002455,2025-09-24,C1679,USB-C Cable,5,299.50
ORD002456,2025-02-24,C1404,Laptop Stand,1,1199.00
ORD002457,2025-08-24,C1323,USB Hub,2,899.00
ORD002458,2025-04-23,C1511,Webcam,4,2499.00
ORD002459,2025-11-04,C1290,USB-C Cable,2,299.50
ORD002460,2025-11-03,C1327,Wireless Mouse,3,799.00
ORD002461,2025-12-19,C1126,USB Hub,3,899.00
ORD002462,2025-11-20,C1848,Power Bank,2,1799.00
ORD002463,2025-05-30,C1721,Power Bank,4,1799.00
ORD002464,2025-06-20,C1156,Wireless Mouse,2,799.00
ORD002465,2025-12-25,C1753,Laptop Stand,1,1199.00
ORD002466,2025-09-07,C1744,USB-C Cable,4,299.50
ORD002467,2025-12-04,C1934,Webcam,2,2499.00
ORD002468,2025-10-08,C1401,Wireless Mouse,3,799.00
ORD002469,2025-12-14,C1484,Headphones,3,3299.00
ORD002470,2025-07-20,C1073,Headphones,5,3299.00
ORD002471,2025-05-25,C1713,Webcam,2,2499.00
ORD002472,2025-07-21,C1099,USB Hub,2,899.00
ORD002473,2025-10-25,C1886,Monitor,1,12499.00
ORD002474,2025-08-23,C1670,Webcam,2,2499.00
ORD002475,2025-08-15,C1712,USB-C Cable,4,299.50
ORD002476,2025-03-16,C1214,Webcam,2,2499.00
ORD002477,2025-11-30,C1009,Laptop Stand,3,1199.00
ORD002478,2025-12-14,C1804,Keyboard,2,1499.00
ORD002479,2025-08-07,C1695,Headphones,2,3299.00
ORD002480,2025-02-19,C1364,Wireless Mouse,4,799.00
ORD002481,2025-01-27,C1120,USB-C Cable,5,299.50
ORD002482,2025-10-31,C1444,Monitor,2,12499.00
ORD002483,2025-05-06,C1034,Headphones,1,3299.00
ORD002484,2025-07-23,C1500,Laptop Stand,3,1199.00
ORD002485,2025-12-01,C1763,USB-C Cable,4,299.50
ORD002486,2025-08-26,C1885,Keyboard,4,1499.00
ORD002487,2025-11-20,C1668,Webcam,4,2499.00
ORD002488,2025-01-06,C1122,Monitor,1,12499.00
ORD002489,2025-03-04,C1500,Keyboard,5,1499.00
ORD002490,2025-01-12,C1600,Laptop Stand,5,1199.00
ORD002491,2025-05-21,C1710,Power Bank,1,1799.00
ORD002492,2025-07-16,C1495,USB-C Cable,4,299.50
ORD002493,2025-10-20,C1128,Webcam,1,2499.00
ORD002494,2025-02-02,C1730,Monitor,5,12499.00
ORD002495,2025-07-27,C1832,USB-C Cable,1,299.50
ORD002496,2025-10-12,C1837,Headphones,5,3299.00
ORD002497,2025-09-08,C1065,USB Hub,5,899.00
ORD002498,2025-11-30,C1127,USB Hub,2,899.00
ORD002499,2025-04-03,C1882,Keyboard,5,1499.00
ORD002500,2025-01-03,C1568,USB-C Cable,4,299.50
ORD002501,2025-03-04,C1040,Monitor,2,12499.00
ORD002502,2025-12-01,C1165,Laptop Stand,1,1199.00
ORD002503,2025-05-12,C1871,USB Hub,1,899.00
ORD002504,2025-03-05,C1518,Keyboard,3,1499.00
ORD002505,2025-10-06,C1175,Monitor,4,12499.00
ORD002506,2025-05-08,C1307,Wireless Mouse,1,799.00
ORD002507,2025-05-31,C1674,USB Hub,5,899.00
ORD002508,2025-03-13,C1590,Power Bank,4,1799.00
ORD002509,2025-09-25,C1932,Monitor,3,12499.00
ORD002510,2025-09-19,C1214,USB Hub,1,899.00
ORD002511,2025-05-02,C1037,Wireless Mouse,2,799.00
ORD002512,2025-06-03,C1876,USB-C Cable,2,299.50
ORD002513,2025-11-05,C1565,USB-C Cable,2,299.50
ORD002514,2025-05-23,C1131,Monitor,5,12499.00
ORD002515,2025-02-08,C1563,Headphones,3,3299.00
ORD002516,2025-07-15,C1665,Webcam,2,2499.00
ORD002517,2025-08-22,C1085,Headphones,3,3299.00
ORD002518,2025-12-22,C1146,Headphones,5,3299.00
ORD002519,2025-02-06,C1644,Laptop Stand,3,1199.00
ORD002520,2025-07-10,C1577,Laptop Stand,5,1199.00
ORD002521,2025-08-03,C1841,USB-C Cable,2,299.50
ORD002522,2025-08-11,C1388,Monitor,1,12499.00
ORD002523,2025-02-09,C1276,Laptop Stand,1,1199.00
ORD002524,2025-02-26,C1700,USB Hub,5,899.00
ORD002525,2025-02-03,C1337,Headphones,1,3299.00
ORD002526,2025-06-20,C1796,Monitor,3,12499.00
ORD002527,2025-04-26,C1280,USB-C Cable,1,299.50
ORD002528,2025-07-13,C1992,Keyboard,2,1499.00
ORD002529,2025-02-23,C1801,Headphones,1,3299.00
ORD002530,2025-09-27,C1745,USB-C Cable,3,299.50
ORD002531,2025-02-18,C1541,Power Bank,3,1799.00
ORD002532,2025-10-10,C1277,Webcam,5,2499.00
ORD002533,2025-01-25,C1174,Keyboard,3,1499.00
ORD002534,2025-04-03,C1353,Headphones,5,3299.00
ORD002535,2025-11-01,C1903,USB Hub,4,899.00
ORD002536,2025-10-31,C1130,Power Bank,3,1799.00
ORD002537,2025-12-18,C1525,Wireless Mouse,2,799.00
ORD002538,2025-03-15,C1387,USB-C Cable,5,299.50
ORD002539,2025-01-28,C1940,Webcam,3,2499.00
ORD002540,2025-12-14,C1623,Laptop Stand,4,1199.00
ORD002541,2025-04-04,C1449,Power Bank,3,1799.00
ORD002542,2025-09-15,C1293,Power Bank,3,1799.00
ORD002543,2025-09-24,C1964,Headphones,2,3299.00
ORD002544,2025-11-22,C1878,Webcam,1,2499.00
ORD002545,2025-07-28,C1789,Webcam,3,2499.00
ORD002546,2025-11-21,C1081,Keyboard,1,1499.00
ORD002547,2025-02-17,C1169,Laptop Stand,5,1199.00
ORD002548,2025-02-13,C1761,Wireless Mouse,3,799.00
ORD002549,2025-09-10,C1827,USB Hub,1,899.00
ORD002550,2025-12-13,C1520,Headphones,2,3299.00
ORD002551,2025-09-12,C1527,Power Bank,5,1799.00
ORD002552,2025-07-27,C1014,Keyboard,5,1499.00
ORD002553,2025-01-04,C1731,Laptop Stand,4,1199.00
ORD002554,2025-06-26,C1250,USB Hub,5,899.00
ORD002555,2025-11-07,C1459,Wireless Mouse,2,799.00
ORD002556,2025-04-26,C1179,USB Hub,1,899.00
ORD002557,2025-03-10,C1526,Monitor,3,12499.00
ORD002558,2025-08-05,C1507,Wireless Mouse,4,799.00
ORD002559,2025-07-11,C1993,USB-C Cable,1,299.50
ORD002560,2025-12-14,C1255,Monitor,5,12499.00
ORD002561,2025-05-29,C1306,Keyboard,4,1499.00
ORD002562,2025-05-16,C1218,Webcam,1,2499.00
ORD002563,2025-04-22,C1945,Headphones,3,3299.00
ORD002564,2025-01-19,C1957,USB Hub,4,899.00
ORD002565,2025-01-30,C1364,Power Bank,1,1799.00
ORD002566,2025-06-18,C1305,Power Bank,3,1799.00
ORD002567,2025-01-03,C1358,Keyboard,2,1499.00
ORD002568,2025-07-01,C1009,Headphones,1,3299.00
ORD002569,2025-09-09,C1202,Headphones,1,3299.00
ORD002570,2025-09-21,C1920,USB Hub,2,899.00
ORD002571,2025-03-05,C1935,Headphones,4,3299.00
ORD002572,2025-03-21,C1787,Wireless Mouse,3,799.00
ORD002573,2025-08-29,C1404,Laptop Stand,3,1199.00
ORD002574,2025-07-06,C1438,Webcam,2,2499.00
ORD002575,2025-05-18,C1111,USB Hub,4,899.00
ORD002576,2025-03-24,C1143,Power Bank,3,1799.00
ORD002577,2025-01-03,C1367,Headphones,2,3299.00
ORD002578,2025-04-08,C1291,Keyboard,1,1499.00
ORD002579,2025-07-22,C1431,USB-C Cable,3,299.50
ORD002580,2025-03-24,C1682,Wireless Mouse,2,799.00
ORD002581,2025-12-07,C1272,Power Bank,1,1799.00
ORD002582,2025-09-08,C1563,Headphones,4,3299.00
ORD002583,2025-06-16,C1769,USB-C Cable,4,299.50
ORD002584,2025-07-19,C1134,USB Hub,1,899.00
ORD002585,2025-01-11,C1129,Keyboard,2,1499.00
ORD002586,2025-09-14,C1013,Monitor,2,12499.00
ORD002587,2025-12-14,C1849,Wireless Mouse,3,799.00
ORD002588,2025-11-02,C1755,Headphones,1,3299.00
ORD002589,2025-09-03,C1296,Headphones,3,3299.00
ORD002590,2025-02-12,C1779,Power Bank,4,1799.00
ORD002591,2025-11-13,C1156,Laptop Stand,5,1199.00
ORD002592,2025-05-08,C1287,USB-C Cable,1,299.50
ORD002593,2025-12-25,C1253,Webcam,4,2499.00
ORD002594,2025-08-31,C1723,Laptop Stand,1,1199.00
ORD002595,2025-11-09,C1185,USB Hub,2,899.00
ORD002596,2025-04-28,C1123,USB-C Cable,2,299.50
ORD002597,2025-01-20,C1280,Headphones,2,3299.00
ORD002598,2025-08-07,C1018,USB-C Cable,5,299.50
ORD002599,2025-02-16,C1885,Laptop Stand,1,1199.00
ORD002600,2025-07-28,C1537,Headphones,3,3299.00
ORD002601,2025-04-24,C1344,Laptop Stand,4,1199.00
ORD002602,2025-02-01,C1522,Power Bank,4,1799.00
ORD002603,2025-06-05,C1112,Wireless Mouse,3,799.00
ORD002604,2025-05-24,C1965,Monitor,3,12499.00
ORD002605,2025-05-07,C1327,Headphones,1,3299.00
ORD002606,2025-01-21,C1000,USB-C Cable,1,299.50
ORD002607,2025-04-19,C1292,Monitor,4,12499.00
ORD002608,2025-11-07,C1103,Webcam,4,2499.00
ORD002609,2025-05-10,C1971,USB-C Cable,4,299.50
ORD002610,2025-06-21,C1311,Monitor,1,12499.00
ORD002611,2025-12-09,C1013,Keyboard,5,1499.00
ORD002612,2025-06-19,C1369,USB-C Cable,3,299.50
ORD002613,2025-11-06,C1380,USB Hub,2,899.00
ORD002614,2025-04-18,C1598,Webcam,4,2499.00
ORD002615,2025-02-24,C1133,Keyboard,5,1499.00
ORD002616,2025-01-22,C1600,Keyboard,2,1499.00
ORD002617,2025-12-27,C1456,Laptop Stand,1,1199.00
ORD002618,2025-10-07,C1633,Keyboard,3,1499.00
ORD002619,2025-08-31,C1779,Webcam,2,2499.00
ORD002620,2025-03-20,C1044,USB Hub,2,899.00
ORD002621,2025-08-03,C1563,Laptop Stand,3,1199.00
ORD002622,2025-06-27,C1916,USB Hub,3,899.00
ORD002623,2025-11-19,C1734,Power Bank,1,1799.00
ORD002624,2025-02-04,C1494,Headphones,4,3299.00
ORD002625,2025-09-15,C1809,USB Hub,1,899.00
ORD002626,2025-11-03,C1280,USB-C Cable,2,299.50
ORD002627,2025-01-24,C1978,Webcam,5,2499.00
ORD002628,2025-12-22,C1194,Wireless Mouse,4,799.00
ORD002629,2025-12-17,C1545,Power Bank,5,1799.00
ORD002630,2025-03-26,C1448,Keyboard,5,1499.00
ORD002631,2025-10-15,C1798,Headphones,4,3299.00
ORD002632,2025-11-07,C1278,Headphones,2,3299.00
ORD002633,2025-01-02,C1163,USB-C Cable,5,299.50
ORD002634,2025-10-31,C1713,Laptop Stand,1,1199.00
ORD002635,2025-08-22,C1515,USB Hub,5,899.00
ORD002636,2025-06-05,C1872,Webcam,2,2499.00
ORD002637,2025-12-29,C1274,Webcam,5,2499.00
ORD002638,2025-03-29,C1229,Keyboard,1,1499.00
ORD002639,2025-05-02,C1298,USB Hub,1,899.00
ORD002640,2025-05-23,C1949,USB-C Cable,2,299.50
ORD002641,2025-01-27,C1657,Webcam,2,2499.00
ORD002642,2025-10-01,C1118,Laptop Stand,1,1199.00
ORD002643,2025-11-20,C1619,Monitor,3,12499.00
ORD002644,2025-02-12,C1969,Monitor,5,12499.00
ORD002645,2025-03-10,C1418,Webcam,5,2499.00
ORD002646,2025-06-16,C1058,Webcam,1,2499.00
ORD002647,2025-04-23,C1748,Monitor,3,12499.00
ORD002648,2025-05-12,C1994,USB-C Cable,1,299.50
ORD002649,2025-12-03,C1888,USB Hub,5,899.00
ORD002650,2025-12-19,C1391,Keyboard,3,1499.00
ORD002651,2025-04-16,C1836,USB Hub,4,899.00
ORD002652,2025-06-16,C1275,Laptop Stand,2,1199.00
ORD002653,2025-03-21,C1456,Headphones,2,3299.00
ORD002654,2025-07-08,C1151,Headphones,4,3299.00
ORD002655,2025-09-11,C1185,Keyboard,4,1499.00
ORD002656,2025-04-01,C1193,USB-C Cable,5,299.50
ORD002657,2025-04-03,C1663,Power Bank,3,1799.00
ORD002658,2025-06-08,C1166,Wireless Mouse,2,799.00
ORD002659,2025-12-18,C1622,Headphones,2,3299.00
ORD002660,2025-03-15,C1073,Keyboard,4,1499.00
ORD002661,2025-08-21,C1930,Laptop Stand,4,1199.00
ORD002662,2025-09-27,C1140,Keyboard,1,1499.00
ORD002663,2025-07-13,C1393,Keyboard,1,1499.00
ORD002664,2025-01-07,C1781,Keyboard,1,1499.00
ORD002665,2025-05-08,C1788,USB-C Cable,1,299.50
ORD002666,2025-03-15,C1961,Webcam,5,2499.00
ORD002667,2025-01-05,C1980,Wireless Mouse,1,799.00
ORD002668,2025-06-23,C1873,USB Hub,1,899.00
ORD002669,2025-03-13,C1491,Laptop Stand,5,1199.00
ORD002670,2025-03-25,C1314,Power Bank,3,1799.00
ORD002671,2025-03-21,C1249,Power Bank,1,1799.00
ORD002672,2025-12-21,C1273,USB Hub,5,899.00
ORD002673,2025-01-11,C1844,Keyboard,1,1499.00
ORD002674,2025-10-06,C1303,Keyboard,1,1499.00
ORD002675,2025-08-01,C1145,USB Hub,1,899.00
ORD002676,2025-01-13,C1232,Laptop Stand,4,1199.00
ORD002677,2025-03-17,C1361,Headphones,3,3299.00
ORD002678,2025-12-17,C1393,Laptop Stand,1,1199.00
ORD002679,2025-03-28,C1112,Power Bank,2,1799.00
ORD002680,2025-05-25,C1365,Keyboard,1,1499.00
ORD002681,2025-03-02,C1369,Monitor,1,12499.00
ORD002682,2025-11-06,C1154,Wireless Mouse,2,799.00
ORD002683,2025-09-29,C1342,Headphones,5,3299.00
ORD002684,2025-12-14,C1435,USB-C Cable,2,299.50
ORD002685,2025-11-16,C1837,Webcam,3,2499.00
ORD002686,2025-02-23,C1277,Monitor,4,12499.00
ORD002687,2025-05-16,C1830,Monitor,1,12499.00
ORD002688,2025-03-18,C1796,Wireless Mouse,2,799.00
ORD002689,2025-03-17,C1399,Monitor,4,12499.00
ORD002690,2025-02-04,C1115,Power Bank,5,1799.00
ORD002691,2025-05-23,C1148,Headphones,1,3299.00
ORD002692,2025-03-07,C1186,Monitor,4,12499.00
ORD002693,2025-06-13,C1506,Monitor,4,12499.00
ORD002694,2025-12-22,C1996,Power Bank,4,1799.00
ORD002695,2025-03-12,C1821,Monitor,2,12499.00
ORD002696,2025-08-03,C1562,Headphones,4,3299.00
ORD002697,2025-10-01,C1504,USB Hub,5,899.00
ORD002698,2025-04-28,C1393,USB Hub,1,899.00
ORD002699,2025-09-27,C1591,Headphones,2,3299.00
ORD002700,2025-05-01,C1370,Keyboard,1,1499.00
ORD002701,2025-01-09,C1371,Laptop Stand,5,1199.00
ORD002702,2025-03-10,C1943,Power Bank,1,1799.00
ORD002703,2025-06-28,C1369,Wireless Mouse,2,799.00
ORD002704,2025-08-24,C1147,Webcam,5,2499.00
ORD002705,2025-05-05,C1215,Headphones,2,3299.00
ORD002706,2025-03-12,C1120,Wireless Mouse,2,799.00
ORD002707,2025-01-14,C1712,Headphones,4,3299.00
ORD002708,2025-01-28,C1718,Monitor,1,12499.00
ORD002709,2025-09-02,C1857,Keyboard,5,1499.00
ORD002710,2025-01-16,C1150,USB-C Cable,3,299.50
ORD002711,2025-02-10,C1250,USB-C Cable,1,299.50
ORD002712,2025-10-19,C1851,Wireless Mouse,4,799.00
ORD002713,2025-04-04,C1481,USB-C Cable,2,299.50
ORD002714,2025-12-24,C1971,USB Hub,3,899.00
ORD002715,2025-07-30,C1739,Power Bank,3,1799.00
ORD002716,2025-11-27,C1711,Power Bank,1,1799.00
ORD002717,2025-02-26,C1159,Webcam,1,2499.00
ORD002718,2025-11-06,C1769,Wireless Mouse,2,799.00
ORD002719,2025-03-24,C1011,USB Hub,4,899.00
ORD002720,2025-12-15,C1970,Headphones,4,3299.00
ORD002721,2025-12-31,C1849,USB Hub,3,899.00
ORD002722,2025-06-06,C1726,USB Hub,2,899.00
ORD002723,2025-03-22,C1278,Headphones,1,3299.00
ORD002724,2025-07-13,C1973,USB Hub,2,899.00
ORD002725,2025-07-25,C1633,Laptop Stand,1,1199.00
ORD002726,2025-07-20,C1188,Laptop Stand,5,1199.00
ORD002727,2025-12-21,C1479,Keyboard,4,1499.00
ORD002728,2025-12-01,C1657,Monitor,4,12499.00
ORD002729,2025-03-26,C1055,Headphones,3,3299.00
ORD002730,2025-04-10,C1276,Headphones,1,3299.00
ORD002731,2025-02-09,C1371,Keyboard,5,1499.00
ORD002732,2025-01-15,C1245,Monitor,3,12499.00
ORD002733,2025-10-05,C1109,USB-C Cable,1,299.50
ORD002734,2025-11-02,C1011,Laptop Stand,3,1199.00
ORD002735,2025-10-10,C1206,Laptop Stand,1,1199.00
ORD002736,2025-05-18,C1087,Laptop Stand,5,1199.00
ORD002737,2025-10-16,C1809,Wireless Mouse,4,799.00
ORD002738,2025-01-25,C1322,Wireless Mouse,1,799.00
ORD002739,2025-01-05,C1365,Webcam,3,2499.00
ORD002740,2025-09-14,C1199,Headphones,3,3299.00
ORD002741,2025-07-02,C1997,Headphones,2,3299.00
ORD002742,2025-06-19,C1417,Keyboard,5,1499.00
ORD002743,2025-09-15,C1826,Keyboard,2,1499.00
ORD002744,2025-10-28,C1815,Wireless Mouse,4,799.00
ORD002745,2025-10-28,C1889,Power Bank,1,1799.00
ORD002746,2025-03-24,C1155,Webcam,4,2499.00
ORD002747,2025-11-17,C1095,Keyboard,2,1499.00
ORD002748,2025-12-15,C1669,Laptop Stand,2,1199.00
ORD002749,2025-09-14,C1528,USB-C Cable,5,299.50
ORD002750,2025-06-24,C1458,USB Hub,2,899.00
ORD002751,2025-05-29,C1368,Monitor,5,12499.00
ORD002752,2025-01-21,C1912,Headphones,4,3299.00
ORD002753,2025-04-17,C1625,Laptop Stand,5,1199.00
ORD002754,2025-03-20,C1580,Keyboard,4,1499.00
ORD002755,2025-01-08,C1146,Keyboard,3,1499.00
ORD002756,2025-02-14,C1510,USB Hub,1,899.00
ORD002757,2025-06-10,C1173,Power Bank,3,1799.00
ORD002758,2025-02-04,C1286,USB-C Cable,5,299.50
ORD002759,2025-06-30,C1091,Monitor,1,12499.00
ORD002760,2025-12-30,C1790,USB-C Cable,4,299.50
ORD002761,2025-08-31,C1262,Webcam,4,2499.00
ORD002762,2025-03-05,C1995,USB-C Cable,5,299.50
ORD002763,2025-01-21,C1372,Power Bank,3,1799.00
ORD002764,2025-07-29,C1877,Headphones,5,3299.00
ORD002765,2025-08-14,C1375,USB-C Cable,5,299.50
ORD002766,2025-07-11,C1085,Monitor,4,12499.00
ORD002767,2025-08-19,C1269,USB Hub,1,899.00
ORD002768,2025-05-06,C1716,Wireless Mouse,5,799.00
ORD002769,2025-03-21,C1873,Wireless Mouse,1,799.00
ORD002770,2025-07-12,C1162,Webcam,5,2499.00
ORD002771,2025-02-07,C1228,Headphones,4,3299.00
ORD002772,2025-12-09,C1095,Power Bank,3,1799.00
ORD002773,2025-08-28,C1657,Power Bank,5,1799.00
ORD002774,2025-02-25,C1087,Power Bank,2,1799.00
ORD002775,2025-07-23,C1786,Keyboard,4,1499.00
ORD002776,2025-07-25,C1336,Laptop Stand,1,1199.00
ORD002777,2025-06-25,C1618,Monitor,4,12499.00
ORD002778,2025-12-26,C1759,Laptop Stand,4,1199.00
ORD002779,2025-05-23,C1465,Keyboard,1,1499.00
ORD002780,2025-03-21,C1971,USB Hub,4,899.00
ORD002781,2025-11-24,C1218,USB-C Cable,3,299.50
ORD002782,2025-11-04,C1792,Wireless Mouse,4,799.00
ORD002783,2025-07-05,C1808,Wireless Mouse,4,799.00
ORD002784,2025-04-20,C1055,Power Bank,2,1799.00
ORD002785,2025-12-17,C1433,Wireless Mouse,3,799.00
ORD002786,2025-11-22,C1180,Webcam,1,2499.00
ORD002787,2025-02-05,C1280,USB-C Cable,4,299.50
ORD002788,2025-06-02,C1894,Keyboard,4,1499.00
ORD002789,2025-09-26,C1219,Headphones,3,3299.00
ORD002790,2025-01-28,C1094,USB-C Cable,4,299.50
ORD002791,2025-06-02,C1168,Monitor,2,12499.00
ORD002792,2025-08-03,C1493,Monitor,4,12499.00
ORD002793,2025-12-19,C1802,USB Hub,2,899.00
ORD002794,2025-07-01,C1934,Headphones,5,3299.00
ORD002795,2025-01-06,C1574,Headphones,5,3299.00
ORD002796,2025-02-09,C1740,Laptop Stand,5,1199.00
ORD002797,2025-06-15,C1680,USB-C Cable,3,299.50
ORD002798,2025-03-19,C1918,Wireless Mouse,4,799.00
ORD002799,2025-09-13,C1885,USB-C Cable,3,299.50
ORD002800,2025-12-12,C1416,Keyboard,3,1499.00
ORD002801,2025-01-02,C1461,USB Hub,2,899.00
ORD002802,2025-11-24,C1992,Power Bank,5,1799.00
ORD002803,2025-01-19,C1223,Keyboard,2,1499.00
ORD002804,2025-12-23,C1559,Headphones,2,3299.00
ORD002805,2025-04-21,C1356,Headphones,2,3299.00
ORD002806,2025-12-14,C1590,Laptop Stand,1,1199.00
ORD002807,2025-07-06,C1016,Monitor,3,12499.00
ORD002808,2025-09-15,C1838,Webcam,1,2499.00
ORD002809,2025-11-29,C1466,Power Bank,4,1799.00
ORD002810,2025-06-30,C1360,Headphones,5,3299.00
ORD002811,2025-09-25,C1997,Headphones,3,3299.00
ORD002812,2025-04-01,C1469,Keyboard,4,1499.00
ORD002813,2025-04-01,C1566,Monitor,5,12499.00
ORD002814,2025-10-05,C1446,USB-C Cable,4,299.50
ORD002815,2025-12-04,C1705,Webcam,4,2499.00
ORD002816,2025-12-26,C1635,Webcam,1,2499.00
ORD002817,2025-02-23,C1091,Keyboard,1,1499.00
ORD002818,2025-02-23,C1508,Headphones,5,3299.00
ORD002819,2025-02-21,C1648,USB Hub,4,899.00
ORD002820,2025-10-25,C1825,USB Hub,1,899.00
ORD002821,2025-08-04,C1216,Webcam,2,2499.00
ORD002822,2025-10-10,C1390,Power Bank,1,1799.00
ORD002823,2025-08-29,C1973,Laptop Stand,1,1199.00
ORD002824,2025-08-26,C1422,Monitor,4,12499.00
ORD002825,2025-07-11,C1800,Wireless Mouse,2,799.00
ORD002826,2025-05-26,C1274,USB Hub,3,899.00
ORD002827,2025-08-01,C1689,Webcam,2,2499.00
ORD002828,2025-08-01,C1033,Wireless Mouse,1,799.00
ORD002829,2025-03-20,C1809,Wireless Mouse,3,799.00
ORD002830,2025-11-04,C1325,USB Hub,3,899.00
ORD002831,2025-10-20,C1440,USB-C Cable,2,299.50
ORD002832,2025-07-20,C1197,USB Hub,5,899.00
ORD002833,2025-01-27,C1820,Headphones,5,3299.00
ORD002834,2025-03-07,C1961,Headphones,4,3299.00
ORD002835,2025-07-26,C1925,USB-C Cable,3,299.50
ORD002836,2025-03-23,C1447,USB Hub,2,899.00
ORD002837,2025-12-30,C1820,Keyboard,2,1499.00
ORD002838,2025-03-02,C1646,USB Hub,5,899.00
ORD002839,2025-11-18,C1938,Headphones,3,3299.00
ORD002840,2025-03-23,C1971,USB Hub,3,899.00
ORD002841,2025-02-17,C1095,Laptop Stand,1,1199.00
ORD002842,2025-01-06,C1643,Headphones,5,3299.00
ORD002843,2025-01-15,C1632,USB-C Cable,5,299.50
ORD002844,2025-10-20,C1391,Keyboard,1,1499.00
ORD002845,2025-08-21,C1649,USB-C Cable,3,299.50
ORD002846,2025-05-03,C1668,USB-C Cable,2,299.50
ORD002847,2025-04-10,C1548,Webcam,2,2499.00
ORD002848,2025-05-14,C1675,Headphones,1,3299.00
ORD002849,2025-02-12,C1957,Webcam,2,2499.00
ORD002850,2025-11-23,C1593,Wireless Mouse,1,799.00
ORD002851,2025-08-24,C1949,Keyboard,5,1499.00
ORD002852,2025-02-24,C1145,Keyboard,3,1499.00
ORD002853,2025-04-03,C1095,Webcam,1,2499.00
ORD002854,2025-07-05,C1934,Power Bank,2,1799.00
ORD002855,2025-02-21,C1502,Headphones,1,3299.00
ORD002856,2025-02-07,C1498,Headphones,1,3299.00
ORD002857,2025-12-18,C1429,Laptop Stand,4,1199.00
ORD002858,2025-11-21,C1930,Monitor,4,12499.00
ORD002859,2025-04-03,C1305,USB-C Cable,1,299.50
ORD002860,2025-12-04,C1580,USB-C Cable,5,299.50
ORD002861,2025-03-02,C1999,Wireless Mouse,3,799.00
ORD002862,2025-09-05,C1628,Monitor,5,12499.00
ORD002863,2025-01-03,C1162,USB Hub,5,899.00
ORD002864,2025-03-04,C1197,Webcam,5,2499.00
ORD002865,2025-10-02,C1023,Wireless Mouse,5,799.00
ORD002866,2025-03-20,C1221,USB Hub,3,899.00
ORD002867,2025-04-22,C1030,Keyboard,3,1499.00
ORD002868,2025-04-23,C1085,USB-C Cable,2,299.50
ORD002869,2025-05-21,C1493,Webcam,2,2499.00
ORD002870,2025-06-28,C1725,Keyboard,5,1499.00
ORD002871,2025-08-28,C1763,Webcam,4,2499.00
ORD002872,2025-09-20,C1969,Headphones,4,3299.00
ORD002873,2025-05-09,C1177,Laptop Stand,2,1199.00
ORD002874,2025-07-21,C1105,Webcam,5,2499.00
ORD002875,2025-03-26,C1813,Webcam,2,2499.00
ORD002876,2025-08-10,C1904,Power Bank,4,1799.00
ORD002877,2025-11-02,C1765,Headphones,3,3299.00
ORD002878,2025-11-15,C1110,Monitor,5,12499.00
ORD002879,2025-08-08,C1204,Headphones,5,3299.00
ORD002880,2025-07-11,C1919,Monitor,1,12499.00
ORD002881,2025-03-27,C1910,Power Bank,1,1799.00
ORD002882,2025-05-10,C1600,USB Hub,4,899.00
ORD002883,2025-11-06,C1846,Webcam,5,2499.00
ORD002884,2025-07-23,C1030,Monitor,1,12499.00
ORD002885,2025-06-15,C1439,USB-C Cable,2,299.50
ORD002886,2025-05-06,C1074,Monitor,2,12499.00
ORD002887,2025-07-10,C1148,Monitor,3,12499.00
ORD002888,2025-01-05,C1326,Keyboard,1,1499.00
ORD002889,2025-04-20,C1476,Monitor,5,12499.00
ORD002890,2025-04-30,C1575,Monitor,1,12499.00
ORD002891,2025-05-26,C1616,Headphones,2,3299.00
ORD002892,2025-04-22,C1105,USB Hub,5,899.00
ORD002893,2025-11-08,C1968,Webcam,1,2499.00
ORD002894,2025-12-16,C1774,Headphones,4,3299.00
ORD002895,2025-06-13,C1202,Monitor,2,12499.00
ORD002896,2025-09-10,C1510,Wireless Mouse,1,799.00
ORD002897,2025-08-04,C1122,Webcam,1,2499.00
ORD002898,2025-03-29,C1615,Power Bank,3,1799.00
ORD002899,2025-05-02,C1590,Headphones,1,3299.00
ORD002900,2025-01-10,C1659,Webcam,5,2499.00
ORD002901,2025-08-25,C1291,Wireless Mouse,2,799.00
ORD002902,2025-01-19,C1917,Headphones,5,3299.00
ORD002903,2025-01-21,C1345,USB Hub,1,899.00
ORD002904,2025-08-29,C1097,Keyboard,4,1499.00
ORD002905,2025-05-21,C1324,Webcam,3,2499.00
ORD002906,2025-02-10,C1569,Headphones,3,3299.00
ORD002907,2025-11-10,C1048,Power Bank,4,1799.00
ORD002908,2025-12-23,C1465,Webcam,4,2499.00
ORD002909,2025-07-11,C1960,Keyboard,5,1499.00
ORD002910,2025-01-15,C1229,Keyboard,1,1499.00
ORD002911,2025-03-13,C1107,Wireless Mouse,3,799.00
ORD002912,2025-04-26,C1174,Headphones,1,3299.00
ORD002913,2025-07-08,C1835,Laptop Stand,5,1199.00
ORD002914,2025-12-19,C1888,Wireless Mouse,1,799.00
ORD002915,2025-01-23,C1113,Webcam,1,2499.00
ORD002916,2025-02-08,C1270,Webcam,3,2499.00
ORD002917,2025-05-19,C1715,Headphones,2,3299.00
ORD002918,2025-10-26,C1471,USB-C Cable,1,299.50
ORD002919,2025-06-13,C1882,USB-C Cable,2,299.50
ORD002920,2025-11-23,C1457,Headphones,1,3299.00
ORD002921,2025-09-28,C1246,USB Hub,5,899.00
ORD002922,2025-12-05,C1501,Power Bank,3,1799.00
ORD002923,2025-09-05,C1231,Monitor,1,12499.00
ORD002924,2025-06-01,C1728,Webcam,1,2499.00
ORD002925,2025-10-13,C1855,Monitor,2,12499.00
ORD002926,2025-12-22,C1079,Laptop Stand,1,1199.00
ORD002927,2025-01-31,C1217,Power Bank,1,1799.00
ORD002928,2025-08-28,C1838,Laptop Stand,4,1199.00
ORD002929,2025-09-07,C1107,Laptop Stand,3,1199.00
ORD002930,2025-10-30,C1779,Laptop Stand,5,1199.00
ORD002931,2025-06-10,C1778,USB Hub,3,899.00
ORD002932,2025-12-02,C1157,Power Bank,5,1799.00
ORD002933,2025-03-08,C1224,Keyboard,3,1499.00
ORD002934,2025-08-20,C1888,Headphones,5,3299.00
ORD002935,2025-04-14,C1798,USB Hub,4,899.00
ORD002936,2025-02-05,C1284,Laptop Stand,4,1199.00
ORD002937,2025-12-18,C1314,USB-C Cable,5,299.50
ORD002938,2025-03-17,C1472,Keyboard,1,1499.00
ORD002939,2025-05-04,C1016,Keyboard,4,1499.00
ORD002940,2025-05-17,C1029,USB-C Cable,4,299.50
ORD002941,2025-08-20,C1360,USB Hub,3,899.00
ORD002942,2025-10-09,C1086,Keyboard,3,1499.00
ORD002943,2025-04-19,C1154,Headphones,4,3299.00
ORD002944,2025-08-09,C1520,USB Hub,3,899.00
ORD002945,2025-08-14,C1279,Wireless Mouse,3,799.00
ORD002946,2025-01-26,C1664,Keyboard,4,1499.00
ORD002947,2025-04-10,C1301,Headphones,2,3299.00
ORD002948,2025-04-01,C1608,Headphones,3,3299.00
ORD002949,2025-11-08,C1505,USB Hub,5,899.00
ORD002950,2025-02-25,C1697,Headphones,1,3299.00
ORD002951,2025-02-26,C1224,Laptop Stand,1,1199.00
ORD002952,2025-01-19,C1589,Wireless Mouse,3,799.00
ORD002953,2025-02-03,C1544,Laptop Stand,1,1199.00
ORD002954,2025-04-26,C1903,Webcam,5,2499.00
ORD002955,2025-07-20,C1402,Headphones,1,3299.00
ORD002956,2025-12-21,C1274,Laptop Stand,4,1199.00
ORD002957,2025-03-29,C1804,Laptop Stand,2,1199.00
ORD002958,2025-11-23,C1294,Monitor,5,12499.00
ORD002959,2025-01-02,C1096,Webcam,2,2499.00
ORD002960,2025-12-25,C1637,USB Hub,4,899.00
ORD002961,2025-12-19,C1244,Webcam,2,2499.00
ORD002962,2025-12-15,C1071,Monitor,2,12499.00
ORD002963,2025-06-20,C1921,USB-C Cable,4,299.50
ORD002964,2025-01-07,C1682,USB-C Cable,4,299.50
ORD002965,2025-06-21,C1021,Headphones,2,3299.00
ORD002966,2025-02-09,C1174,Webcam,1,2499.00
ORD002967,2025-08-31,C1597,Monitor,1,12499.00
ORD002968,2025-05-07,C1483,Power Bank,1,1799.00
ORD002969,2025-01-09,C1580,Wireless Mouse,3,799.00
ORD002970,2025-09-26,C1515,Laptop Stand,2,1199.00
ORD002971,2025-02-18,C1102,USB-C Cable,3,299.50
ORD002972,2025-08-20,C1502,Monitor,3,12499.00
ORD002973,2025-05-12,C1679,USB Hub,4,899.00
ORD002974,2025-07-06,C1469,Webcam,1,2499.00
ORD002975,2025-06-04,C1727,Monitor,3,12499.00
ORD002976,2025-12-06,C1877,USB Hub,5,899.00
ORD002977,2025-02-27,C1276,Power Bank,5,1799.00
ORD002978,2025-03-17,C1420,Wireless Mouse,2,799.00
ORD002979,2025-07-02,C1509,USB-C Cable,1,299.50
ORD002980,2025-10-23,C1758,Laptop Stand,4,1199.00
ORD002981,2025-04-16,C1762,Monitor,1,12499.00
ORD002982,2025-07-13,C1654,Laptop Stand,1,1199.00
ORD002983,2025-11-17,C1695,Webcam,5,2499.00
ORD002984,2025-09-27,C1179,Power Bank,3,1799.00
ORD002985,2025-06-19,C1400,Monitor,5,12499.00
ORD002986,2025-05-22,C1316,Headphones,2,3299.00
ORD002987,2025-10-24,C1532,Wireless Mouse,3,799.00
ORD002988,2025-08-10,C1814,Keyboard,4,1499.00
ORD002989,2025-05-28,C1112,Monitor,1,12499.00
ORD002990,2025-12-17,C1150,Power Bank,4,1799.00
ORD002991,2025-09-25,C1989,USB-C Cable,3,299.50
ORD002992,2025-12-07,C1166,USB Hub,3,899.00
ORD002993,2025-05-28,C1066,Power Bank,3,1799.00
ORD002994,2025-08-21,C1041,Wireless Mouse,2,799.00
ORD002995,2025-10-31,C1126,Webcam,1,2499.00
ORD002996,2025-06-06,C1005,Power Bank,4,1799.00
ORD002997,2025-12-05,C1854,Monitor,1,12499.00
ORD002998,2025-05-09,C1141,Wireless Mouse,3,799.00
ORD002999,2025-09-15,C1681,Webcam,5,2499.00
ORD003000,2025-02-14,C1730,USB-C Cable,3,299.50
ORD003001,2025-04-11,C1442,USB-C Cable,5,299.50
ORD003002,2025-05-29,C1224,Keyboard,1,1499.00
ORD003003,2025-07-01,C1254,Power Bank,4,1799.00
ORD003004,2025-07-24,C1990,Headphones,1,3299.00
ORD003005,2025-06-04,C1611,Webcam,3,2499.00
ORD003006,2025-10-16,C1446,USB-C Cable,3,299.50
ORD003007,2025-12-16,C1786,USB-C Cable,2,299.50
ORD003008,2025-03-11,C1426,Webcam,5,2499.00
ORD003009,2025-06-04,C1312,Laptop Stand,1,1199.00
ORD003010,2025-10-18,C1949,Webcam,4,2499.00
ORD003011,2025-04-04,C1384,USB Hub,4,899.00
ORD003012,2025-03-12,C1539,Keyboard,4,1499.00
ORD003013,2025-09-15,C1957,Monitor,3,12499.00
ORD003014,2025-07-01,C1437,Power Bank,4,1799.00
ORD003015,2025-07-30,C1472,Headphones,1,3299.00
ORD003016,2025-01-14,C1980,USB Hub,4,899.00
ORD003017,2025-03-13,C1629,Keyboard,3,1499.00
ORD003018,2025-10-25,C1524,Laptop Stand,3,1199.00
ORD003019,2025-11-14,C1556,USB-C Cable,5,299.50
ORD003020,2025-01-28,C1773,Webcam,4,2499.00
ORD003021,2025-07-26,C1686,USB-C Cable,1,299.50
ORD003022,2025-09-23,C1471,Power Bank,1,1799.00
ORD003023,2025-01-29,C1276,Keyboard,1,1499.00
ORD003024,2025-11-01,C1099,Monitor,3,12499.00
ORD003025,2025-12-20,C1339,Power Bank,1,1799.00
ORD003026,2025-10-27,C1690,Keyboard,5,1499.00
ORD003027,2025-12-26,C1209,Wireless Mouse,5,799.00
ORD003028,2025-10-15,C1758,USB-C Cable,4,299.50
ORD003029,2025-04-25,C1916,USB-C Cable,2,299.50
ORD003030,2025-11-18,C1318,Webcam,1,2499.00
ORD003031,2025-11-16,C1704,Power Bank,2,1799.00
ORD003032,2025-02-04,C1000,Keyboard,2,1499.00
ORD003033,2025-09-24,C1099,Keyboard,2,1499.00
ORD003034,2025-02-23,C1485,Laptop Stand,1,1199.00
ORD003035,2025-08-16,C1400,USB Hub,1,899.00
ORD003036,2025-06-03,C1414,Keyboard,4,1499.00
ORD003037,2025-05-01,C1861,USB-C Cable,5,299.50
ORD003038,2025-11-10,C1697,Webcam,4,2499.00
ORD003039,2025-08-10,C1149,Keyboard,1,1499.00
ORD003040,2025-03-14,C1838,USB-C Cable,2,299.50
ORD003041,2025-09-19,C1759,USB-C Cable,5,299.50
ORD003042,2025-09-01,C1491,Laptop Stand,3,1199.00
ORD003043,2025-12-08,C1102,Webcam,5,2499.00
ORD003044,2025-07-08,C1683,Power Bank,3,1799.00
ORD003045,2025-07-17,C1714,Headphones,1,3299.00
ORD003046,2025-08-02,C1833,Power Bank,4,1799.00
ORD003047,2025-01-15,C1290,USB-C Cable,4,299.50
ORD003048,2025-10-16,C1398,Keyboard,1,1499.00
ORD003049,2025-01-18,C1660,Webcam,5,2499.00
ORD003050,2025-01-22,C1929,Power Bank,3,1799.00
ORD003051,2025-08-28,C1903,USB-C Cable,4,299.50
ORD003052,2025-01-05,C1162,Webcam,3,2499.00
ORD003053,2025-09-15,C1215,USB Hub,3,899.00
ORD003054,2025-07-19,C1525,USB Hub,1,899.00
ORD003055,2025-12-02,C1155,USB-C Cable,3,299.50
ORD003056,2025-08-24,C1732,Monitor,2,12499.00
ORD003057,2025-12-04,C1310,Webcam,4,2499.00
ORD003058,2025-11-27,C1495,Keyboard,4,1499.00
ORD003059,2025-11-07,C1674,Power Bank,2,1799.00
ORD003060,2025-12-04,C1538,USB Hub,3,899.00
ORD003061,2025-12-24,C1331,USB-C Cable,5,299.50
ORD003062,2025-10-27,C1632,Monitor,4,12499.00
ORD003063,2025-01-24,C1030,Keyboard,2,1499.00
ORD003064,2025-02-19,C1681,Laptop Stand,1,1199.00
ORD003065,2025-12-14,C1487,Power Bank,3,1799.00
ORD003066,2025-05-02,C1107,Laptop Stand,2,1199.00
ORD003067,2025-08-04,C1944,Headphones,1,3299.00
ORD003068,2025-11-10,C1256,Wireless Mouse,1,799.00
ORD003069,2025-02-07,C1452,Wireless Mouse,3,799.00
ORD003070,2025-03-31,C1328,Wireless Mouse,1,799.00
ORD003071,2025-07-13,C1136,Power Bank,5,1799.00
ORD003072,2025-04-13,C1200,USB Hub,3,899.00
ORD003073,2025-08-13,C1695,Power Bank,3,1799.00
ORD003074,2025-04-14,C1759,Laptop Stand,2,1199.00
ORD003075,2025-09-28,C1828,Headphones,2,3299.00
ORD003076,2025-10-26,C1024,Keyboard,1,1499.00
ORD003077,2025-01-18,C1829,Laptop Stand,2,1199.00
ORD003078,2025-07-04,C1792,Wireless Mouse,4,799.00
ORD003079,2025-02-06,C1348,USB Hub,2,899.00
ORD003080,2025-09-12,C1194,USB Hub,2,899.00
ORD003081,2025-09-14,C1360,Power Bank,3,1799.00
ORD003082,2025-03-12,C1820,USB Hub,1,899.00
ORD003083,2025-08-07,C1640,Power Bank,4,1799.00
ORD003084,2025-10-19,C1080,Keyboard,2,1499.00
ORD003085,2025-06-02,C1103,USB Hub,1,899.00
ORD003086,2025-04-29,C1052,Power Bank,5,1799.00
ORD003087,2025-06-19,C1023,USB Hub,2,899.00
ORD003088,2025-05-09,C1399,Webcam,3,2499.00
ORD003089,2025-03-22,C1991,Keyboard,3,1499.00
ORD003090,2025-10-01,C1589,Keyboard,2,1499.00
ORD003091,2025-11-09,C1512,USB Hub,3,899.00
ORD003092,2025-11-13,C1058,Headphones,5,3299.00
ORD003093,2025-10-26,C1482,Keyboard,3,1499.00
ORD003094,2025-01-17,C1346,Wireless Mouse,4,799.00
ORD003095,2025-04-13,C1342,Webcam,1,2499.00
ORD003096,2025-04-15,C1560,USB-C Cable,3,299.50
ORD003097,2025-05-01,C1505,Wireless Mouse,1,799.00
ORD003098,2025-06-27,C1072,Wireless Mouse,4,799.00
ORD003099,2025-10-10,C1490,Keyboard,2,1499.00
ORD003100,2025-01-22,C1106,Webcam,1,2499.00
ORD003101,2025-09-17,C1230,Power Bank,3,1799.00
ORD003102,2025-09-02,C1310,Headphones,2,3299.00
ORD003103,2025-01-29,C1026,Wireless Mouse,2,799.00
ORD003104,2025-11-08,C1880,USB Hub,4,899.00
ORD003105,2025-10-10,C1493,Wireless Mouse,1,799.00
ORD003106,2025-07-13,C1712,Headphones,2,3299.00
ORD003107,2025-12-26,C1437,Headphones,5,3299.00
ORD003108,2025-03-01,C1448,USB-C Cable,1,299.50
ORD003109,2025-06-30,C1198,Monitor,3,12499.00
ORD003110,2025-01-30,C1243,Headphones,2,3299.00
ORD003111,2025-10-29,C1010,Keyboard,2,1499.00
ORD003112,2025-10-02,C1581,Headphones,1,3299.00
ORD003113,2025-05-08,C1832,Wireless Mouse,1,799.00
ORD003114,2025-01-30,C1129,Keyboard,4,1499.00
ORD003115,2025-05-25,C1044,USB-C Cable,3,299.50
ORD003116,2025-11-05,C1670,Monitor,2,12499.00
ORD003117,2025-03-08,C1620,Webcam,4,2499.00
ORD003118,2025-12-03,C1125,Power Bank,1,1799.00
ORD003119,2025-05-09,C1960,Keyboard,5,1499.00
ORD003120,2025-09-11,C1722,Laptop Stand,3,1199.00
ORD003121,2025-08-16,C1730,Laptop Stand,3,1199.00
ORD003122,2025-10-10,C1299,Monitor,2,12499.00
ORD003123,2025-05-17,C1326,USB Hub,5,899.00
ORD003124,2025-02-23,C1055,USB Hub,3,899.00
ORD003125,2025-12-28,C1973,Headphones,5,3299.00
ORD003126,2025-05-24,C1080,Power Bank,2,1799.00
ORD003127,2025-09-24,C1236,USB-C Cable,3,299.50
ORD003128,2025-04-18,C1125,USB Hub,3,899.00
ORD003129,2025-01-19,C1240,USB-C Cable,4,299.50
ORD003130,2025-02-28,C1021,Power Bank,4,1799.00
ORD003131,2025-05-19,C1284,Wireless Mouse,5,799.00
ORD003132,2025-06-03,C1847,Headphones,1,3299.00
ORD003133,2025-05-23,C1875,Wireless Mouse,5,799.00
ORD003134,2025-09-11,C1019,Headphones,4,3299.00
ORD003135,2025-08-16,C1045,Headphones,2,3299.00
ORD003136,2025-07-14,C1188,Laptop Stand,4,1199.00
ORD003137,2025-01-27,C1676,USB Hub,3,899.00
ORD003138,2025-10-05,C1781,Wireless Mouse,3,799.00
ORD003139,2025-11-08,C1772,Wireless Mouse,3,799.00
ORD003140,2025-10-30,C1221,Webcam,1,2499.00
ORD003141,2025-11-15,C1444,Monitor,4,12499.00
ORD003142,2025-02-25,C1566,Wireless Mouse,4,799.00
ORD003143,2025-10-01,C1474,Webcam,4,2499.00
ORD003144,2025-05-14,C1166,USB Hub,4,899.00
ORD003145,2025-05-02,C1135,Power Bank,1,1799.00
ORD003146,2025-12-16,C1973,Webcam,3,2499.00
ORD003147,2025-05-08,C1789,Keyboard,5,1499.00
ORD003148,2025-06-22,C1584,Webcam,4,2499.00
ORD003149,2025-11-12,C1280,Wireless Mouse,3,799.00
ORD003150,2025-12-04,C1256,Webcam,5,2499.00
ORD003151,2025-03-05,C1314,Wireless Mouse,5,799.00
ORD003152,2025-05-16,C1867,Monitor,2,12499.00
ORD003153,2025-08-25,C1017,Power Bank,4,1799.00
ORD003154,2025-08-27,C1037,Wireless Mouse,3,799.00
ORD003155,2025-11-23,C1864,Power Bank,5,1799.00
ORD003156,2025-07-29,C1059,Laptop Stand,5,1199.00
ORD003157,2025-05-22,C1918,Keyboard,5,1499.00
ORD003158,2025-06-10,C1976,USB Hub,1,899.00
ORD003159,2025-04-03,C1264,Power Bank,3,1799.00
ORD003160,2025-09-11,C1130,Webcam,2,2499.00
ORD003161,2025-03-17,C1892,USB-C Cable,5,299.50
ORD003162,2025-04-30,C1117,Wireless Mouse,1,799.00
ORD003163,2025-12-17,C1518,USB-C Cable,4,299.50
ORD003164,2025-01-22,C1566,Monitor,2,12499.00
ORD003165,2025-05-13,C1998,Wireless Mouse,3,799.00
ORD003166,2025-12-14,C1865,Wireless Mouse,3,799.00
ORD003167,2025-01-23,C1614,USB Hub,2,899.00
ORD003168,2025-02-25,C1079,Monitor,5,12499.00
ORD003169,2025-02-27,C1523,Power Bank,1,1799.00
ORD003170,2025-04-15,C1333,Laptop Stand,5,1199.00
ORD003171,2025-12-15,C1425,Monitor,1,12499.00
ORD003172,2025-05-25,C1146,Headphones,1,3299.00
ORD003173,2025-11-07,C1807,Monitor,3,12499.00
ORD003174,2025-07-28,C1918,Monitor,3,12499.00
ORD003175,2025-05-31,C1636,Power Bank,1,1799.00
ORD003176,2025-07-08,C1045,USB-C Cable,3,299.50
ORD003177,2025-10-30,C1026,USB-C Cable,1,299.50
ORD003178,2025-06-10,C1523,Laptop Stand,5,1199.00
ORD003179,2025-04-21,C1387,Monitor,5,12499.00
ORD003180,2025-12-03,C1743,Wireless Mouse,2,799.00
ORD003181,2025-11-29,C1080,Headphones,1,3299.00
ORD003182,2025-10-17,C1515,Laptop Stand,5,1199.00
ORD003183,2025-08-03,C1551,USB Hub,1,899.00
ORD003184,2025-01-27,C1621,USB Hub,4,899.00
ORD003185,2025-09-24,C1451,USB Hub,3,899.00
ORD003186,2025-04-10,C1856,Webcam,5,2499.00
ORD003187,2025-05-05,C1336,Webcam,2,2499.00
ORD003188,2025-04-29,C1466,Monitor,3,12499.00
ORD003189,2025-12-21,C1246,Keyboard,4,1499.00
ORD003190,2025-07-05,C1081,Headphones,3,3299.00
ORD003191,2025-09-16,C1078,USB Hub,3,899.00
ORD003192,2025-11-06,C1235,Power Bank,4,1799.00
ORD003193,2025-04-28,C1583,Headphones,2,3299.00
ORD003194,2025-05-06,C1795,USB Hub,4,899.00
ORD003195,2025-11-07,C1266,USB-C Cable,3,299.50
ORD003196,2025-06-10,C1120,Monitor,1,12499.00
ORD003197,2025-08-04,C1517,Headphones,2,3299.00
ORD003198,2025-11-20,C1902,Power Bank,2,1799.00
ORD003199,2025-08-21,C1015,USB-C Cable,2,299.50
ORD003200,2025-08-03,C1269,Keyboard,5,1499.00
ORD003201,2025-02-21,C1129,Power Bank,1,1799.00
ORD003202,2025-01-13,C1706,Headphones,2,3299.00
ORD003203,2025-03-09,C1527,Keyboard,5,1499.00
ORD003204,2025-08-05,C1362,Headphones,2,3299.00
ORD003205,2025-12-23,C1570,Headphones,2,3299.00
ORD003206,2025-03-02,C1344,Webcam,3,2499.00
ORD003207,2025-01-24,C1075,Keyboard,3,1499.00
ORD003208,2025-07-29,C1645,Power Bank,4,1799.00
ORD003209,2025-05-29,C1775,Headphones,4,3299.00
ORD003210,2025-04-04,C1741,USB-C Cable,5,299.50
ORD003211,2025-02-12,C1155,USB Hub,1,899.00
ORD003212,2025-12-12,C1664,Monitor,4,12499.00
ORD003213,2025-06-14,C1449,Headphones,2,3299.00
ORD003214,2025-10-29,C1286,USB Hub,1,899.00
ORD003215,2025-06-02,C1505,Laptop Stand,3,1199.00
ORD003216,2025-10-16,C1530,Wireless Mouse,5,799.00
ORD003217,2025-08-07,C1292,USB Hub,3,899.00
ORD003218,2025-06-13,C1775,Headphones,2,3299.00
ORD003219,2025-01-22,C1833,USB-C Cable,2,299.50
ORD003220,2025-09-23,C1284,Headphones,5,3299.00
ORD003221,2025-02-20,C1355,Monitor,3,12499.00
ORD003222,2025-03-02,C1294,USB-C Cable,3,299.50
ORD003223,2025-08-13,C1229,Power Bank,2,1799.00
ORD003224,2025-05-13,C1620,Webcam,1,2499.00
ORD003225,2025-12-08,C1285,Laptop Stand,2,1199.00
ORD003226,2025-04-16,C1565,Keyboard,5,1499.00
ORD003227,2025-01-15,C1612,USB-C Cable,1,299.50
ORD003228,2025-10-03,C1818,USB Hub,2,899.00
ORD003229,2025-09-08,C1852,Wireless Mouse,1,799.00
ORD003230,2025-04-15,C1288,Monitor,5,12499.00
ORD003231,2025-08-16,C1533,Headphones,2,3299.00
ORD003232,2025-06-01,C1940,Power Bank,1,1799.00
ORD003233,2025-08-16,C1910,Keyboard,4,1499.00
ORD003234,2025-05-15,C1088,Power Bank,2,1799.00
ORD003235,2025-12-09,C1119,Webcam,3,2499.00
ORD003236,2025-04-24,C1744,Keyboard,1,1499.00
ORD003237,2025-03-22,C1519,Monitor,3,12499.00
ORD003238,2025-08-21,C1645,Webcam,5,2499.00
ORD003239,2025-12-28,C1704,Keyboard,3,1499.00
ORD003240,2025-08-10,C1102,Wireless Mouse,5,799.00
ORD003241,2025-04-08,C1861,Monitor,5,12499.00
ORD003242,2025-11-21,C1642,Wireless Mouse,1,799.00
ORD003243,2025-03-12,C1600,Laptop Stand,4,1199.00
ORD003244,2025-12-11,C1200,Laptop Stand,3,1199.00
ORD003245,2025-03-19,C1496,Power Bank,2,1799.00
ORD003246,2025-05-25,C1134,Power Bank,2,1799.00
ORD003247,2025-09-22,C1877,Keyboard,2,1499.00
ORD003248,2025-08-11,C1068,Wireless Mouse,4,799.00
ORD003249,2025-11-09,C1213,USB Hub,2,899.00
ORD003250,2025-08-03,C1704,Wireless Mouse,3,799.00
ORD003251,2025-11-20,C1597,Headphones,2,3299.00
ORD003252,2025-09-05,C1543,Monitor,2,12499.00
ORD003253,2025-04-29,C1896,Webcam,3,2499.00
ORD003254,2025-09-08,C1815,Power Bank,4,1799.00
ORD003255,2025-10-06,C1492,Monitor,3,12499.00
ORD003256,2025-04-23,C1115,Keyboard,3,1499.00
ORD003257,2025-08-17,C1333,Headphones,2,3299.00
ORD003258,2025-03-01,C1180,Headphones,4,3299.00
ORD003259,2025-12-05,C1116,Monitor,3,12499.00
ORD003260,2025-12-27,C1131,Headphones,4,3299.00
ORD003261,2025-11-04,C1421,Power Bank,2,1799.00
ORD003262,2025-05-29,C1274,Wireless Mouse,5,799.00
ORD003263,2025-07-29,C1062,Laptop Stand,5,1199.00
ORD003264,2025-05-14,C1691,Monitor,3,12499.00
ORD003265,2025-07-20,C1828,Headphones,4,3299.00
ORD003266,2025-07-24,C1266,Headphones,1,3299.00
ORD003267,2025-09-06,C1745,Webcam,2,2499.00
ORD003268,2025-11-22,C1838,Monitor,1,12499.00
ORD003269,2025-08-18,C1419,Webcam,2,2499.00
ORD003270,2025-10-02,C1211,USB-C Cable,1,299.50
ORD003271,2025-03-08,C1619,Monitor,5,12499.00
ORD003272,2025-01-11,C1821,Wireless Mouse,4,799.00
ORD003273,2025-12-27,C1341,Keyboard,3,1499.00
ORD003274,2025-02-02,C1670,USB Hub,1,899.00
ORD003275,2025-04-18,C1370,USB Hub,5,899.00
ORD003276,2025-03-22,C1858,Laptop Stand,5,1199.00
ORD003277,2025-04-28,C1297,Headphones,2,3299.00
ORD003278,2025-06-19,C1423,Monitor,2,12499.00
ORD003279,2025-05-08,C1962,USB Hub,1,899.00
ORD003280,2025-01-11,C1773,Wireless Mouse,5,799.00
ORD003281,2025-09-14,C1407,Keyboard,4,1499.00
ORD003282,2025-03-22,C1289,Wireless Mouse,3,799.00
ORD003283,2025-04-28,C1646,Wireless Mouse,2,799.00
ORD003284,2025-05-20,C1767,Wireless Mouse,1,799.00
ORD003285,2025-12-02,C1410,Headphones,2,3299.00
ORD003286,2025-02-13,C1078,Webcam,1,2499.00
ORD003287,2025-12-27,C1780,USB Hub,4,899.00
ORD003288,2025-01-08,C1760,Wireless Mouse,5,799.00
ORD003289,2025-02-18,C1753,USB-C Cable,5,299.50
ORD003290,2025-04-10,C1851,Headphones,5,3299.00
ORD003291,2025-06-15,C1435,Webcam,5,2499.00
ORD003292,2025-06-04,C1280,Wireless Mouse,4,799.00
ORD003293,2025-02-21,C1270,Laptop Stand,5,1199.00
ORD003294,2025-07-12,C1298,Power Bank,4,1799.00
ORD003295,2025-04-24,C1990,Keyboard,4,1499.00
ORD003296,2025-05-23,C1494,USB Hub,3,899.00
ORD003297,2025-09-17,C1250,USB Hub,4,899.00
ORD003298,2025-09-12,C1745,Wireless Mouse,4,799.00
ORD003299,2025-10-07,C1731,Monitor,1,12499.00
ORD003300,2025-04-25,C1591,Power Bank,1,1799.00
ORD003301,2025-04-29,C1457,Headphones,3,3299.00
ORD003302,2025-10-16,C1111,Power Bank,3,1799.00
ORD003303,2025-03-15,C1829,Monitor,1,12499.00
ORD003304,2025-10-15,C1173,Keyboard,2,1499.00
ORD003305,2025-10-31,C1255,Power Bank,1,1799.00
ORD003306,2025-07-26,C1631,USB-C Cable,4,299.50
ORD003307,2025-10-18,C1778,USB Hub,2,899.00
ORD003308,2025-09-10,C1258,Wireless Mouse,4,799.00
ORD003309,2025-06-22,C1854,Webcam,2,2499.00
ORD003310,2025-06-14,C1705,Wireless Mouse,5,799.00
ORD003311,2025-01-03,C1274,Headphones,2,3299.00
ORD003312,2025-09-08,C1558,USB Hub,4,899.00
ORD003313,2025-11-30,C1241,Monitor,3,12499.00
ORD003314,2025-12-29,C1494,Power Bank,5,1799.00
ORD003315,2025-02-11,C1943,USB Hub,1,899.00
ORD003316,2025-12-25,C1079,Headphones,4,3299.00
ORD003317,2025-01-07,C1165,USB-C Cable,5,299.50
ORD003318,2025-03-27,C1202,Keyboard,4,1499.00
ORD003319,2025-01-20,C1906,Keyboard,4,1499.00
ORD003320,2025-03-29,C1641,Power Bank,5,1799.00
ORD003321,2025-03-13,C1766,Power Bank,5,1799.00
ORD003322,2025-07-24,C1009,Headphones,3,3299.00
ORD003323,2025-08-11,C1301,Keyboard,3,1499.00
ORD003324,2025-06-15,C1629,USB Hub,3,899.00
ORD003325,2025-03-14,C1297,USB-C Cable,5,299.50
ORD003326,2025-11-11,C1974,Laptop Stand,3,1199.00
ORD003327,2025-11-06,C1257,USB Hub,4,899.00
ORD003328,2025-04-18,C1958,Power Bank,3,1799.00
ORD003329,2025-03-26,C1536,USB-C Cable,4,299.50
ORD003330,2025-06-12,C1426,Wireless Mouse,2,799.00
ORD003331,2025-08-29,C1068,USB-C Cable,1,299.50
ORD003332,2025-12-26,C1192,Webcam,2,2499.00
ORD003333,2025-10-03,C1469,Keyboard,3,1499.00
ORD003334,2025-02-01,C1639,Keyboard,4,1499.00
ORD003335,2025-02-04,C1358,USB-C Cable,5,299.50
ORD003336,2025-06-26,C1643,Laptop Stand,1,1199.00
ORD003337,2025-05-21,C1291,Laptop Stand,4,1199.00
ORD003338,2025-07-08,C1639,Webcam,4,2499.00
ORD003339,2025-10-15,C1554,Webcam,2,2499.00
ORD003340,2025-10-31,C1156,Keyboard,1,1499.00
ORD003341,2025-05-24,C1182,Laptop Stand,3,1199.00
ORD003342,2025-03-06,C1816,Keyboard,5,1499.00
ORD003343,2025-06-19,C1589,Headphones,5,3299.00
ORD003344,2025-11-12,C1684,Webcam,4,2499.00
ORD003345,2025-03-28,C1002,Laptop Stand,2,1199.00
ORD003346,2025-02-16,C1951,Laptop Stand,5,1199.00
ORD003347,2025-03-15,C1168,USB-C Cable,4,299.50
ORD003348,2025-06-15,C1079,Wireless Mouse,1,799.00
ORD003349,2025-09-19,C1826,USB-C Cable,4,299.50
ORD003350,2025-12-07,C1483,Headphones,3,3299.00
ORD003351,2025-09-14,C1778,Webcam,1,2499.00
ORD003352,2025-10-14,C1402,Laptop Stand,4,1199.00
ORD003353,2025-12-28,C1485,Headphones,3,3299.00
ORD003354,2025-09-25,C1324,Webcam,5,2499.00
ORD003355,2025-11-06,C1862,Keyboard,2,1499.00
ORD003356,2025-11-21,C1853,USB-C Cable,3,299.50
ORD003357,2025-08-12,C1573,USB-C Cable,4,299.50
ORD003358,2025-12-22,C1807,Power Bank,3,1799.00
ORD003359,2025-10-13,C1921,Keyboard,4,1499.00
ORD003360,2025-04-02,C1025,Monitor,3,12499.00
ORD003361,2025-12-10,C1354,Power Bank,4,1799.00
ORD003362,2025-11-12,C1573,Laptop Stand,2,1199.00
ORD003363,2025-07-11,C1183,Headphones,1,3299.00
ORD003364,2025-08-15,C1369,Laptop Stand,5,1199.00
ORD003365,2025-01-03,C1600,Laptop Stand,3,1199.00
ORD003366,2025-02-18,C1932,Monitor,3,12499.00
ORD003367,2025-09-15,C1943,Webcam,1,2499.00
ORD003368,2025-01-18,C1662,Webcam,3,2499.00
ORD003369,2025-07-23,C1044,Power Bank,3,1799.00
ORD003370,2025-11-17,C1058,Webcam,5,2499.00
ORD003371,2025-08-30,C1622,Wireless Mouse,4,799.00
ORD003372,2025-03-30,C1484,Power Bank,5,1799.00
ORD003373,2025-01-20,C1378,Keyboard,1,1499.00
ORD003374,2025-12-28,C1753,USB-C Cable,2,299.50
ORD003375,2025-02-12,C1429,USB-C Cable,1,299.50
ORD003376,2025-08-16,C1652,Wireless Mouse,1,799.00
ORD003377,2025-02-19,C1878,Monitor,5,12499.00
ORD003378,2025-04-10,C1670,Webcam,5,2499.00
ORD003379,2025-06-20,C1857,Wireless Mouse,3,799.00
ORD003380,2025-10-28,C1739,USB-C Cable,3,299.50
ORD003381,2025-01-08,C1963,USB Hub,4,899.00
ORD003382,2025-12-08,C1685,Headphones,1,3299.00
ORD003383,2025-04-09,C1844,Keyboard,5,1499.00
ORD003384,2025-05-17,C1085,USB-C Cable,2,299.50
ORD003385,2025-01-23,C1282,Power Bank,5,1799.00
ORD003386,2025-12-19,C1517,Laptop Stand,4,1199.00
ORD003387,2025-11-22,C1764,USB-C Cable,1,299.50
ORD003388,2025-05-21,C1574,Webcam,3,2499.00
ORD003389,2025-06-24,C1477,Keyboard,5,1499.00
ORD003390,2025-10-17,C1952,Keyboard,4,1499.00
ORD003391,2025-03-01,C1940,Keyboard,1,1499.00
ORD003392,2025-02-14,C1190,USB-C Cable,3,299.50
ORD003393,2025-03-28,C1807,Wireless Mouse,1,799.00
ORD003394,2025-11-23,C1383,Laptop Stand,4,1199.00
ORD003395,2025-05-07,C1315,Keyboard,2,1499.00
ORD003396,2025-06-08,C1054,USB-C Cable,4,299.50
ORD003397,2025-04-02,C1285,Webcam,2,2499.00
ORD003398,2025-07-31,C1231,Monitor,2,12499.00
ORD003399,2025-04-13,C1181,Webcam,3,2499.00
ORD003400,2025-12-24,C1450,Webcam,3,2499.00
ORD003401,2025-09-08,C1363,Keyboard,5,1499.00
ORD003402,2025-06-28,C1790,Monitor,5,12499.00
ORD003403,2025-11-20,C1703,Power Bank,2,1799.00
ORD003404,2025-10-27,C1394,Wireless Mouse,2,799.00
ORD003405,2025-10-19,C1215,USB Hub,4,899.00
ORD003406,2025-11-27,C1830,Monitor,3,12499.00
ORD003407,2025-06-25,C1716,Laptop Stand,5,1199.00
ORD003408,2025-05-18,C1092,USB Hub,5,899.00
ORD003409,2025-05-13,C1223,Laptop Stand,4,1199.00
ORD003410,2025-01-17,C1944,Webcam,1,2499.00
ORD003411,2025-12-04,C1646,USB Hub,2,899.00
ORD003412,2025-03-13,C1478,Power Bank,5,1799.00
ORD003413,2025-07-10,C1577,Monitor,4,12499.00
ORD003414,2025-06-15,C1718,Wireless Mouse,1,799.00
ORD003415,2025-01-05,C1162,Monitor,4,12499.00
ORD003416,2025-06-21,C1344,Power Bank,1,1799.00
ORD003417,2025-07-03,C1313,USB-C Cable,2,299.50
ORD003418,2025-10-07,C1190,Power Bank,1,1799.00
ORD003419,2025-11-12,C1467,Power Bank,5,1799.00
ORD003420,2025-07-24,C1484,Headphones,2,3299.00
ORD003421,2025-07-11,C1615,Webcam,3,2499.00
ORD003422,2025-12-14,C1410,Power Bank,3,1799.00
ORD003423,2025-04-30,C1781,Wireless Mouse,5,799.00
ORD003424,2025-08-04,C1436,Keyboard,3,1499.00
ORD003425,2025-10-31,C1029,Headphones,2,3299.00
ORD003426,2025-03-27,C1944,USB Hub,3,899.00
ORD003427,2025-04-12,C1974,USB Hub,5,899.00
ORD003428,2025-03-08,C1679,USB-C Cable,3,299.50
ORD003429,2025-02-16,C1316,Wireless Mouse,2,799.00
ORD003430,2025-08-23,C1405,Monitor,2,12499.00
ORD003431,2025-01-01,C1674,Power Bank,2,1799.00
ORD003432,2025-03-30,C1308,Laptop Stand,3,1199.00
ORD003433,2025-04-05,C1241,Keyboard,2,1499.00
ORD003434,2025-02-16,C1741,Headphones,2,3299.00
ORD003435,2025-12-17,C1568,USB-C Cable,3,299.50
ORD003436,2025-09-02,C1163,Wireless Mouse,3,799.00
ORD003437,2025-08-30,C1563,Keyboard,4,1499.00
ORD003438,2025-08-30,C1684,Laptop Stand,4,1199.00
ORD003439,2025-12-28,C1248,Power Bank,1,1799.00
ORD003440,2025-03-07,C1325,Headphones,2,3299.00
ORD003441,2025-06-17,C1919,Headphones,3,3299.00
ORD003442,2025-11-02,C1403,Headphones,5,3299.00
ORD003443,2025-06-27,C1500,Keyboard,5,1499.00
ORD003444,2025-04-24,C1906,Wireless Mouse,5,799.00
ORD003445,2025-05-01,C1377,USB-C Cable,3,299.50
ORD003446,2025-09-14,C1842,Monitor,1,12499.00
ORD003447,2025-02-09,C1661,Headphones,2,3299.00
ORD003448,2025-09-13,C1192,USB-C Cable,1,299.50
ORD003449,2025-06-04,C1445,Laptop Stand,1,1199.00
ORD003450,2025-07-16,C1669,Monitor,2,12499.00
ORD003451,2025-03-19,C1291,Headphones,3,3299.00
ORD003452,2025-12-12,C1840,Headphones,4,3299.00
ORD003453,2025-05-14,C1981,Wireless Mouse,4,799.00
ORD003454,2025-03-25,C1407,USB-C Cable,5,299.50
ORD003455,2025-08-27,C1825,Keyboard,1,1499.00
ORD003456,2025-12-18,C1750,Monitor,1,12499.00
ORD003457,2025-01-07,C1164,Headphones,3,3299.00
ORD003458,2025-10-22,C1519,USB-C Cable,4,299.50
ORD003459,2025-01-06,C1497,Power Bank,4,1799.00
ORD003460,2025-01-28,C1310,Headphones,4,3299.00
ORD003461,2025-11-21,C1118,Webcam,5,2499.00
ORD003462,2025-09-15,C1381,Power Bank,4,1799.00
ORD003463,2025-10-01,C1995,Monitor,3,12499.00
ORD003464,2025-04-02,C1434,Keyboard,5,1499.00
ORD003465,2025-12-12,C1081,Headphones,2,3299.00
ORD003466,2025-06-22,C1970,Wireless Mouse,5,799.00
ORD003467,2025-04-12,C1527,Webcam,5,2499.00
ORD003468,2025-08-11,C1049,Power Bank,4,1799.00
ORD003469,2025-01-21,C1124,Webcam,4,2499.00
ORD003470,2025-07-07,C1051,Power Bank,5,1799.00
ORD003471,2025-05-10,C1435,Monitor,3,12499.00
ORD003472,2025-01-13,C1555,Webcam,3,2499.00
ORD003473,2025-05-31,C1365,USB-C Cable,4,299.50
ORD003474,2025-08-17,C1332,Wireless Mouse,3,799.00
ORD003475,2025-11-02,C1114,Wireless Mouse,3,799.00
ORD003476,2025-09-30,C1756,Wireless Mouse,4,799.00
ORD003477,2025-03-31,C1086,Laptop Stand,5,1199.00
ORD003478,2025-03-06,C1744,Keyboard,2,1499.00
ORD003479,2025-08-09,C1914,Power Bank,3,1799.00
ORD003480,2025-08-23,C1705,Monitor,5,12499.00
ORD003481,2025-09-26,C1582,Laptop Stand,4,1199.00
ORD003482,2025-02-09,C1334,Wireless Mouse,3,799.00
ORD003483,2025-03-17,C1623,Wireless Mouse,1,799.00
ORD003484,2025-09-20,C1742,Headphones,1,3299.00
ORD003485,2025-11-23,C1767,Monitor,3,12499.00
ORD003486,2025-07-25,C1022,Headphones,2,3299.00
ORD003487,2025-12-01,C1760,Webcam,1,2499.00
ORD003488,2025-03-01,C1812,Headphones,2,3299.00
ORD003489,2025-06-05,C1630,Webcam,5,2499.00
ORD003490,2025-05-05,C1710,USB Hub,1,899.00
ORD003491,2025-10-21,C1484,Monitor,2,12499.00
ORD003492,2025-05-21,C1764,Headphones,2,3299.00
ORD003493,2025-09-14,C1687,Webcam,1,2499.00
ORD003494,2025-04-03,C1694,Headphones,3,3299.00
ORD003495,2025-01-03,C1416,Webcam,2,2499.00
ORD003496,2025-08-01,C1672,Wireless Mouse,2,799.00
ORD003497,2025-05-17,C1473,Webcam,5,2499.00
ORD003498,2025-02-19,C1226,Monitor,2,12499.00
ORD003499,2025-12-30,C1332,Wireless Mouse,2,799.00
ORD003500,2025-11-10,C1294,Keyboard,5,1499.00
ORD003501,2025-10-29,C1430,Power Bank,5,1799.00
ORD003502,2025-10-05,C1398,Monitor,4,12499.00
ORD003503,2025-01-07,C1351,USB Hub,3,899.00
ORD003504,2025-06-27,C1842,Monitor,4,12499.00
ORD003505,2025-08-25,C1874,USB-C Cable,4,299.50
ORD003506,2025-09-30,C1714,Laptop Stand,2,1199.00
ORD003507,2025-05-11,C1412,Headphones,1,3299.00
ORD003508,2025-11-20,C1498,Keyboard,5,1499.00
ORD003509,2025-02-12,C1212,Monitor,5,12499.00
ORD003510,2025-06-05,C1298,Monitor,3,12499.00
ORD003511,2025-12-12,C1478,Power Bank,1,1799.00
ORD003512,2025-11-16,C1598,USB-C Cable,2,299.50
ORD003513,2025-10-17,C1441,Monitor,4,12499.00
ORD003514,2025-05-26,C1569,Wireless Mouse,4,799.00
ORD003515,2025-07-12,C1943,Laptop Stand,5,1199.00
ORD003516,2025-07-13,C1621,USB-C Cable,1,299.50
ORD003517,2025-07-22,C1223,Keyboard,2,1499.00
ORD003518,2025-10-20,C1296,Keyboard,2,1499.00
ORD003519,2025-07-25,C1563,USB-C Cable,4,299.50
ORD003520,2025-04-22,C1428,Monitor,5,12499.00
ORD003521,2025-06-13,C1788,Webcam,3,2499.00
ORD003522,2025-12-07,C1905,Keyboard,3,1499.00
ORD003523,2025-10-02,C1545,USB Hub,4,899.00
ORD003524,2025-07-26,C1506,Laptop Stand,4,1199.00
ORD003525,2025-08-19,C1160,Webcam,2,2499.00
ORD003526,2025-05-28,C1003,Headphones,5,3299.00
ORD003527,2025-08-26,C1671,Monitor,2,12499.00
ORD003528,2025-07-16,C1594,Keyboard,4,1499.00
ORD003529,2025-07-30,C1193,Headphones,1,3299.00
ORD003530,2025-03-12,C1624,Laptop Stand,5,1199.00
ORD003531,2025-02-11,C1613,USB Hub,5,899.00
ORD003532,2025-01-12,C1332,Headphones,5,3299.00
ORD003533,2025-03-27,C1582,Laptop Stand,4,1199.00
ORD003534,2025-07-09,C1023,Keyboard,5,1499.00
ORD003535,2025-10-10,C1523,Headphones,2,3299.00
ORD003536,2025-08-23,C1377,USB-C Cable,2,299.50
ORD003537,2025-08-30,C1959,USB-C Cable,2,299.50
ORD003538,2025-03-09,C1300,Monitor,1,12499.00
ORD003539,2025-04-16,C1591,Wireless Mouse,4,799.00
ORD003540,2025-05-06,C1700,Power Bank,5,1799.00
ORD003541,2025-05-04,C1815,Power Bank,2,1799.00
ORD003542,2025-09-14,C1656,Power Bank,1,1799.00
ORD003543,2025-03-23,C1250,Monitor,4,12499.00
ORD003544,2025-01-04,C1766,Keyboard,1,1499.00
ORD003545,2025-09-24,C1481,Headphones,4,3299.00
ORD003546,2025-08-02,C1980,Keyboard,3,1499.00
ORD003547,2025-03-03,C1732,USB Hub,5,899.00
ORD003548,2025-01-13,C1449,USB Hub,4,899.00
ORD003549,2025-05-30,C1831,Wireless Mouse,4,799.00
ORD003550,2025-07-06,C1409,Wireless Mouse,5,799.00
ORD003551,2025-08-08,C1806,Power Bank,1,1799.00
ORD003552,2025-03-16,C1867,Keyboard,3,1499.00
ORD003553,2025-03-28,C1375,Keyboard,4,1499.00
ORD003554,2025-03-14,C1934,Monitor,2,12499.00
ORD003555,2025-04-18,C1270,Power Bank,1,1799.00
ORD003556,2025-11-25,C1710,Monitor,1,12499.00
ORD003557,2025-12-30,C1503,Power Bank,2,1799.00
ORD003558,2025-06-25,C1302,Webcam,4,2499.00
ORD003559,2025-08-19,C1716,Monitor,3,12499.00
ORD003560,2025-11-01,C1036,Webcam,2,2499.00
ORD003561,2025-09-25,C1295,USB-C Cable,1,299.50
ORD003562,2025-07-09,C1577,Laptop Stand,3,1199.00
ORD003563,2025-06-07,C1967,Webcam,2,2499.00
ORD003564,2025-09-01,C1730,Webcam,4,2499.00
ORD003565,2025-03-21,C1761,Webcam,2,2499.00
ORD003566,2025-11-08,C1299,USB-C Cable,4,299.50
ORD003567,2025-11-23,C1233,Webcam,1,2499.00
ORD003568,2025-10-26,C1310,Laptop Stand,2,1199.00
ORD003569,2025-05-13,C1372,Wireless Mouse,5,799.00
ORD003570,2025-07-27,C1488,USB Hub,5,899.00
ORD003571,2025-06-26,C1659,USB-C Cable,2,299.50
ORD003572,2025-06-10,C1535,USB Hub,3,899.00
ORD003573,2025-09-06,C1663,Headphones,2,3299.00
ORD003574,2025-09-04,C1179,USB Hub,4,899.00
ORD003575,2025-01-08,C1684,Headphones,1,3299.00
ORD003576,2025-04-26,C1316,Monitor,2,12499.00
ORD003577,2025-03-18,C1284,Laptop Stand,5,1199.00
ORD003578,2025-11-29,C1201,Keyboard,3,1499.00
ORD003579,2025-08-24,C1583,Power Bank,1,1799.00
ORD003580,2025-04-27,C1759,USB Hub,2,899.00
ORD003581,2025-12-07,C1033,Monitor,4,12499.00
ORD003582,2025-06-18,C1519,Keyboard,1,1499.00
ORD003583,2025-10-11,C1984,Webcam,5,2499.00
ORD003584,2025-02-10,C1993,USB Hub,1,899.00
ORD003585,2025-10-18,C1535,Power Bank,2,1799.00
ORD003586,2025-05-12,C1816,Laptop Stand,2,1199.00
ORD003587,2025-04-27,C1706,Laptop Stand,4,1199.00
ORD003588,2025-01-21,C1623,USB-C Cable,3,299.50
ORD003589,2025-05-23,C1093,USB Hub,2,899.00
ORD003590,2025-03-09,C1535,Keyboard,3,1499.00
ORD003591,2025-04-17,C1233,Wireless Mouse,2,799.00
ORD003592,2025-08-26,C1100,Power Bank,5,1799.00
ORD003593,2025-06-13,C1808,Wireless Mouse,1,799.00
ORD003594,2025-09-02,C1119,Laptop Stand,4,1199.00
ORD003595,2025-09-01,C1202,Keyboard,1,1499.00
ORD003596,2025-10-29,C1220,USB Hub,5,899.00
ORD003597,2025-06-03,C1582,Power Bank,1,1799.00
ORD003598,2025-02-27,C1737,Headphones,4,3299.00
ORD003599,2025-10-29,C1825,Laptop Stand,5,1199.00
ORD003600,2025-01-01,C1257,Power Bank,4,1799.00
ORD003601,2025-09-10,C1646,Webcam,2,2499.00
ORD003602,2025-09-17,C1494,Monitor,5,12499.00
ORD003603,2025-11-27,C1306,Webcam,3,2499.00
ORD003604,2025-05-08,C1349,USB Hub,3,899.00
ORD003605,2025-09-15,C1316,USB Hub,4,899.00
ORD003606,2025-04-04,C1499,Keyboard,1,1499.00
ORD003607,2025-09-18,C1481,Monitor,4,12499.00
ORD003608,2025-04-02,C1067,USB-C Cable,4,299.50
ORD003609,2025-02-18,C1947,Webcam,4,2499.00
ORD003610,2025-11-23,C1703,Monitor,5,12499.00
ORD003611,2025-04-10,C1797,USB-C Cable,1,299.50
ORD003612,2025-04-20,C1314,Laptop Stand,5,1199.00
ORD003613,2025-06-13,C1784,Webcam,5,2499.00
ORD003614,2025-02-22,C1701,Power Bank,3,1799.00
ORD003615,2025-10-20,C1688,Laptop Stand,2,1199.00
ORD003616,2025-03-22,C1196,Monitor,4,12499.00
ORD003617,2025-03-22,C1624,USB-C Cable,2,299.50
ORD003618,2025-09-22,C1485,Monitor,5,12499.00
ORD003619,2025-05-18,C1234,Headphones,3,3299.00
ORD003620,2025-06-05,C1379,Power Bank,2,1799.00
ORD003621,2025-06-20,C1744,Webcam,3,2499.00
ORD003622,2025-08-19,C1315,Monitor,4,12499.00
ORD003623,2025-08-02,C1005,Headphones,4,3299.00
ORD003624,2025-07-29,C1362,Wireless Mouse,2,799.00
ORD003625,2025-05-21,C1019,Power Bank,2,1799.00
ORD003626,2025-12-05,C1733,Laptop Stand,3,1199.00
ORD003627,2025-07-11,C1024,Webcam,3,2499.00
ORD003628,2025-07-15,C1333,Headphones,5,3299.00
ORD003629,2025-04-13,C1816,USB Hub,2,899.00
ORD003630,2025-08-14,C1876,USB Hub,3,899.00
ORD003631,2025-02-08,C1248,Keyboard,2,1499.00
ORD003632,2025-09-03,C1964,Monitor,5,12499.00
ORD003633,2025-01-24,C1799,Power Bank,4,1799.00
ORD003634,2025-05-08,C1286,Power Bank,5,1799.00
ORD003635,2025-01-31,C1103,Headphones,1,3299.00
ORD003636,2025-05-22,C1550,Monitor,3,12499.00
ORD003637,2025-05-26,C1113,Power Bank,4,1799.00
ORD003638,2025-02-07,C1332,USB-C Cable,4,299.50
ORD003639,2025-03-19,C1603,USB-C Cable,3,299.50
ORD003640,2025-10-15,C1090,Laptop Stand,4,1199.00
ORD003641,2025-06-17,C1586,Laptop Stand,5,1199.00
ORD003642,2025-10-13,C1543,Webcam,3,2499.00
ORD003643,2025-03-13,C1790,Wireless Mouse,1,799.00
ORD003644,2025-07-04,C1926,Monitor,4,12499.00
ORD003645,2025-04-05,C1328,Laptop Stand,4,1199.00
ORD003646,2025-08-24,C1370,Laptop Stand,3,1199.00
ORD003647,2025-12-13,C1994,Laptop Stand,3,1199.00
ORD003648,2025-11-06,C1765,Webcam,1,2499.00
ORD003649,2025-03-03,C1657,USB-C Cable,4,299.50
ORD003650,2025-07-22,C1825,Headphones,4,3299.00
ORD003651,2025-09-28,C1061,Wireless Mouse,5,799.00
ORD003652,2025-01-09,C1579,Monitor,4,12499.00
ORD003653,2025-09-16,C1894,Wireless Mouse,3,799.00
ORD003654,2025-09-09,C1289,USB Hub,5,899.00
ORD003655,2025-11-21,C1068,Monitor,1,12499.00
ORD003656,2025-10-13,C1799,Keyboard,1,1499.00
ORD003657,2025-03-23,C1817,USB Hub,5,899.00
ORD003658,2025-10-21,C1944,Keyboard,4,1499.00
ORD003659,2025-02-07,C1785,Laptop Stand,4,1199.00
ORD003660,2025-08-27,C1462,Webcam,2,2499.00
ORD003661,2025-02-07,C1186,Monitor,5,12499.00
ORD003662,2025-08-21,C1540,Monitor,4,12499.00
ORD003663,2025-07-25,C1588,Wireless Mouse,3,799.00
ORD003664,2025-11-16,C1848,Wireless Mouse,4,799.00
ORD003665,2025-01-05,C1230,Wireless Mouse,3,799.00
ORD003666,2025-03-19,C1265,Headphones,2,3299.00
ORD003667,2025-09-30,C1468,Monitor,2,12499.00
ORD003668,2025-10-23,C1156,Monitor,2,12499.00
ORD003669,2025-04-16,C1315,USB-C Cable,2,299.50
ORD003670,2025-01-14,C1546,Keyboard,5,1499.00
ORD003671,2025-03-07,C1553,Wireless Mouse,3,799.00
ORD003672,2025-06-17,C1891,Keyboard,3,1499.00
ORD003673,2025-12-03,C1213,Laptop Stand,2,1199.00
ORD003674,2025-03-25,C1434,Webcam,3,2499.00
ORD003675,2025-04-22,C1790,Laptop Stand,3,1199.00
ORD003676,2025-03-12,C1898,Wireless Mouse,4,799.00
ORD003677,2025-07-12,C1026,Keyboard,4,1499.00
ORD003678,2025-07-14,C1050,Laptop Stand,4,1199.00
ORD003679,2025-07-24,C1203,Power Bank,2,1799.00
ORD003680,2025-10-30,C1834,Headphones,1,3299.00
ORD003681,2025-03-31,C1518,Keyboard,5,1499.00
ORD003682,2025-03-04,C1166,USB Hub,2,899.00
ORD003683,2025-09-08,C1758,Keyboard,5,1499.00
ORD003684,2025-06-12,C1425,Monitor,2,12499.00
ORD003685,2025-02-16,C1818,Laptop Stand,5,1199.00
ORD003686,2025-09-02,C1261,Monitor,5,12499.00
ORD003687,2025-08-22,C1016,Keyboard,1,1499.00
ORD003688,2025-08-04,C1409,Headphones,1,3299.00
ORD003689,2025-07-04,C1968,Monitor,3,12499.00
ORD003690,2025-08-11,C1968,Keyboard,3,1499.00
ORD003691,2025-12-26,C1086,Laptop Stand,4,1199.00
ORD003692,2025-01-09,C1974,Power Bank,3,1799.00
ORD003693,2025-01-24,C1144,Monitor,2,12499.00
ORD003694,2025-10-17,C1009,USB-C Cable,2,299.50
ORD003695,2025-03-21,C1143,USB Hub,4,899.00
ORD003696,2025-02-01,C1610,Wireless Mouse,2,799.00
ORD003697,2025-07-10,C1632,Webcam,4,2499.00
ORD003698,2025-08-03,C1176,USB-C Cable,2,299.50
ORD003699,2025-03-19,C1759,USB Hub,2,899.00
ORD003700,2025-02-26,C1805,Monitor,2,12499.00
ORD003701,2025-09-12,C1208,Wireless Mouse,3,799.00
ORD003702,2025-11-17,C1382,Headphones,3,3299.00
ORD003703,2025-01-15,C1802,Monitor,1,12499.00
ORD003704,2025-01-15,C1910,Monitor,4,12499.00
ORD003705,2025-03-15,C1935,Wireless Mouse,4,799.00
ORD003706,2025-10-04,C1386,Wireless Mouse,5,799.00
ORD003707,2025-03-28,C1161,USB Hub,1,899.00
ORD003708,2025-06-28,C1918,Wireless Mouse,2,799.00
ORD003709,2025-08-03,C1067,Keyboard,1,1499.00
ORD003710,2025-08-26,C1425,Power Bank,5,1799.00
ORD003711,2025-03-10,C1877,Power Bank,5,1799.00
ORD003712,2025-06-09,C1487,Wireless Mouse,4,799.00
ORD003713,2025-03-07,C1330,Webcam,5,2499.00
ORD003714,2025-11-11,C1684,Monitor,1,12499.00
ORD003715,2025-09-10,C1766,Power Bank,5,1799.00
ORD003716,2025-03-06,C1224,Laptop Stand,5,1199.00
ORD003717,2025-03-15,C1230,USB-C Cable,1,299.50
ORD003718,2025-07-26,C1289,Keyboard,5,1499.00
ORD003719,2025-05-08,C1231,Keyboard,3,1499.00
ORD003720,2025-12-04,C1308,USB-C Cable,3,299.50
ORD003721,2025-12-09,C1604,Power Bank,5,1799.00
ORD003722,2025-10-23,C1904,USB Hub,3,899.00
ORD003723,2025-06-17,C1432,USB-C Cable,3,299.50
ORD003724,2025-10-24,C1754,USB-C Cable,1,299.50
ORD003725,2025-11-20,C1049,Headphones,2,3299.00
ORD003726,2025-01-08,C1146,USB-C Cable,1,299.50
ORD003727,2025-03-24,C1406,Laptop Stand,3,1199.00
ORD003728,2025-10-20,C1492,Wireless Mouse,4,799.00
ORD003729,2025-04-07,C1643,Monitor,5,12499.00
ORD003730,2025-08-20,C1219,Headphones,4,3299.00
ORD003731,2025-10-07,C1450,Webcam,1,2499.00
ORD003732,2025-12-02,C1786,Webcam,5,2499.00
ORD003733,2025-06-22,C1913,Monitor,2,12499.00
ORD003734,2025-06-24,C1826,Webcam,4,2499.00
ORD003735,2025-08-22,C1679,USB Hub,1,899.00
ORD003736,2025-09-23,C1269,Monitor,1,12499.00
ORD003737,2025-08-07,C1657,Monitor,1,12499.00
ORD003738,2025-03-06,C1096,USB Hub,2,899.00
ORD003739,2025-02-26,C1123,Power Bank,5,1799.00
ORD003740,2025-03-06,C1894,Webcam,3,2499.00
ORD003741,2025-08-20,C1446,Webcam,5,2499.00
ORD003742,2025-09-16,C1186,Keyboard,4,1499.00
ORD003743,2025-04-10,C1145,USB Hub,2,899.00
ORD003744,2025-04-12,C1751,Wireless Mouse,3,799.00
ORD003745,2025-11-04,C1798,USB Hub,2,899.00
ORD003746,2025-09-26,C1048,USB Hub,5,899.00
ORD003747,2025-10-04,C1235,Monitor,5,12499.00
ORD003748,2025-07-11,C1162,USB-C Cable,1,299.50
ORD003749,2025-11-22,C1649,USB-C Cable,5,299.50
ORD003750,2025-03-19,C1553,Laptop Stand,5,1199.00
ORD003751,2025-04-14,C1285,Headphones,1,3299.00
ORD003752,2025-06-01,C1399,Headphones,5,3299.00
ORD003753,2025-09-01,C1479,Headphones,3,3299.00
ORD003754,2025-06-03,C1000,USB-C Cable,1,299.50
ORD003755,2025-12-29,C1569,Webcam,3,2499.00
ORD003756,2025-11-10,C1608,Laptop Stand,1,1199.00
ORD003757,2025-07-30,C1143,Wireless Mouse,2,799.00
ORD003758,2025-03-24,C1782,Power Bank,2,1799.00
ORD003759,2025-03-23,C1661,Headphones,4,3299.00
ORD003760,2025-10-30,C1198,Headphones,2,3299.00
ORD003761,2025-02-06,C1231,Monitor,3,12499.00
ORD003762,2025-07-25,C1126,USB-C Cable,5,299.50
ORD003763,2025-04-16,C1454,USB-C Cable,2,299.50
ORD003764,2025-06-17,C1011,Webcam,1,2499.00
ORD003765,2025-06-09,C1536,USB Hub,1,899.00
ORD003766,2025-04-29,C1676,Power Bank,4,1799.00
ORD003767,2025-03-05,C1554,Webcam,5,2499.00
ORD003768,2025-03-20,C1072,Power Bank,3,1799.00
ORD003769,2025-01-21,C1390,Webcam,3,2499.00
ORD003770,2025-11-17,C1477,Keyboard,4,1499.00
ORD003771,2025-12-30,C1708,USB-C Cable,4,299.50
ORD003772,2025-04-26,C1535,Webcam,1,2499.00
ORD003773,2025-11-05,C1982,Keyboard,5,1499.00
ORD003774,2025-05-04,C1890,Monitor,4,12499.00
ORD003775,2025-08-04,C1058,Headphones,1,3299.00
ORD003776,2025-05-22,C1926,Webcam,3,2499.00
ORD003777,2025-06-18,C1429,USB Hub,3,899.00
ORD003778,2025-02-12,C1013,Monitor,1,12499.00
ORD003779,2025-05-05,C1599,Power Bank,4,1799.00
ORD003780,2025-10-30,C1444,Laptop Stand,3,1199.00
ORD003781,2025-12-29,C1499,Keyboard,5,1499.00
ORD003782,2025-11-07,C1531,Headphones,4,3299.00
ORD003783,2025-11-05,C1110,Wireless Mouse,5,799.00
ORD003784,2025-10-22,C1097,Keyboard,1,1499.00
ORD003785,2025-07-04,C1594,Laptop Stand,5,1199.00
ORD003786,2025-07-21,C1735,Headphones,1,3299.00
ORD003787,2025-11-28,C1807,Monitor,4,12499.00
ORD003788,2025-10-21,C1884,Power Bank,5,1799.00
ORD003789,2025-07-24,C1832,Wireless Mouse,4,799.00
ORD003790,2025-04-21,C1580,Wireless Mouse,2,799.00
ORD003791,2025-11-19,C1968,Wireless Mouse,3,799.00
ORD003792,2025-05-30,C1942,Keyboard,4,1499.00
ORD003793,2025-08-22,C1869,Wireless Mouse,3,799.00
ORD003794,2025-12-16,C1352,Monitor,3,12499.00
ORD003795,2025-05-22,C1456,Laptop Stand,1,1199.00
ORD003796,2025-08-23,C1715,Monitor,3,12499.00
ORD003797,2025-04-18,C1571,USB-C Cable,5,299.50
ORD003798,2025-07-25,C1771,Monitor,3,12499.00
ORD003799,2025-09-13,C1877,USB-C Cable,1,299.50
ORD003800,2025-06-30,C1631,Monitor,5,12499.00
ORD003801,2025-06-12,C1848,Laptop Stand,3,1199.00
ORD003802,2025-02-16,C1654,Keyboard,4,1499.00
ORD003803,2025-11-15,C1509,Monitor,2,12499.00
ORD003804,2025-04-14,C1271,Headphones,4,3299.00
ORD003805,2025-06-22,C1825,Monitor,4,12499.00
ORD003806,2025-03-23,C1982,Monitor,2,12499.00
ORD003807,2025-01-09,C1114,Monitor,2,12499.00
ORD003808,2025-09-17,C1717,Webcam,5,2499.00
ORD003809,2025-10-14,C1551,Webcam,2,2499.00
ORD003810,2025-11-13,C1712,Headphones,1,3299.00
ORD003811,2025-02-17,C1092,Laptop Stand,5,1199.00
ORD003812,2025-05-15,C1149,Headphones,3,3299.00
ORD003813,2025-07-01,C1406,USB Hub,2,899.00
ORD003814,2025-02-23,C1865,Headphones,3,3299.00
ORD003815,2025-06-15,C1230,Keyboard,4,1499.00
ORD003816,2025-05-06,C1561,Wireless Mouse,2,799.00
ORD003817,2025-01-14,C1506,Webcam,2,2499.00
ORD003818,2025-05-06,C1896,Laptop Stand,2,1199.00
ORD003819,2025-11-28,C1831,Power Bank,2,1799.00
ORD003820,2025-01-07,C1303,USB-C Cable,2,299.50
ORD003821,2025-11-10,C1494,Wireless Mouse,4,799.00
ORD003822,2025-10-12,C1564,Headphones,5,3299.00
ORD003823,2025-07-31,C1190,Laptop Stand,5,1199.00
ORD003824,2025-11-18,C1589,Headphones,4,3299.00
ORD003825,2025-12-28,C1815,Webcam,3,2499.00
ORD003826,2025-08-09,C1379,Webcam,3,2499.00
ORD003827,2025-06-13,C1553,Laptop Stand,3,1199.00
ORD003828,2025-12-21,C1137,Keyboard,3,1499.00
ORD003829,2025-10-03,C1592,Laptop Stand,2,1199.00
ORD003830,2025-09-17,C1725,Keyboard,4,1499.00
ORD003831,2025-06-10,C1107,USB Hub,5,899.00
ORD003832,2025-06-28,C1734,Laptop Stand,5,1199.00
ORD003833,2025-08-27,C1275,Laptop Stand,5,1199.00
ORD003834,2025-08-24,C1633,Wireless Mouse,4,799.00
ORD003835,2025-10-30,C1446,Power Bank,1,1799.00
ORD003836,2025-01-12,C1573,USB-C Cable,4,299.50
ORD003837,2025-11-29,C1058,USB Hub,3,899.00
ORD003838,2025-12-28,C1151,Power Bank,1,1799.00
ORD003839,2025-02-03,C1977,Monitor,3,12499.00
ORD003840,2025-01-15,C1730,Webcam,5,2499.00
ORD003841,2025-08-09,C1721,Power Bank,2,1799.00
ORD003842,2025-04-21,C1677,Headphones,4,3299.00
ORD003843,2025-10-03,C1713,Webcam,3,2499.00
ORD003844,2025-04-30,C1583,Monitor,5,12499.00
ORD003845,2025-03-15,C1784,Headphones,5,3299.00
ORD003846,2025-01-04,C1994,Monitor,5,12499.00
ORD003847,2025-12-31,C1772,Wireless Mouse,3,799.00
ORD003848,2025-02-06,C1628,Keyboard,1,1499.00
ORD003849,2025-07-31,C1747,USB Hub,2,899.00
ORD003850,2025-05-08,C1615,Laptop Stand,2,1199.00
ORD003851,2025-01-16,C1664,USB-C Cable,4,299.50
ORD003852,2025-06-19,C1091,Keyboard,1,1499.00
ORD003853,2025-10-21,C1717,Headphones,4,3299.00
ORD003854,2025-07-15,C1713,Headphones,4,3299.00
ORD003855,2025-06-25,C1187,USB-C Cable,1,299.50
ORD003856,2025-07-01,C1181,Webcam,4,2499.00
ORD003857,2025-09-13,C1092,Webcam,2,2499.00
ORD003858,2025-07-25,C1205,Webcam,2,2499.00
ORD003859,2025-11-28,C1648,Monitor,1,12499.00
ORD003860,2025-08-20,C1769,Monitor,1,12499.00
ORD003861,2025-05-12,C1020,USB Hub,5,899.00
ORD003862,2025-10-13,C1060,Wireless Mouse,3,799.00
ORD003863,2025-03-28,C1001,Keyboard,5,1499.00
ORD003864,2025-01-03,C1334,Wireless Mouse,4,799.00
ORD003865,2025-01-15,C1819,Webcam,5,2499.00
ORD003866,2025-02-05,C1978,Monitor,2,12499.00
ORD003867,2025-11-22,C1635,Laptop Stand,4,1199.00
ORD003868,2025-10-02,C1223,USB-C Cable,3,299.50
ORD003869,2025-12-16,C1934,Keyboard,2,1499.00
ORD003870,2025-10-21,C1181,Monitor,4,12499.00
ORD003871,2025-09-17,C1152,USB-C Cable,4,299.50
ORD003872,2025-11-15,C1039,Wireless Mouse,5,799.00
ORD003873,2025-06-09,C1957,Keyboard,3,1499.00
ORD003874,2025-06-28,C1699,Keyboard,2,1499.00
ORD003875,2025-03-27,C1921,USB Hub,1,899.00
ORD003876,2025-04-09,C1617,Power Bank,2,1799.00
ORD003877,2025-08-21,C1950,Monitor,5,12499.00
ORD003878,2025-08-18,C1966,Headphones,1,3299.00
ORD003879,2025-02-03,C1346,USB Hub,2,899.00
ORD003880,2025-03-14,C1245,Monitor,4,12499.00
ORD003881,2025-07-26,C1042,Laptop Stand,3,1199.00
ORD003882,2025-09-03,C1830,Wireless Mouse,5,799.00
ORD003883,2025-09-24,C1093,Keyboard,3,1499.00
ORD003884,2025-10-16,C1588,USB Hub,5,899.00
ORD003885,2025-07-21,C1775,USB Hub,5,899.00
ORD003886,2025-05-25,C1328,Laptop Stand,2,1199.00
ORD003887,2025-04-12,C1299,Power Bank,4,1799.00
ORD003888,2025-08-11,C1386,Headphones,1,3299.00
ORD003889,2025-01-13,C1503,Power Bank,1,1799.00
ORD003890,2025-10-15,C1495,Monitor,5,12499.00
ORD003891,2025-06-06,C1509,Headphones,3,3299.00
ORD003892,2025-09-28,C1851,Wireless Mouse,1,799.00
ORD003893,2025-02-15,C1314,Laptop Stand,5,1199.00
ORD003894,2025-03-30,C1656,USB Hub,3,899.00
ORD003895,2025-10-01,C1028,Wireless Mouse,1,799.00
ORD003896,2025-07-17,C1192,Webcam,3,2499.00
ORD003897,2025-01-27,C1843,USB Hub,4,899.00
ORD003898,2025-09-26,C1869,USB Hub,2,899.00
ORD003899,2025-07-09,C1697,USB Hub,1,899.00
ORD003900,2025-02-20,C1468,Laptop Stand,2,1199.00
ORD003901,2025-12-31,C1327,Laptop Stand,1,1199.00
ORD003902,2025-09-11,C1211,Laptop Stand,5,1199.00
ORD003903,2025-01-24,C1944,Wireless Mouse,4,799.00
ORD003904,2025-12-19,C1119,Laptop Stand,3,1199.00
ORD003905,2025-05-04,C1675,Wireless Mouse,3,799.00
ORD003906,2025-07-19,C1846,USB-C Cable,2,299.50
ORD003907,2025-07-25,C1045,Monitor,2,12499.00
ORD003908,2025-11-03,C1252,USB-C Cable,5,299.50
ORD003909,2025-08-05,C1696,Webcam,5,2499.00
ORD003910,2025-04-15,C1962,Webcam,3,2499.00
ORD003911,2025-12-20,C1010,Headphones,4,3299.00
ORD003912,2025-07-13,C1284,Headphones,2,3299.00
ORD003913,2025-05-10,C1614,Power Bank,1,1799.00
ORD003914,2025-01-22,C1712,Headphones,4,3299.00
ORD003915,2025-12-06,C1706,USB-C Cable,2,299.50
ORD003916,2025-11-23,C1117,Keyboard,1,1499.00
ORD003917,2025-09-08,C1068,USB-C Cable,2,299.50
ORD003918,2025-06-17,C1171,USB Hub,3,899.00
ORD003919,2025-05-26,C1549,Headphones,3,3299.00
ORD003920,2025-10-19,C1267,Webcam,1,2499.00
ORD003921,2025-07-22,C1842,Keyboard,2,1499.00
ORD003922,2025-10-12,C1866,Keyboard,4,1499.00
ORD003923,2025-03-07,C1530,Laptop Stand,1,1199.00
ORD003924,2025-09-03,C1111,Power Bank,1,1799.00
ORD003925,2025-01-20,C1853,Laptop Stand,4,1199.00
ORD003926,2025-02-12,C1780,USB-C Cable,1,299.50
ORD003927,2025-08-12,C1630,Laptop Stand,3,1199.00
ORD003928,2025-03-15,C1452,Power Bank,5,1799.00
ORD003929,2025-12-06,C1956,Wireless Mouse,5,799.00
ORD003930,2025-04-18,C1742,Laptop Stand,3,1199.00
ORD003931,2025-10-19,C1014,Wireless Mouse,2,799.00
ORD003932,2025-05-09,C1943,Monitor,2,12499.00
ORD003933,2025-08-25,C1205,Monitor,1,12499.00
ORD003934,2025-07-14,C1156,Headphones,3,3299.00
ORD003935,2025-02-02,C1230,USB Hub,2,899.00
ORD003936,2025-06-21,C1673,Laptop Stand,4,1199.00
ORD003937,2025-08-14,C1071,Wireless Mouse,2,799.00
ORD003938,2025-05-28,C1570,USB Hub,2,899.00
ORD003939,2025-10-08,C1987,USB-C Cable,3,299.50
ORD003940,2025-02-27,C1701,Wireless Mouse,1,799.00
ORD003941,2025-09-23,C1547,Headphones,1,3299.00
ORD003942,2025-06-14,C1379,USB-C Cable,1,299.50
ORD003943,2025-02-23,C1700,USB-C Cable,2,299.50
ORD003944,2025-07-15,C1003,Wireless Mouse,5,799.00
ORD003945,2025-07-18,C1787,Wireless Mouse,5,799.00
ORD003946,2025-04-25,C1780,Keyboard,1,1499.00
ORD003947,2025-02-07,C1020,USB Hub,4,899.00
ORD003948,2025-05-25,C1702,Headphones,5,3299.00
ORD003949,2025-08-19,C1932,Headphones,2,3299.00
ORD003950,2025-11-10,C1256,Power Bank,3,1799.00
ORD003951,2025-09-03,C1941,Power Bank,2,1799.00
ORD003952,2025-10-02,C1900,Power Bank,3,1799.00
ORD003953,2025-03-15,C1293,Laptop Stand,2,1199.00
ORD003954,2025-05-12,C1903,Headphones,2,3299.00
ORD003955,2025-01-11,C1442,Monitor,3,12499.00
ORD003956,2025-01-22,C1470,USB-C Cable,4,299.50
ORD003957,2025-04-27,C1411,USB Hub,2,899.00
ORD003958,2025-04-17,C1964,Monitor,4,12499.00
ORD003959,2025-08-02,C1471,Headphones,4,3299.00
ORD003960,2025-07-18,C1474,Power Bank,3,1799.00
ORD003961,2025-06-16,C1681,Monitor,4,12499.00
ORD003962,2025-09-29,C1210,USB-C Cable,2,299.50
ORD003963,2025-12-31,C1195,Laptop Stand,5,1199.00
ORD003964,2025-12-04,C1802,Laptop Stand,5,1199.00
ORD003965,2025-08-26,C1561,Monitor,4,12499.00
ORD003966,2025-11-26,C1314,Monitor,2,12499.00
ORD003967,2025-03-14,C1481,Headphones,1,3299.00
ORD003968,2025-11-30,C1463,USB Hub,3,899.00
ORD003969,2025-01-27,C1204,Headphones,2,3299.00
ORD003970,2025-10-10,C1911,Monitor,2,12499.00
ORD003971,2025-09-22,C1442,Headphones,2,3299.00
ORD003972,2025-01-13,C1710,Power Bank,2,1799.00
ORD003973,2025-10-18,C1683,Headphones,2,3299.00
ORD003974,2025-12-15,C1576,Webcam,2,2499.00
ORD003975,2025-10-22,C1800,Headphones,2,3299.00
ORD003976,2025-07-30,C1324,USB-C Cable,4,299.50
ORD003977,2025-03-08,C1780,Laptop Stand,4,1199.00
ORD003978,2025-11-09,C1955,Monitor,5,12499.00
ORD003979,2025-11-18,C1896,USB Hub,1,899.00
ORD003980,2025-02-03,C1087,Keyboard,1,1499.00
ORD003981,2025-01-28,C1339,Wireless Mouse,1,799.00
ORD003982,2025-07-02,C1207,Monitor,2,12499.00
ORD003983,2025-06-07,C1860,Laptop Stand,1,1199.00
ORD003984,2025-11-16,C1931,Monitor,3,12499.00
ORD003985,2025-09-01,C1346,Power Bank,2,1799.00
ORD003986,2025-06-05,C1103,Webcam,5,2499.00
ORD003987,2025-03-19,C1167,USB-C Cable,4,299.50
ORD003988,2025-09-30,C1932,Keyboard,5,1499.00
ORD003989,2025-03-23,C1575,Headphones,5,3299.00
ORD003990,2025-12-25,C1287,Power Bank,2,1799.00
ORD003991,2025-12-06,C1968,Keyboard,2,1499.00
ORD003992,2025-02-19,C1773,Power Bank,1,1799.00
ORD003993,2025-07-15,C1484,USB-C Cable,4,299.50
ORD003994,2025-03-29,C1785,Power Bank,1,1799.00
ORD003995,2025-08-14,C1598,Monitor,5,12499.00
ORD003996,2025-08-18,C1915,USB-C Cable,1,299.50
ORD003997,2025-12-10,C1580,Power Bank,3,1799.00
ORD003998,2025-02-13,C1907,Monitor,3,12499.00
ORD003999,2025-04-01,C1138,Keyboard,5,1499.00
ORD004000,2025-12-13,C1403,Webcam,2,2499.00
ORD004001,2025-12-09,C1201,Keyboard,3,1499.00
ORD004002,2025-12-31,C1811,Webcam,1,2499.00
ORD004003,2025-11-05,C1818,Monitor,4,12499.00
ORD004004,2025-11-15,C1912,Wireless Mouse,5,799.00
ORD004005,2025-03-28,C1373,Headphones,3,3299.00
ORD004006,2025-09-20,C1286,Laptop Stand,5,1199.00
ORD004007,2025-09-08,C1326,Wireless Mouse,2,799.00
ORD004008,2025-11-29,C1244,Wireless Mouse,3,799.00
ORD004009,2025-08-18,C1443,Webcam,3,2499.00
ORD004010,2025-05-20,C1767,Wireless Mouse,4,799.00
ORD004011,2025-06-20,C1564,Keyboard,1,1499.00
ORD004012,2025-11-16,C1010,USB-C Cable,5,299.50
ORD004013,2025-06-04,C1389,Wireless Mouse,2,799.00
ORD004014,2025-07-14,C1397,Power Bank,1,1799.00
ORD004015,2025-12-23,C1384,Webcam,3,2499.00
ORD004016,2025-09-20,C1874,Monitor,4,12499.00
ORD004017,2025-12-29,C1350,Headphones,2,3299.00
ORD004018,2025-05-14,C1565,Monitor,2,12499.00
ORD004019,2025-05-25,C1273,Power Bank,1,1799.00
ORD004020,2025-12-10,C1086,Power Bank,3,1799.00
ORD004021,2025-02-28,C1023,USB Hub,2,899.00
ORD004022,2025-05-05,C1076,Keyboard,2,1499.00
ORD004023,2025-02-03,C1157,Monitor,5,12499.00
ORD004024,2025-02-14,C1884,Laptop Stand,1,1199.00
ORD004025,2025-01-07,C1754,Wireless Mouse,3,799.00
ORD004026,2025-03-21,C1596,Keyboard,4,1499.00
ORD004027,2025-12-07,C1108,Monitor,5,12499.00
ORD004028,2025-01-29,C1721,Keyboard,2,1499.00
ORD004029,2025-02-11,C1190,Laptop Stand,1,1199.00
ORD004030,2025-01-02,C1443,Keyboard,2,1499.00
ORD004031,2025-01-26,C1734,Laptop Stand,1,1199.00
ORD004032,2025-06-14,C1640,Headphones,5,3299.00
ORD004033,2025-09-01,C1837,Laptop Stand,2,1199.00
ORD004034,2025-11-06,C1723,Power Bank,2,1799.00
ORD004035,2025-05-28,C1749,Power Bank,5,1799.00
ORD004036,2025-08-15,C1189,Wireless Mouse,5,799.00
ORD004037,2025-02-10,C1180,Wireless Mouse,2,799.00
ORD004038,2025-03-15,C1899,Webcam,5,2499.00
ORD004039,2025-12-25,C1126,Laptop Stand,1,1199.00
ORD004040,2025-04-06,C1868,Laptop Stand,3,1199.00
ORD004041,2025-03-25,C1404,Laptop Stand,5,1199.00
ORD004042,2025-11-04,C1422,Webcam,5,2499.00
ORD004043,2025-04-22,C1436,Webcam,3,2499.00
ORD004044,2025-05-04,C1543,Monitor,1,12499.00
ORD004045,2025-05-25,C1772,Webcam,2,2499.00
ORD004046,2025-02-01,C1064,Keyboard,4,1499.00
ORD004047,2025-01-31,C1634,Monitor,4,12499.00
ORD004048,2025-12-12,C1782,Keyboard,4,1499.00
ORD004049,2025-12-12,C1090,Wireless Mouse,3,799.00
ORD004050,2025-12-24,C1697,Monitor,5,12499.00
ORD004051,2025-10-19,C1268,Keyboard,3,1499.00
ORD004052,2025-07-03,C1760,Power Bank,4,1799.00
ORD004053,2025-09-13,C1307,Monitor,4,12499.00
ORD004054,2025-10-07,C1762,Monitor,2,12499.00
ORD004055,2025-10-28,C1174,Laptop Stand,1,1199.00
ORD004056,2025-07-29,C1476,Monitor,4,12499.00
ORD004057,2025-07-26,C1474,Monitor,4,12499.00
ORD004058,2025-03-20,C1145,Power Bank,4,1799.00
ORD004059,2025-01-13,C1894,Headphones,2,3299.00
ORD004060,2025-07-15,C1891,Monitor,2,12499.00
ORD004061,2025-07-07,C1014,Headphones,4,3299.00
ORD004062,2025-03-19,C1607,USB-C Cable,2,299.50
ORD004063,2025-02-18,C1016,Laptop Stand,4,1199.00
ORD004064,2025-03-18,C1277,Power Bank,3,1799.00
ORD004065,2025-01-12,C1509,Laptop Stand,4,1199.00
ORD004066,2025-06-05,C1849,USB-C Cable,5,299.50
ORD004067,2025-04-27,C1194,Webcam,4,2499.00
ORD004068,2025-08-10,C1445,Power Bank,2,1799.00
ORD004069,2025-12-07,C1061,Power Bank,3,1799.00
ORD004070,2025-02-04,C1975,Keyboard,3,1499.00
ORD004071,2025-11-08,C1296,Power Bank,2,1799.00
ORD004072,2025-09-23,C1965,Laptop Stand,4,1199.00
ORD004073,2025-08-02,C1502,Laptop Stand,1,1199.00
ORD004074,2025-11-20,C1162,Webcam,3,2499.00
ORD004075,2025-12-17,C1633,Webcam,4,2499.00
ORD004076,2025-11-03,C1132,Keyboard,5,1499.00
ORD004077,2025-06-24,C1742,Webcam,3,2499.00
ORD004078,2025-07-09,C1578,USB-C Cable,4,299.50
ORD004079,2025-01-10,C1457,Keyboard,3,1499.00
ORD004080,2025-05-07,C1214,Headphones,3,3299.00
ORD004081,2025-06-10,C1649,Laptop Stand,4,1199.00
ORD004082,2025-10-12,C1348,Webcam,5,2499.00
ORD004083,2025-12-24,C1199,Monitor,2,12499.00
ORD004084,2025-11-20,C1586,Monitor,2,12499.00
ORD004085,2025-05-08,C1500,Laptop Stand,5,1199.00
ORD004086,2025-01-10,C1320,Power Bank,5,1799.00
ORD004087,2025-07-16,C1768,Keyboard,2,1499.00
ORD004088,2025-02-11,C1541,Monitor,4,12499.00
ORD004089,2025-11-05,C1922,Power Bank,3,1799.00
ORD004090,2025-08-19,C1398,Keyboard,2,1499.00
ORD004091,2025-12-31,C1146,Webcam,3,2499.00
ORD004092,2025-08-31,C1252,Wireless Mouse,2,799.00
ORD004093,2025-06-17,C1364,Wireless Mouse,5,799.00
ORD004094,2025-10-15,C1149,Power Bank,3,1799.00
ORD004095,2025-09-06,C1321,Monitor,5,12499.00
ORD004096,2025-04-13,C1843,USB Hub,2,899.00
ORD004097,2025-06-01,C1751,Keyboard,1,1499.00
ORD004098,2025-09-26,C1818,Laptop Stand,5,1199.00
ORD004099,2025-05-08,C1809,Webcam,4,2499.00
ORD004100,2025-12-25,C1838,Headphones,1,3299.00
ORD004101,2025-05-14,C1209,Webcam,2,2499.00
ORD004102,2025-01-13,C1029,Webcam,4,2499.00
ORD004103,2025-07-08,C1476,Keyboard,2,1499.00
ORD004104,2025-11-17,C1391,Power Bank,5,1799.00
ORD004105,2025-11-01,C1454,USB-C Cable,3,299.50
ORD004106,2025-05-21,C1466,Keyboard,3,1499.00
ORD004107,2025-12-28,C1621,Laptop Stand,4,1199.00
ORD004108,2025-03-25,C1600,Webcam,2,2499.00
ORD004109,2025-01-09,C1126,Monitor,1,12499.00
ORD004110,2025-10-10,C1488,Monitor,3,12499.00
ORD004111,2025-06-11,C1851,USB-C Cable,4,299.50
ORD004112,2025-01-14,C1643,USB Hub,4,899.00
ORD004113,2025-07-22,C1182,Monitor,3,12499.00
ORD004114,2025-11-26,C1289,Wireless Mouse,3,799.00
ORD004115,2025-09-19,C1057,Wireless Mouse,2,799.00
ORD004116,2025-02-02,C1949,Power Bank,1,1799.00
ORD004117,2025-03-19,C1104,USB-C Cable,5,299.50
ORD004118,2025-05-01,C1094,USB-C Cable,3,299.50
ORD004119,2025-06-23,C1083,Monitor,4,12499.00
ORD004120,2025-02-05,C1504,Monitor,4,12499.00
ORD004121,2025-02-01,C1537,USB Hub,4,899.00
ORD004122,2025-12-22,C1158,Headphones,5,3299.00
ORD004123,2025-04-17,C1459,Keyboard,2,1499.00
ORD004124,2025-05-14,C1232,Keyboard,2,1499.00
ORD004125,2025-11-27,C1699,Wireless Mouse,5,799.00
ORD004126,2025-01-27,C1658,Wireless Mouse,2,799.00
ORD004127,2025-01-22,C1043,Power Bank,2,1799.00
ORD004128,2025-03-20,C1977,Laptop Stand,2,1199.00
ORD004129,2025-06-13,C1330,USB Hub,4,899.00
ORD004130,2025-01-10,C1522,Headphones,3,3299.00
ORD004131,2025-01-13,C1685,Power Bank,4,1799.00
ORD004132,2025-02-04,C1041,USB Hub,2,899.00
ORD004133,2025-04-17,C1235,Wireless Mouse,5,799.00
ORD004134,2025-01-04,C1357,Power Bank,1,1799.00
ORD004135,2025-09-18,C1920,Monitor,2,12499.00
ORD004136,2025-04-19,C1155,Headphones,5,3299.00
ORD004137,2025-11-18,C1762,Wireless Mouse,5,799.00
ORD004138,2025-05-17,C1569,Webcam,3,2499.00
ORD004139,2025-07-18,C1163,USB Hub,2,899.00
ORD004140,2025-06-21,C1200,Webcam,3,2499.00
ORD004141,2025-07-21,C1122,Webcam,3,2499.00
ORD004142,2025-01-15,C1456,Power Bank,5,1799.00
ORD004143,2025-07-27,C1209,USB Hub,2,899.00
ORD004144,2025-01-22,C1396,Keyboard,1,1499.00
ORD004145,2025-04-13,C1777,Laptop Stand,5,1199.00
ORD004146,2025-12-20,C1690,Webcam,2,2499.00
ORD004147,2025-07-04,C1474,Webcam,1,2499.00
ORD004148,2025-10-18,C1911,Laptop Stand,3,1199.00
ORD004149,2025-09-19,C1024,Laptop Stand,3,1199.00
ORD004150,2025-04-21,C1849,Wireless Mouse,2,799.00
ORD004151,2025-04-16,C1511,Monitor,4,12499.00
ORD004152,2025-08-23,C1400,Monitor,5,12499.00
ORD004153,2025-09-09,C1491,USB-C Cable,5,299.50
ORD004154,2025-12-08,C1877,Webcam,2,2499.00
ORD004155,2025-11-12,C1109,Keyboard,1,1499.00
ORD004156,2025-11-14,C1051,Wireless Mouse,1,799.00
ORD004157,2025-01-01,C1310,Webcam,4,2499.00
ORD004158,2025-10-18,C1984,Headphones,2,3299.00
ORD004159,2025-01-28,C1376,Keyboard,2,1499.00
ORD004160,2025-08-05,C1759,Laptop Stand,3,1199.00
ORD004161,2025-05-24,C1427,Keyboard,1,1499.00
ORD004162,2025-01-18,C1920,Webcam,1,2499.00
ORD004163,2025-03-14,C1269,Webcam,4,2499.00
ORD004164,2025-03-03,C1941,Laptop Stand,1,1199.00
ORD004165,2025-03-31,C1014,Power Bank,1,1799.00
ORD004166,2025-05-01,C1466,Keyboard,5,1499.00
ORD004167,2025-05-20,C1276,USB Hub,1,899.00
ORD004168,2025-02-02,C1748,Power Bank,2,1799.00
ORD004169,2025-02-03,C1407,Laptop Stand,4,1199.00
ORD004170,2025-01-20,C1509,Wireless Mouse,4,799.00
ORD004171,2025-07-31,C1179,Power Bank,1,1799.00
ORD004172,2025-12-03,C1064,Wireless Mouse,3,799.00
ORD004173,2025-09-03,C1207,Webcam,3,2499.00
ORD004174,2025-12-10,C1278,Wireless Mouse,2,799.00
ORD004175,2025-12-20,C1458,Laptop Stand,1,1199.00
ORD004176,2025-10-16,C1855,Wireless Mouse,4,799.00
ORD004177,2025-12-26,C1500,USB Hub,2,899.00
ORD004178,2025-05-27,C1372,Wireless Mouse,1,799.00
ORD004179,2025-08-22,C1840,Monitor,4,12499.00
ORD004180,2025-03-25,C1382,USB Hub,3,899.00
ORD004181,2025-10-04,C1149,USB Hub,3,899.00
ORD004182,2025-07-28,C1178,Monitor,5,12499.00
ORD004183,2025-07-10,C1478,Headphones,3,3299.00
ORD004184,2025-03-17,C1833,Webcam,4,2499.00
ORD004185,2025-07-28,C1368,USB Hub,4,899.00
ORD004186,2025-11-05,C1259,Keyboard,2,1499.00
ORD004187,2025-07-03,C1660,Monitor,4,12499.00
ORD004188,2025-10-04,C1882,Power Bank,2,1799.00
ORD004189,2025-06-25,C1518,Wireless Mouse,2,799.00
ORD004190,2025-10-04,C1647,Monitor,2,12499.00
ORD004191,2025-04-16,C1844,USB-C Cable,4,299.50
ORD004192,2025-08-03,C1901,Keyboard,1,1499.00
ORD004193,2025-10-06,C1042,USB Hub,5,899.00
ORD004194,2025-10-22,C1004,Keyboard,3,1499.00
ORD004195,2025-12-07,C1964,USB Hub,2,899.00
ORD004196,2025-12-17,C1726,Laptop Stand,3,1199.00
ORD004197,2025-03-01,C1333,Power Bank,3,1799.00
ORD004198,2025-07-22,C1535,USB Hub,4,899.00
ORD004199,2025-10-23,C1359,Laptop Stand,4,1199.00
ORD004200,2025-04-26,C1655,Keyboard,4,1499.00
ORD004201,2025-12-22,C1916,USB-C Cable,2,299.50
ORD004202,2025-09-16,C1819,Wireless Mouse,1,799.00
ORD004203,2025-03-15,C1937,Power Bank,1,1799.00
ORD004204,2025-05-04,C1773,Webcam,4,2499.00
ORD004205,2025-04-18,C1554,Webcam,1,2499.00
ORD004206,2025-01-13,C1016,Laptop Stand,1,1199.00
ORD004207,2025-03-03,C1212,Webcam,2,2499.00
ORD004208,2025-02-04,C1259,Keyboard,4,1499.00
ORD004209,2025-08-05,C1967,Keyboard,3,1499.00
ORD004210,2025-01-06,C1714,Headphones,5,3299.00
ORD004211,2025-06-25,C1397,Webcam,3,2499.00
ORD004212,2025-06-05,C1438,Laptop Stand,5,1199.00
ORD004213,2025-11-22,C1629,Power Bank,5,1799.00
ORD004214,2025-12-14,C1503,Wireless Mouse,1,799.00
ORD004215,2025-06-13,C1359,Power Bank,1,1799.00
ORD004216,2025-12-25,C1484,Webcam,4,2499.00
ORD004217,2025-02-20,C1432,USB Hub,5,899.00
ORD004218,2025-12-17,C1502,Monitor,1,12499.00
ORD004219,2025-01-20,C1985,Headphones,4,3299.00
ORD004220,2025-09-01,C1258,Keyboard,5,1499.00
ORD004221,2025-02-12,C1251,Keyboard,1,1499.00
ORD004222,2025-07-14,C1767,Power Bank,3,1799.00
ORD004223,2025-11-06,C1480,Laptop Stand,1,1199.00
ORD004224,2025-06-08,C1565,Monitor,4,12499.00
ORD004225,2025-11-11,C1420,Laptop Stand,1,1199.00
ORD004226,2025-12-17,C1131,Wireless Mouse,5,799.00
ORD004227,2025-09-17,C1455,Wireless Mouse,1,799.00
ORD004228,2025-04-03,C1474,USB Hub,3,899.00
ORD004229,2025-10-02,C1669,Headphones,1,3299.00
ORD004230,2025-10-27,C1120,Webcam,5,2499.00
ORD004231,2025-03-31,C1923,Power Bank,4,1799.00
ORD004232,2025-03-25,C1040,Webcam,3,2499.00
ORD004233,2025-08-07,C1112,Monitor,2,12499.00
ORD004234,2025-04-12,C1493,Keyboard,4,1499.00
ORD004235,2025-01-03,C1396,Laptop Stand,2,1199.00
ORD004236,2025-01-23,C1309,Headphones,2,3299.00
ORD004237,2025-06-24,C1886,Laptop Stand,5,1199.00
ORD004238,2025-04-28,C1730,Power Bank,4,1799.00
ORD004239,2025-02-21,C1168,Keyboard,2,1499.00
ORD004240,2025-11-06,C1576,USB-C Cable,1,299.50
ORD004241,2025-09-12,C1375,Power Bank,4,1799.00
ORD004242,2025-12-29,C1537,Wireless Mouse,3,799.00
ORD004243,2025-02-24,C1428,USB Hub,4,899.00
ORD004244,2025-05-23,C1446,Wireless Mouse,5,799.00
ORD004245,2025-02-04,C1066,Headphones,1,3299.00
ORD004246,2025-12-07,C1366,Webcam,4,2499.00
ORD004247,2025-09-17,C1941,Headphones,2,3299.00
ORD004248,2025-03-03,C1024,USB-C Cable,2,299.50
ORD004249,2025-10-20,C1191,Keyboard,2,1499.00
ORD004250,2025-12-04,C1559,Power Bank,3,1799.00
ORD004251,2025-05-15,C1489,USB Hub,1,899.00
ORD004252,2025-10-26,C1423,USB-C Cable,1,299.50
ORD004253,2025-01-21,C1237,USB Hub,2,899.00
ORD004254,2025-06-03,C1136,USB-C Cable,4,299.50
ORD004255,2025-07-10,C1061,Wireless Mouse,5,799.00
ORD004256,2025-02-27,C1537,Wireless Mouse,3,799.00
ORD004257,2025-01-05,C1310,USB Hub,2,899.00
ORD004258,2025-05-05,C1881,Monitor,4,12499.00
ORD004259,2025-04-07,C1679,Laptop Stand,4,1199.00
ORD004260,2025-09-03,C1219,Power Bank,1,1799.00
ORD004261,2025-07-18,C1566,USB-C Cable,5,299.50
ORD004262,2025-03-16,C1683,Keyboard,2,1499.00
ORD004263,2025-03-16,C1881,USB Hub,1,899.00
ORD004264,2025-09-20,C1074,Power Bank,5,1799.00
ORD004265,2025-05-07,C1641,USB-C Cable,4,299.50
ORD004266,2025-04-26,C1847,Monitor,3,12499.00
ORD004267,2025-01-31,C1770,Headphones,4,3299.00
ORD004268,2025-06-14,C1799,Wireless Mouse,4,799.00
ORD004269,2025-04-09,C1687,Wireless Mouse,3,799.00
ORD004270,2025-08-19,C1620,Headphones,2,3299.00
ORD004271,2025-09-03,C1629,USB-C Cable,5,299.50
ORD004272,2025-11-27,C1892,Headphones,2,3299.00
ORD004273,2025-11-03,C1533,Laptop Stand,3,1199.00
ORD004274,2025-02-08,C1443,Power Bank,5,1799.00
ORD004275,2025-08-02,C1067,Wireless Mouse,5,799.00
ORD004276,2025-12-27,C1913,Keyboard,2,1499.00
ORD004277,2025-07-09,C1284,Wireless Mouse,4,799.00
ORD004278,2025-08-26,C1665,Webcam,3,2499.00
ORD004279,2025-10-02,C1619,Webcam,3,2499.00
ORD004280,2025-08-29,C1523,Webcam,4,2499.00
ORD004281,2025-12-19,C1603,Headphones,5,3299.00
ORD004282,2025-08-29,C1345,USB-C Cable,1,299.50
ORD004283,2025-06-25,C1545,Power Bank,5,1799.00
ORD004284,2025-05-09,C1644,Keyboard,3,1499.00
ORD004285,2025-05-28,C1608,Webcam,5,2499.00
ORD004286,2025-06-10,C1949,Laptop Stand,3,1199.00
ORD004287,2025-10-17,C1195,Laptop Stand,3,1199.00
ORD004288,2025-04-09,C1845,Webcam,3,2499.00
ORD004289,2025-12-13,C1421,USB Hub,3,899.00
ORD004290,2025-11-03,C1434,Webcam,2,2499.00
ORD004291,2025-12-19,C1302,USB-C Cable,2,299.50
ORD004292,2025-12-31,C1555,Monitor,5,12499.00
ORD004293,2025-04-15,C1817,Monitor,4,12499.00
ORD004294,2025-03-30,C1120,USB Hub,3,899.00
ORD004295,2025-04-16,C1612,Laptop Stand,3,1199.00
ORD004296,2025-11-28,C1829,USB-C Cable,4,299.50
ORD004297,2025-05-06,C1401,Monitor,4,12499.00
ORD004298,2025-10-18,C1470,Webcam,5,2499.00
ORD004299,2025-03-16,C1260,Monitor,5,12499.00
ORD004300,2025-05-10,C1127,Keyboard,4,1499.00
ORD004301,2025-07-21,C1003,USB Hub,1,899.00
ORD004302,2025-05-11,C1950,Laptop Stand,4,1199.00
ORD004303,2025-10-09,C1597,Power Bank,3,1799.00
ORD004304,2025-10-18,C1430,USB Hub,2,899.00
ORD004305,2025-01-27,C1437,Webcam,4,2499.00
ORD004306,2025-09-01,C1447,Keyboard,4,1499.00
ORD004307,2025-03-03,C1143,Monitor,2,12499.00
ORD004308,2025-07-05,C1778,Keyboard,1,1499.00
ORD004309,2025-02-05,C1284,Wireless Mouse,1,799.00
ORD004310,2025-10-02,C1274,USB Hub,2,899.00
ORD004311,2025-12-18,C1433,Keyboard,2,1499.00
ORD004312,2025-12-05,C1580,Wireless Mouse,1,799.00
ORD004313,2025-02-27,C1345,Wireless Mouse,5,799.00
ORD004314,2025-05-26,C1440,Webcam,2,2499.00
ORD004315,2025-04-23,C1633,Laptop Stand,5,1199.00
ORD004316,2025-10-10,C1362,Webcam,2,2499.00
ORD004317,2025-01-12,C1566,USB-C Cable,5,299.50
ORD004318,2025-04-23,C1175,Monitor,4,12499.00
ORD004319,2025-10-05,C1631,Laptop Stand,1,1199.00
ORD004320,2025-02-16,C1584,USB-C Cable,5,299.50
ORD004321,2025-09-06,C1127,Webcam,1,2499.00
ORD004322,2025-07-28,C1226,Laptop Stand,2,1199.00
ORD004323,2025-11-09,C1169,Power Bank,2,1799.00
ORD004324,2025-05-24,C1109,Laptop Stand,1,1199.00
ORD004325,2025-12-10,C1315,Laptop Stand,4,1199.00
ORD004326,2025-08-17,C1218,Headphones,2,3299.00
ORD004327,2025-02-11,C1418,Keyboard,4,1499.00
ORD004328,2025-03-18,C1756,Power Bank,4,1799.00
ORD004329,2025-01-12,C1554,Headphones,3,3299.00
ORD004330,2025-12-11,C1503,Laptop Stand,4,1199.00
ORD004331,2025-06-25,C1329,USB Hub,1,899.00
ORD004332,2025-09-17,C1630,Power Bank,4,1799.00
ORD004333,2025-11-07,C1210,Power Bank,3,1799.00
ORD004334,2025-12-27,C1079,USB-C Cable,5,299.50
ORD004335,2025-03-28,C1806,Headphones,4,3299.00
ORD004336,2025-04-22,C1321,Laptop Stand,3,1199.00
ORD004337,2025-05-21,C1254,Headphones,3,3299.00
ORD004338,2025-07-14,C1614,Laptop Stand,4,1199.00
ORD004339,2025-12-18,C1957,Wireless Mouse,5,799.00
ORD004340,2025-11-27,C1714,Laptop Stand,1,1199.00
ORD004341,2025-01-12,C1398,Power Bank,5,1799.00
ORD004342,2025-07-04,C1390,Monitor,1,12499.00
ORD004343,2025-08-12,C1741,Power Bank,4,1799.00
ORD004344,2025-02-15,C1447,Headphones,3,3299.00
ORD004345,2025-04-28,C1275,Monitor,3,12499.00
ORD004346,2025-09-03,C1161,Webcam,2,2499.00
ORD004347,2025-10-27,C1660,Laptop Stand,5,1199.00
ORD004348,2025-04-11,C1866,USB Hub,1,899.00
ORD004349,2025-07-06,C1049,Headphones,2,3299.00
ORD004350,2025-12-29,C1937,Keyboard,2,1499.00
ORD004351,2025-11-12,C1712,Keyboard,5,1499.00
ORD004352,2025-05-09,C1081,Wireless Mouse,5,799.00
ORD004353,2025-08-20,C1152,Webcam,3,2499.00
ORD004354,2025-08-12,C1285,USB-C Cable,2,299.50
ORD004355,2025-07-29,C1319,Laptop Stand,2,1199.00
ORD004356,2025-02-04,C1237,USB Hub,1,899.00
ORD004357,2025-10-21,C1670,Wireless Mouse,2,799.00
ORD004358,2025-10-08,C1481,Webcam,4,2499.00
ORD004359,2025-05-01,C1017,USB-C Cable,2,299.50
ORD004360,2025-02-04,C1791,Keyboard,1,1499.00
ORD004361,2025-04-02,C1546,Webcam,1,2499.00
ORD004362,2025-10-11,C1779,Power Bank,3,1799.00
ORD004363,2025-03-20,C1546,USB-C Cable,2,299.50
ORD004364,2025-01-05,C1333,Laptop Stand,2,1199.00
ORD004365,2025-09-20,C1832,Webcam,1,2499.00
ORD004366,2025-09-16,C1916,USB Hub,1,899.00
ORD004367,2025-03-11,C1171,Headphones,1,3299.00
ORD004368,2025-03-21,C1866,Power Bank,2,1799.00
ORD004369,2025-11-08,C1854,Laptop Stand,3,1199.00
ORD004370,2025-08-25,C1251,Webcam,4,2499.00
ORD004371,2025-12-30,C1112,USB-C Cable,2,299.50
ORD004372,2025-11-24,C1620,USB-C Cable,1,299.50
ORD004373,2025-07-13,C1139,Keyboard,1,1499.00
ORD004374,2025-08-24,C1541,Webcam,4,2499.00
ORD004375,2025-10-09,C1554,Headphones,4,3299.00
ORD004376,2025-08-27,C1985,USB Hub,5,899.00
ORD004377,2025-11-07,C1591,Monitor,4,12499.00
ORD004378,2025-09-26,C1959,Webcam,4,2499.00
ORD004379,2025-09-15,C1878,USB-C Cable,4,299.50
ORD004380,2025-01-19,C1211,USB-C Cable,1,299.50
ORD004381,2025-06-02,C1118,Monitor,5,12499.00
ORD004382,2025-07-15,C1384,Headphones,3,3299.00
ORD004383,2025-01-13,C1322,Monitor,4,12499.00
ORD004384,2025-01-09,C1220,Laptop Stand,4,1199.00
ORD004385,2025-08-19,C1885,USB-C Cable,5,299.50
ORD004386,2025-11-29,C1812,USB-C Cable,3,299.50
ORD004387,2025-05-06,C1145,Headphones,1,3299.00
ORD004388,2025-08-13,C1258,Laptop Stand,4,1199.00
ORD004389,2025-08-27,C1729,Headphones,4,3299.00
ORD004390,2025-04-15,C1474,Monitor,2,12499.00
ORD004391,2025-01-27,C1251,Headphones,2,3299.00
ORD004392,2025-06-01,C1383,Keyboard,1,1499.00
ORD004393,2025-08-27,C1931,Monitor,4,12499.00
ORD004394,2025-02-09,C1612,Headphones,3,3299.00
ORD004395,2025-09-20,C1564,Monitor,4,12499.00
ORD004396,2025-09-03,C1069,Wireless Mouse,3,799.00
ORD004397,2025-04-10,C1317,Monitor,5,12499.00
ORD004398,2025-01-06,C1103,USB-C Cable,2,299.50
ORD004399,2025-05-19,C1061,USB Hub,1,899.00
ORD004400,2025-04-22,C1645,USB Hub,5,899.00
ORD004401,2025-01-13,C1459,Monitor,4,12499.00
ORD004402,2025-11-10,C1471,Monitor,3,12499.00
ORD004403,2025-05-26,C1376,Monitor,1,12499.00
ORD004404,2025-10-27,C1126,USB Hub,4,899.00
ORD004405,2025-08-10,C1781,Power Bank,5,1799.00
ORD004406,2025-12-08,C1798,Wireless Mouse,5,799.00
ORD004407,2025-02-04,C1991,USB Hub,2,899.00
ORD004408,2025-06-19,C1676,Headphones,4,3299.00
ORD004409,2025-03-15,C1145,Webcam,2,2499.00
ORD004410,2025-11-12,C1393,Keyboard,3,1499.00
ORD004411,2025-04-23,C1042,Headphones,1,3299.00
ORD004412,2025-01-07,C1976,Webcam,2,2499.00
ORD004413,2025-08-03,C1582,Laptop Stand,2,1199.00
ORD004414,2025-03-19,C1437,Headphones,5,3299.00
ORD004415,2025-04-18,C1000,Webcam,1,2499.00
ORD004416,2025-01-20,C1271,USB-C Cable,4,299.50
ORD004417,2025-04-23,C1479,Keyboard,2,1499.00
ORD004418,2025-02-28,C1081,Power Bank,4,1799.00
ORD004419,2025-11-12,C1745,Monitor,3,12499.00
ORD004420,2025-05-13,C1590,Power Bank,5,1799.00
ORD004421,2025-06-19,C1646,USB Hub,3,899.00
ORD004422,2025-03-21,C1683,USB Hub,5,899.00
ORD004423,2025-12-16,C1285,USB Hub,5,899.00
ORD004424,2025-04-26,C1834,Laptop Stand,1,1199.00
ORD004425,2025-09-05,C1278,Headphones,3,3299.00
ORD004426,2025-06-03,C1510,USB Hub,4,899.00
ORD004427,2025-10-30,C1307,Wireless Mouse,3,799.00
ORD004428,2025-03-17,C1568,Keyboard,2,1499.00
ORD004429,2025-05-08,C1475,Laptop Stand,2,1199.00
ORD004430,2025-12-24,C1555,Keyboard,5,1499.00
ORD004431,2025-07-31,C1760,Monitor,4,12499.00
ORD004432,2025-10-18,C1339,Headphones,3,3299.00
ORD004433,2025-05-05,C1166,Keyboard,5,1499.00
ORD004434,2025-12-06,C1067,Power Bank,3,1799.00
ORD004435,2025-08-12,C1415,Wireless Mouse,4,799.00
ORD004436,2025-08-01,C1484,USB-C Cable,1,299.50
ORD004437,2025-07-09,C1121,Monitor,3,12499.00
ORD004438,2025-09-07,C1900,Laptop Stand,4,1199.00
ORD004439,2025-10-29,C1219,Headphones,4,3299.00
ORD004440,2025-05-01,C1293,Headphones,2,3299.00
ORD004441,2025-06-22,C1163,USB-C Cable,5,299.50
ORD004442,2025-10-31,C1385,Monitor,1,12499.00
ORD004443,2025-02-12,C1084,Keyboard,1,1499.00
ORD004444,2025-10-04,C1438,USB-C Cable,4,299.50
ORD004445,2025-12-24,C1663,Keyboard,2,1499.00
ORD004446,2025-01-02,C1482,Wireless Mouse,2,799.00
ORD004447,2025-03-10,C1298,Wireless Mouse,3,799.00
ORD004448,2025-12-08,C1585,Monitor,1,12499.00
ORD004449,2025-03-26,C1914,Wireless Mouse,3,799.00
ORD004450,2025-02-21,C1039,Monitor,5,12499.00
ORD004451,2025-01-21,C1629,Keyboard,1,1499.00
ORD004452,2025-03-29,C1918,Laptop Stand,4,1199.00
ORD004453,2025-02-25,C1273,Power Bank,5,1799.00
ORD004454,2025-11-12,C1856,Webcam,5,2499.00
ORD004455,2025-11-10,C1291,Keyboard,2,1499.00
ORD004456,2025-08-25,C1620,Keyboard,3,1499.00
ORD004457,2025-11-26,C1794,USB-C Cable,5,299.50
ORD004458,2025-09-12,C1621,Keyboard,2,1499.00
ORD004459,2025-01-17,C1402,Webcam,3,2499.00
ORD004460,2025-12-22,C1484,USB-C Cable,4,299.50
ORD004461,2025-09-18,C1313,Monitor,3,12499.00
ORD004462,2025-08-03,C1826,Headphones,2,3299.00
ORD004463,2025-12-08,C1334,Webcam,2,2499.00
ORD004464,2025-08-25,C1152,Laptop Stand,2,1199.00
ORD004465,2025-02-10,C1060,Wireless Mouse,5,799.00
ORD004466,2025-03-17,C1110,Keyboard,4,1499.00
ORD004467,2025-03-18,C1740,USB-C Cable,1,299.50
ORD004468,2025-06-20,C1704,Webcam,3,2499.00
ORD004469,2025-09-04,C1445,Laptop Stand,4,1199.00
ORD004470,2025-11-26,C1684,Keyboard,5,1499.00
ORD004471,2025-12-30,C1214,Webcam,4,2499.00
ORD004472,2025-07-06,C1160,Wireless Mouse,4,799.00
ORD004473,2025-06-26,C1067,Laptop Stand,1,1199.00
ORD004474,2025-05-10,C1398,Wireless Mouse,2,799.00
ORD004475,2025-08-26,C1674,Power Bank,4,1799.00
ORD004476,2025-08-19,C1136,Monitor,3,12499.00
ORD004477,2025-12-04,C1322,Headphones,5,3299.00
ORD004478,2025-01-04,C1890,USB-C Cable,2,299.50
ORD004479,2025-08-01,C1095,Webcam,4,2499.00
ORD004480,2025-03-17,C1043,Monitor,2,12499.00
ORD004481,2025-09-20,C1618,Laptop Stand,4,1199.00
ORD004482,2025-04-14,C1738,Webcam,2,2499.00
ORD004483,2025-01-20,C1789,Headphones,1,3299.00
ORD004484,2025-12-31,C1351,Monitor,5,12499.00
ORD004485,2025-06-22,C1002,Monitor,1,12499.00
ORD004486,2025-09-14,C1206,Power Bank,2,1799.00
ORD004487,2025-06-20,C1696,USB-C Cable,5,299.50
ORD004488,2025-09-29,C1400,Webcam,5,2499.00
ORD004489,2025-08-11,C1788,Laptop Stand,1,1199.00
ORD004490,2025-10-30,C1560,Power Bank,3,1799.00
ORD004491,2025-08-22,C1045,USB Hub,3,899.00
ORD004492,2025-01-10,C1417,Monitor,5,12499.00
ORD004493,2025-08-31,C1849,Keyboard,4,1499.00
ORD004494,2025-11-08,C1585,Power Bank,2,1799.00
ORD004495,2025-10-30,C1228,Monitor,4,12499.00
ORD004496,2025-06-03,C1912,Webcam,1,2499.00
ORD004497,2025-12-09,C1926,Laptop Stand,5,1199.00
ORD004498,2025-07-22,C1271,Webcam,1,2499.00
ORD004499,2025-04-28,C1041,USB Hub,2,899.00
ORD004500,2025-05-03,C1406,Power Bank,1,1799.00
ORD004501,2025-01-25,C1981,Headphones,1,3299.00
ORD004502,2025-10-02,C1833,Webcam,5,2499.00
ORD004503,2025-01-09,C1513,Headphones,3,3299.00
ORD004504,2025-09-12,C1594,Wireless Mouse,2,799.00
ORD004505,2025-12-05,C1565,USB Hub,3,899.00
ORD004506,2025-05-01,C1947,Keyboard,4,1499.00
ORD004507,2025-06-18,C1181,USB Hub,5,899.00
ORD004508,2025-01-08,C1701,Laptop Stand,4,1199.00
ORD004509,2025-06-18,C1662,Keyboard,2,1499.00
ORD004510,2025-01-11,C1101,Power Bank,2,1799.00
ORD004511,2025-03-28,C1673,Webcam,3,2499.00
ORD004512,2025-08-01,C1165,Webcam,4,2499.00
ORD004513,2025-03-25,C1370,Laptop Stand,1,1199.00
ORD004514,2025-06-08,C1555,Webcam,5,2499.00
ORD004515,2025-02-09,C1159,Keyboard,1,1499.00
ORD004516,2025-05-03,C1067,Wireless Mouse,3,799.00
ORD004517,2025-02-28,C1783,USB-C Cable,4,299.50
ORD004518,2025-03-04,C1512,Monitor,5,12499.00
ORD004519,2025-09-19,C1125,Power Bank,4,1799.00
ORD004520,2025-02-12,C1364,Webcam,1,2499.00
ORD004521,2025-04-01,C1397,Monitor,2,12499.00
ORD004522,2025-05-09,C1742,USB Hub,1,899.00
ORD004523,2025-02-02,C1166,Keyboard,2,1499.00
ORD004524,2025-03-24,C1534,Monitor,5,12499.00
ORD004525,2025-09-03,C1946,Laptop Stand,3,1199.00
ORD004526,2025-06-24,C1873,Wireless Mouse,4,799.00
ORD004527,2025-02-23,C1826,Headphones,5,3299.00
ORD004528,2025-04-19,C1171,Headphones,2,3299.00
ORD004529,2025-10-28,C1765,Power Bank,1,1799.00
ORD004530,2025-12-03,C1956,Laptop Stand,4,1199.00
ORD004531,2025-08-23,C1396,USB Hub,3,899.00
ORD004532,2025-04-12,C1921,Monitor,1,12499.00
ORD004533,2025-08-20,C1192,Wireless Mouse,1,799.00
ORD004534,2025-01-09,C1680,Monitor,3,12499.00
ORD004535,2025-08-01,C1767,Monitor,1,12499.00
ORD004536,2025-08-26,C1087,Monitor,2,12499.00
ORD004537,2025-11-01,C1533,Keyboard,5,1499.00
ORD004538,2025-10-31,C1139,Keyboard,4,1499.00
ORD004539,2025-10-11,C1564,Power Bank,3,1799.00
ORD004540,2025-11-16,C1830,Keyboard,1,1499.00
ORD004541,2025-05-06,C1319,Monitor,5,12499.00
ORD004542,2025-05-31,C1039,Headphones,1,3299.00
ORD004543,2025-06-03,C1680,Wireless Mouse,2,799.00
ORD004544,2025-07-14,C1156,Webcam,3,2499.00
ORD004545,2025-07-30,C1076,Monitor,5,12499.00
ORD004546,2025-02-08,C1510,Monitor,3,12499.00
ORD004547,2025-07-28,C1023,Webcam,1,2499.00
ORD004548,2025-06-17,C1189,Webcam,1,2499.00
ORD004549,2025-09-26,C1617,USB-C Cable,5,299.50
ORD004550,2025-07-05,C1116,Keyboard,1,1499.00
ORD004551,2025-06-20,C1325,Webcam,1,2499.00
ORD004552,2025-10-23,C1217,USB-C Cable,5,299.50
ORD004553,2025-04-29,C1050,Keyboard,3,1499.00
ORD004554,2025-10-09,C1772,Webcam,5,2499.00
ORD004555,2025-12-31,C1562,Keyboard,5,1499.00
ORD004556,2025-06-02,C1928,USB Hub,5,899.00
ORD004557,2025-02-21,C1916,Webcam,4,2499.00
ORD004558,2025-06-09,C1940,Wireless Mouse,4,799.00
ORD004559,2025-12-03,C1341,Keyboard,3,1499.00
ORD004560,2025-03-12,C1070,Wireless Mouse,1,799.00
ORD004561,2025-02-24,C1912,Wireless Mouse,4,799.00
ORD004562,2025-08-29,C1828,Wireless Mouse,3,799.00
ORD004563,2025-10-05,C1109,Headphones,3,3299.00
ORD004564,2025-10-30,C1962,USB-C Cable,5,299.50
ORD004565,2025-02-11,C1342,Laptop Stand,2,1199.00
ORD004566,2025-11-29,C1940,USB-C Cable,5,299.50
ORD004567,2025-11-19,C1831,Keyboard,1,1499.00
ORD004568,2025-04-22,C1746,Power Bank,2,1799.00
ORD004569,2025-12-16,C1521,USB-C Cable,2,299.50
ORD004570,2025-01-03,C1697,Headphones,5,3299.00
ORD004571,2025-10-23,C1813,Webcam,2,2499.00
ORD004572,2025-10-08,C1243,Power Bank,1,1799.00
ORD004573,2025-04-19,C1627,Headphones,4,3299.00
ORD004574,2025-09-28,C1299,Laptop Stand,3,1199.00
ORD004575,2025-07-27,C1997,USB-C Cable,5,299.50
ORD004576,2025-10-24,C1294,Headphones,3,3299.00
ORD004577,2025-11-12,C1876,Laptop Stand,1,1199.00
ORD004578,2025-05-11,C1663,Headphones,5,3299.00
ORD004579,2025-01-01,C1117,Power Bank,4,1799.00
ORD004580,2025-05-10,C1707,Laptop Stand,2,1199.00
ORD004581,2025-11-25,C1594,USB-C Cable,1,299.50
ORD004582,2025-03-09,C1728,Laptop Stand,1,1199.00
ORD004583,2025-05-08,C1762,Laptop Stand,1,1199.00
ORD004584,2025-12-17,C1404,Keyboard,2,1499.00
ORD004585,2025-05-22,C1982,Laptop Stand,1,1199.00
ORD004586,2025-11-30,C1215,Wireless Mouse,1,799.00
ORD004587,2025-07-31,C1109,Wireless Mouse,3,799.00
ORD004588,2025-08-17,C1147,Laptop Stand,2,1199.00
ORD004589,2025-07-08,C1332,Keyboard,4,1499.00
ORD004590,2025-12-04,C1531,Headphones,3,3299.00
ORD004591,2025-12-06,C1206,Power Bank,2,1799.00
ORD004592,2025-07-19,C1361,Laptop Stand,2,1199.00
ORD004593,2025-09-08,C1500,Laptop Stand,3,1199.00
ORD004594,2025-01-26,C1258,Headphones,1,3299.00
ORD004595,2025-08-26,C1162,Headphones,1,3299.00
ORD004596,2025-08-23,C1536,Wireless Mouse,3,799.00
ORD004597,2025-07-31,C1113,Laptop Stand,3,1199.00
ORD004598,2025-05-26,C1286,USB-C Cable,2,299.50
ORD004599,2025-01-08,C1484,Headphones,5,3299.00
ORD004600,2025-10-28,C1465,Keyboard,3,1499.00
ORD004601,2025-11-26,C1229,Webcam,4,2499.00
ORD004602,2025-12-19,C1884,Laptop Stand,3,1199.00
ORD004603,2025-07-19,C1276,Power Bank,2,1799.00
ORD004604,2025-04-23,C1448,Power Bank,2,1799.00
ORD004605,2025-05-01,C1660,Wireless Mouse,4,799.00
ORD004606,2025-04-23,C1971,Headphones,5,3299.00
ORD004607,2025-11-25,C1956,USB Hub,2,899.00
ORD004608,2025-05-18,C1738,Keyboard,3,1499.00
ORD004609,2025-05-11,C1706,USB Hub,1,899.00
ORD004610,2025-12-04,C1528,Webcam,3,2499.00
ORD004611,2025-01-11,C1064,Headphones,5,3299.00
ORD004612,2025-05-04,C1920,Keyboard,3,1499.00
ORD004613,2025-05-06,C1775,Webcam,5,2499.00
ORD004614,2025-04-04,C1642,USB Hub,4,899.00
ORD004615,2025-01-02,C1152,USB Hub,1,899.00
ORD004616,2025-12-20,C1788,Monitor,5,12499.00
ORD004617,2025-10-18,C1349,Headphones,1,3299.00
ORD004618,2025-04-10,C1191,Power Bank,1,1799.00
ORD004619,2025-08-06,C1257,Webcam,3,2499.00
ORD004620,2025-11-18,C1411,Laptop Stand,5,1199.00
ORD004621,2025-02-19,C1389,Monitor,4,12499.00
ORD004622,2025-05-06,C1332,Laptop Stand,1,1199.00
ORD004623,2025-07-02,C1482,Monitor,2,12499.00
ORD004624,2025-06-20,C1504,USB Hub,2,899.00
ORD004625,2025-10-15,C1016,Headphones,1,3299.00
ORD004626,2025-10-17,C1917,Keyboard,2,1499.00
ORD004627,2025-07-30,C1887,Laptop Stand,1,1199.00
ORD004628,2025-08-28,C1422,Laptop Stand,5,1199.00
ORD004629,2025-02-22,C1697,Keyboard,5,1499.00
ORD004630,2025-03-11,C1226,Power Bank,2,1799.00
ORD004631,2025-07-09,C1099,Laptop Stand,1,1199.00
ORD004632,2025-01-06,C1940,Webcam,5,2499.00
ORD004633,2025-03-03,C1287,Headphones,5,3299.00
ORD004634,2025-04-18,C1095,Power Bank,3,1799.00
ORD004635,2025-11-10,C1121,Laptop Stand,1,1199.00
ORD004636,2025-11-03,C1549,Webcam,2,2499.00
ORD004637,2025-09-01,C1705,Wireless Mouse,3,799.00
ORD004638,2025-03-27,C1673,USB Hub,1,899.00
ORD004639,2025-04-21,C1814,Power Bank,4,1799.00
ORD004640,2025-02-21,C1090,Monitor,5,12499.00
ORD004641,2025-10-22,C1284,Laptop Stand,1,1199.00
ORD004642,2025-12-23,C1357,Headphones,3,3299.00
ORD004643,2025-10-12,C1712,Power Bank,2,1799.00
ORD004644,2025-02-19,C1642,Wireless Mouse,5,799.00
ORD004645,2025-12-08,C1281,Wireless Mouse,2,799.00
ORD004646,2025-03-22,C1239,USB-C Cable,1,299.50
ORD004647,2025-04-11,C1847,USB-C Cable,2,299.50
ORD004648,2025-03-09,C1302,Laptop Stand,4,1199.00
ORD004649,2025-12-05,C1460,Wireless Mouse,2,799.00
ORD004650,2025-01-17,C1120,USB-C Cable,2,299.50
ORD004651,2025-11-18,C1774,Monitor,3,12499.00
ORD004652,2025-03-20,C1704,Headphones,1,3299.00
ORD004653,2025-08-31,C1387,USB-C Cable,1,299.50
ORD004654,2025-07-11,C1035,USB-C Cable,5,299.50
ORD004655,2025-12-17,C1863,USB-C Cable,4,299.50
ORD004656,2025-02-13,C1782,Keyboard,2,1499.00
ORD004657,2025-02-07,C1157,Laptop Stand,4,1199.00
ORD004658,2025-08-11,C1234,Keyboard,2,1499.00
ORD004659,2025-09-24,C1730,Webcam,5,2499.00
ORD004660,2025-10-30,C1920,USB Hub,5,899.00
ORD004661,2025-08-20,C1161,Monitor,5,12499.00
ORD004662,2025-12-05,C1580,USB Hub,2,899.00
ORD004663,2025-08-06,C1176,Power Bank,5,1799.00
ORD004664,2025-05-23,C1323,Power Bank,3,1799.00
ORD004665,2025-01-11,C1200,Laptop Stand,4,1199.00
ORD004666,2025-07-12,C1791,Webcam,5,2499.00
ORD004667,2025-02-16,C1895,Power Bank,5,1799.00
ORD004668,2025-12-22,C1129,Keyboard,1,1499.00
ORD004669,2025-12-25,C1546,Laptop Stand,1,1199.00
ORD004670,2025-09-03,C1404,USB Hub,5,899.00
ORD004671,2025-01-28,C1530,USB-C Cable,2,299.50
ORD004672,2025-04-29,C1818,USB Hub,2,899.00
ORD004673,2025-01-26,C1520,Laptop Stand,5,1199.00
ORD004674,2025-02-07,C1247,USB Hub,5,899.00
ORD004675,2025-02-12,C1347,USB Hub,5,899.00
ORD004676,2025-02-17,C1265,USB Hub,3,899.00
ORD004677,2025-10-09,C1139,Monitor,2,12499.00
ORD004678,2025-08-07,C1502,Wireless Mouse,2,799.00
ORD004679,2025-04-23,C1715,USB-C Cable,1,299.50
ORD004680,2025-03-17,C1639,USB Hub,4,899.00
ORD004681,2025-08-05,C1738,Keyboard,5,1499.00
ORD004682,2025-06-14,C1471,Keyboard,2,1499.00
ORD004683,2025-06-22,C1030,Webcam,1,2499.00
ORD004684,2025-01-14,C1793,Wireless Mouse,1,799.00
ORD004685,2025-02-12,C1330,Wireless Mouse,2,799.00
ORD004686,2025-02-12,C1704,Keyboard,2,1499.00
ORD004687,2025-02-20,C1449,Power Bank,5,1799.00
ORD004688,2025-01-30,C1806,Monitor,5,12499.00
ORD004689,2025-03-18,C1361,Wireless Mouse,3,799.00
ORD004690,2025-12-11,C1117,Headphones,5,3299.00
ORD004691,2025-05-30,C1267,Webcam,2,2499.00
ORD004692,2025-10-07,C1832,Keyboard,2,1499.00
ORD004693,2025-09-02,C1294,USB Hub,4,899.00
ORD004694,2025-02-09,C1154,USB Hub,2,899.00
ORD004695,2025-09-14,C1636,Webcam,1,2499.00
ORD004696,2025-07-14,C1480,Monitor,1,12499.00
ORD004697,2025-08-11,C1478,USB Hub,1,899.00
ORD004698,2025-11-03,C1050,Wireless Mouse,1,799.00
ORD004699,2025-05-06,C1386,Webcam,3,2499.00
ORD004700,2025-02-15,C1370,Monitor,5,12499.00
ORD004701,2025-09-29,C1153,Webcam,4,2499.00
ORD004702,2025-10-16,C1125,Headphones,2,3299.00
ORD004703,2025-03-18,C1816,Headphones,3,3299.00
ORD004704,2025-04-27,C1329,USB Hub,3,899.00
ORD004705,2025-07-07,C1317,Wireless Mouse,2,799.00
ORD004706,2025-01-22,C1565,Headphones,1,3299.00
ORD004707,2025-01-28,C1416,Power Bank,2,1799.00
ORD004708,2025-07-30,C1616,Laptop Stand,5,1199.00
ORD004709,2025-08-24,C1632,USB Hub,3,899.00
ORD004710,2025-11-16,C1797,Wireless Mouse,5,799.00
ORD004711,2025-03-06,C1066,USB-C Cable,1,299.50
ORD004712,2025-01-25,C1950,Webcam,1,2499.00
ORD004713,2025-05-10,C1854,Headphones,5,3299.00
ORD004714,2025-10-12,C1937,Keyboard,5,1499.00
ORD004715,2025-05-14,C1640,Wireless Mouse,3,799.00
ORD004716,2025-10-08,C1971,USB-C Cable,4,299.50
ORD004717,2025-05-08,C1528,Power Bank,2,1799.00
ORD004718,2025-04-07,C1541,Headphones,1,3299.00
ORD004719,2025-05-18,C1248,Headphones,2,3299.00
ORD004720,2025-03-14,C1713,Keyboard,4,1499.00
ORD004721,2025-03-29,C1534,Webcam,5,2499.00
ORD004722,2025-07-28,C1304,Webcam,2,2499.00
ORD004723,2025-05-05,C1900,Wireless Mouse,4,799.00
ORD004724,2025-07-08,C1739,USB-C Cable,5,299.50
ORD004725,2025-04-20,C1106,Headphones,3,3299.00
ORD004726,2025-02-12,C1473,Webcam,1,2499.00
ORD004727,2025-05-30,C1968,Headphones,4,3299.00
ORD004728,2025-07-01,C1968,USB-C Cable,3,299.50
ORD004729,2025-01-22,C1191,Webcam,4,2499.00
ORD004730,2025-12-12,C1377,Laptop Stand,3,1199.00
ORD004731,2025-12-16,C1191,USB Hub,3,899.00
ORD004732,2025-01-12,C1684,Laptop Stand,1,1199.00
ORD004733,2025-07-13,C1315,Power Bank,4,1799.00
ORD004734,2025-05-29,C1525,Webcam,5,2499.00
ORD004735,2025-09-16,C1938,USB Hub,1,899.00
ORD004736,2025-02-25,C1377,Laptop Stand,2,1199.00
ORD004737,2025-12-24,C1512,USB Hub,5,899.00
ORD004738,2025-05-22,C1339,USB-C Cable,2,299.50
ORD004739,2025-11-09,C1851,Power Bank,1,1799.00
ORD004740,2025-01-20,C1296,Monitor,1,12499.00
ORD004741,2025-05-03,C1209,Webcam,2,2499.00
ORD004742,2025-07-01,C1198,Laptop Stand,5,1199.00
ORD004743,2025-10-28,C1322,Webcam,1,2499.00
ORD004744,2025-04-24,C1826,Headphones,2,3299.00
ORD004745,2025-02-16,C1096,Keyboard,5,1499.00
ORD004746,2025-09-27,C1477,Power Bank,1,1799.00
ORD004747,2025-01-25,C1621,USB Hub,2,899.00
ORD004748,2025-10-31,C1093,Laptop Stand,2,1199.00
ORD004749,2025-04-21,C1137,Power Bank,4,1799.00
ORD004750,2025-04-26,C1040,Monitor,4,12499.00
ORD004751,2025-02-09,C1979,Wireless Mouse,1,799.00
ORD004752,2025-09-12,C1776,USB Hub,3,899.00
ORD004753,2025-02-18,C1472,Headphones,5,3299.00
ORD004754,2025-10-10,C1737,Headphones,5,3299.00
ORD004755,2025-01-06,C1933,Wireless Mouse,2,799.00
ORD004756,2025-01-14,C1830,Laptop Stand,1,1199.00
ORD004757,2025-06-21,C1797,Keyboard,4,1499.00
ORD004758,2025-10-09,C1130,Keyboard,5,1499.00
ORD004759,2025-01-07,C1250,USB Hub,4,899.00
ORD004760,2025-08-30,C1652,Monitor,4,12499.00
ORD004761,2025-05-26,C1842,Webcam,5,2499.00
ORD004762,2025-08-01,C1938,Keyboard,1,1499.00
ORD004763,2025-07-20,C1376,Laptop Stand,5,1199.00
ORD004764,2025-03-10,C1907,Monitor,1,12499.00
ORD004765,2025-06-09,C1618,Keyboard,1,1499.00
ORD004766,2025-09-27,C1654,Keyboard,5,1499.00
ORD004767,2025-02-25,C1552,Webcam,3,2499.00
ORD004768,2025-04-29,C1406,Laptop Stand,5,1199.00
ORD004769,2025-06-25,C1858,Power Bank,1,1799.00
ORD004770,2025-07-28,C1199,USB-C Cable,2,299.50
ORD004771,2025-04-21,C1621,USB-C Cable,5,299.50
ORD004772,2025-03-17,C1075,USB Hub,2,899.00
ORD004773,2025-05-21,C1343,Power Bank,3,1799.00
ORD004774,2025-02-09,C1094,Headphones,3,3299.00
ORD004775,2025-12-23,C1763,Wireless Mouse,3,799.00
ORD004776,2025-09-24,C1548,USB-C Cable,4,299.50
ORD004777,2025-07-07,C1645,Wireless Mouse,1,799.00
ORD004778,2025-05-02,C1504,Monitor,4,12499.00
ORD004779,2025-08-11,C1989,Headphones,1,3299.00
ORD004780,2025-12-22,C1098,USB Hub,1,899.00
ORD004781,2025-08-07,C1799,USB-C Cable,1,299.50
ORD004782,2025-04-09,C1895,Wireless Mouse,1,799.00
ORD004783,2025-04-15,C1369,USB Hub,4,899.00
ORD004784,2025-11-08,C1090,Headphones,1,3299.00
ORD004785,2025-03-20,C1701,Headphones,4,3299.00
ORD004786,2025-06-14,C1962,Keyboard,2,1499.00
ORD004787,2025-03-31,C1786,Keyboard,2,1499.00
ORD004788,2025-06-24,C1364,Webcam,1,2499.00
ORD004789,2025-09-18,C1563,Headphones,2,3299.00
ORD004790,2025-10-20,C1111,Headphones,4,3299.00
ORD004791,2025-08-06,C1781,Power Bank,5,1799.00
ORD004792,2025-11-15,C1215,USB-C Cable,5,299.50
ORD004793,2025-05-29,C1767,Webcam,1,2499.00
ORD004794,2025-05-04,C1311,Keyboard,5,1499.00
ORD004795,2025-09-28,C1458,Wireless Mouse,2,799.00
ORD004796,2025-06-02,C1243,Monitor,4,12499.00
ORD004797,2025-09-28,C1139,USB Hub,4,899.00
ORD004798,2025-04-19,C1239,Wireless Mouse,3,799.00
ORD004799,2025-01-28,C1104,Keyboard,3,1499.00
ORD004800,2025-12-20,C1710,Power Bank,1,1799.00
ORD004801,2025-09-17,C1377,Wireless Mouse,5,799.00
ORD004802,2025-05-29,C1292,Keyboard,5,1499.00
ORD004803,2025-01-09,C1731,USB-C Cable,4,299.50
ORD004804,2025-10-26,C1826,Webcam,2,2499.00
ORD004805,2025-11-03,C1723,Headphones,5,3299.00
ORD004806,2025-11-16,C1586,Headphones,4,3299.00
ORD004807,2025-10-10,C1657,Webcam,5,2499.00
ORD004808,2025-02-15,C1910,Power Bank,5,1799.00
ORD004809,2025-03-16,C1548,Webcam,3,2499.00
ORD004810,2025-11-23,C1974,Headphones,5,3299.00
ORD004811,2025-03-17,C1338,Laptop Stand,5,1199.00
ORD004812,2025-05-31,C1021,Keyboard,5,1499.00
ORD004813,2025-10-19,C1633,Webcam,2,2499.00
ORD004814,2025-04-08,C1110,USB-C Cable,2,299.50
ORD004815,2025-05-31,C1799,Laptop Stand,2,1199.00
ORD004816,2025-07-26,C1577,Headphones,5,3299.00
ORD004817,2025-07-28,C1637,Wireless Mouse,1,799.00
ORD004818,2025-08-31,C1158,USB Hub,4,899.00
ORD004819,2025-08-23,C1782,Keyboard,4,1499.00
ORD004820,2025-11-25,C1452,Wireless Mouse,2,799.00
ORD004821,2025-06-08,C1575,Laptop Stand,2,1199.00
ORD004822,2025-11-07,C1225,USB Hub,3,899.00
ORD004823,2025-11-29,C1249,Monitor,5,12499.00
ORD004824,2025-12-03,C1918,USB-C Cable,5,299.50
ORD004825,2025-05-26,C1847,Wireless Mouse,1,799.00
ORD004826,2025-07-28,C1908,Monitor,1,12499.00
ORD004827,2025-12-22,C1579,USB-C Cable,5,299.50
ORD004828,2025-06-24,C1030,Headphones,5,3299.00
ORD004829,2025-07-27,C1604,USB-C Cable,3,299.50
ORD004830,2025-12-13,C1150,USB Hub,4,899.00
ORD004831,2025-02-17,C1802,Webcam,5,2499.00
ORD004832,2025-10-21,C1387,Headphones,3,3299.00
ORD004833,2025-11-19,C1074,Headphones,2,3299.00
ORD004834,2025-10-15,C1493,Wireless Mouse,4,799.00
ORD004835,2025-12-11,C1850,Keyboard,2,1499.00
ORD004836,2025-09-28,C1321,Laptop Stand,5,1199.00
ORD004837,2025-03-03,C1257,Monitor,2,12499.00
ORD004838,2025-07-24,C1554,Webcam,2,2499.00
ORD004839,2025-10-28,C1815,Laptop Stand,3,1199.00
ORD004840,2025-05-20,C1641,USB Hub,1,899.00
ORD004841,2025-03-26,C1489,Wireless Mouse,2,799.00
ORD004842,2025-01-04,C1683,Wireless Mouse,5,799.00
ORD004843,2025-11-04,C1400,Headphones,4,3299.00
ORD004844,2025-01-29,C1119,Keyboard,4,1499.00
ORD004845,2025-04-14,C1076,USB Hub,1,899.00
ORD004846,2025-11-10,C1342,Laptop Stand,1,1199.00
ORD004847,2025-02-03,C1384,Wireless Mouse,5,799.00
ORD004848,2025-11-10,C1663,Wireless Mouse,3,799.00
ORD004849,2025-05-31,C1644,Keyboard,5,1499.00
ORD004850,2025-06-14,C1055,Keyboard,4,1499.00
ORD004851,2025-04-01,C1883,Headphones,5,3299.00
ORD004852,2025-10-26,C1972,Laptop Stand,4,1199.00
ORD004853,2025-11-18,C1147,Headphones,1,3299.00
ORD004854,2025-04-23,C1652,Monitor,3,12499.00
ORD004855,2025-01-09,C1917,Webcam,4,2499.00
ORD004856,2025-08-15,C1613,Power Bank,3,1799.00
ORD004857,2025-03-25,C1059,Headphones,4,3299.00
ORD004858,2025-07-26,C1781,USB-C Cable,4,299.50
ORD004859,2025-11-02,C1140,USB-C Cable,3,299.50
ORD004860,2025-10-12,C1817,Wireless Mouse,1,799.00
ORD004861,2025-11-17,C1845,Power Bank,4,1799.00
ORD004862,2025-01-25,C1164,Headphones,5,3299.00
ORD004863,2025-05-15,C1023,Keyboard,4,1499.00
ORD004864,2025-12-12,C1546,USB Hub,3,899.00
ORD004865,2025-04-10,C1203,Keyboard,2,1499.00
ORD004866,2025-04-29,C1091,Power Bank,2,1799.00
ORD004867,2025-07-03,C1732,Monitor,2,12499.00
ORD004868,2025-06-26,C1937,Laptop Stand,4,1199.00
ORD004869,2025-08-28,C1557,Keyboard,1,1499.00
ORD004870,2025-01-06,C1209,Power Bank,2,1799.00
ORD004871,2025-02-10,C1617,Keyboard,2,1499.00
ORD004872,2025-07-14,C1115,Wireless Mouse,2,799.00
ORD004873,2025-05-02,C1844,Headphones,5,3299.00
ORD004874,2025-03-09,C1478,Monitor,4,12499.00
ORD004875,2025-10-21,C1999,USB Hub,3,899.00
ORD004876,2025-03-04,C1194,Headphones,2,3299.00
ORD004877,2025-02-08,C1912,Power Bank,5,1799.00
ORD004878,2025-06-07,C1270,Webcam,5,2499.00
ORD004879,2025-03-28,C1885,Wireless Mouse,5,799.00
ORD004880,2025-01-25,C1144,Monitor,4,12499.00
ORD004881,2025-09-19,C1044,Webcam,1,2499.00
ORD004882,2025-05-22,C1291,Headphones,1,3299.00
ORD004883,2025-08-20,C1209,Laptop Stand,3,1199.00
ORD004884,2025-07-23,C1481,Keyboard,5,1499.00
ORD004885,2025-03-14,C1926,Keyboard,4,1499.00
ORD004886,2025-12-08,C1525,Power Bank,2,1799.00
ORD004887,2025-02-08,C1014,USB-C Cable,2,299.50
ORD004888,2025-09-09,C1915,Keyboard,5,1499.00
ORD004889,2025-04-04,C1104,USB Hub,2,899.00
ORD004890,2025-09-23,C1952,Webcam,4,2499.00
ORD004891,2025-10-21,C1559,USB-C Cable,3,299.50
ORD004892,2025-12-18,C1621,Power Bank,4,1799.00
ORD004893,2025-08-07,C1887,Laptop Stand,2,1199.00
ORD004894,2025-05-05,C1897,USB Hub,1,899.00
ORD004895,2025-04-01,C1556,USB Hub,3,899.00
ORD004896,2025-01-15,C1346,Headphones,2,3299.00
ORD004897,2025-01-12,C1504,Power Bank,5,1799.00
ORD004898,2025-11-22,C1438,USB Hub,4,899.00
ORD004899,2025-08-21,C1489,Keyboard,1,1499.00
ORD004900,2025-09-12,C1241,Headphones,4,3299.00
ORD004901,2025-03-17,C1880,USB Hub,1,899.00
ORD004902,2025-01-02,C1385,Monitor,5,12499.00
ORD004903,2025-02-13,C1674,USB-C Cable,2,299.50
ORD004904,2025-04-25,C1644,USB-C Cable,3,299.50
ORD004905,2025-12-12,C1163,Monitor,1,12499.00
ORD004906,2025-12-14,C1894,Headphones,3,3299.00
ORD004907,2025-06-21,C1552,Wireless Mouse,4,799.00
ORD004908,2025-12-18,C1271,Keyboard,4,1499.00
ORD004909,2025-02-07,C1535,USB-C Cable,2,299.50
ORD004910,2025-10-20,C1142,Keyboard,3,1499.00
ORD004911,2025-08-22,C1773,Headphones,5,3299.00
ORD004912,2025-10-13,C1604,Wireless Mouse,5,799.00
ORD004913,2025-05-01,C1440,Webcam,5,2499.00
ORD004914,2025-05-28,C1802,USB Hub,5,899.00
ORD004915,2025-03-23,C1129,Wireless Mouse,1,799.00
ORD004916,2025-01-18,C1974,Monitor,5,12499.00
ORD004917,2025-12-06,C1861,Laptop Stand,5,1199.00
ORD004918,2025-11-03,C1733,Headphones,3,3299.00
ORD004919,2025-05-30,C1663,USB Hub,2,899.00
ORD004920,2025-11-07,C1345,Webcam,5,2499.00
ORD004921,2025-10-11,C1644,USB Hub,1,899.00
ORD004922,2025-05-26,C1355,Keyboard,4,1499.00
ORD004923,2025-09-17,C1468,USB Hub,1,899.00
ORD004924,2025-02-16,C1365,Power Bank,2,1799.00
ORD004925,2025-10-06,C1411,Laptop Stand,4,1199.00
ORD004926,2025-09-02,C1200,Headphones,5,3299.00
ORD004927,2025-01-14,C1956,USB-C Cable,5,299.50
ORD004928,2025-05-21,C1389,Power Bank,1,1799.00
ORD004929,2025-11-18,C1679,Keyboard,4,1499.00
ORD004930,2025-11-09,C1544,Power Bank,4,1799.00
ORD004931,2025-10-05,C1153,Headphones,5,3299.00
ORD004932,2025-09-16,C1509,Headphones,2,3299.00
ORD004933,2025-06-13,C1528,USB-C Cable,5,299.50
ORD004934,2025-09-10,C1767,Laptop Stand,1,1199.00
ORD004935,2025-06-12,C1697,USB Hub,5,899.00
ORD004936,2025-07-24,C1658,Wireless Mouse,2,799.00
ORD004937,2025-07-08,C1053,Laptop Stand,3,1199.00
ORD004938,2025-12-06,C1916,Wireless Mouse,3,799.00
ORD004939,2025-07-15,C1745,Headphones,5,3299.00
ORD004940,2025-12-18,C1467,Monitor,5,12499.00
ORD004941,2025-01-16,C1689,Wireless Mouse,1,799.00
ORD004942,2025-05-24,C1921,USB-C Cable,5,299.50
ORD004943,2025-06-25,C1872,USB-C Cable,3,299.50
ORD004944,2025-05-09,C1186,Webcam,5,2499.00
ORD004945,2025-08-24,C1607,Headphones,4,3299.00
ORD004946,2025-03-13,C1361,Laptop Stand,5,1199.00
ORD004947,2025-04-06,C1653,Webcam,2,2499.00
ORD004948,2025-12-16,C1545,USB-C Cable,5,299.50
ORD004949,2025-07-20,C1850,Webcam,2,2499.00
ORD004950,2025-10-07,C1983,Laptop Stand,5,1199.00
ORD004951,2025-06-24,C1414,Keyboard,2,1499.00
ORD004952,2025-02-10,C1700,Webcam,3,2499.00
ORD004953,2025-09-30,C1779,USB-C Cable,3,299.50
ORD004954,2025-04-02,C1935,Power Bank,3,1799.00
ORD004955,2025-03-27,C1991,Headphones,5,3299.00
ORD004956,2025-07-26,C1968,USB-C Cable,5,299.50
ORD004957,2025-12-22,C1227,Laptop Stand,3,1199.00
ORD004958,2025-11-08,C1800,USB Hub,3,899.00
ORD004959,2025-04-25,C1881,Keyboard,5,1499.00
ORD004960,2025-10-14,C1727,Keyboard,4,1499.00
ORD004961,2025-07-07,C1026,Monitor,4,12499.00
ORD004962,2025-05-15,C1979,USB Hub,4,899.00
ORD004963,2025-06-16,C1016,USB Hub,5,899.00
ORD004964,2025-09-07,C1791,Monitor,3,12499.00
ORD004965,2025-04-25,C1007,Webcam,2,2499.00
ORD004966,2025-11-18,C1638,Webcam,1,2499.00
ORD004967,2025-10-23,C1076,USB Hub,1,899.00
ORD004968,2025-11-03,C1495,Power Bank,2,1799.00
ORD004969,2025-04-12,C1534,Wireless Mouse,3,799.00
ORD004970,2025-05-18,C1812,Laptop Stand,1,1199.00
ORD004971,2025-07-06,C1215,Keyboard,4,1499.00
ORD004972,2025-02-15,C1333,Webcam,3,2499.00
ORD004973,2025-02-25,C1334,Power Bank,3,1799.00
ORD004974,2025-02-24,C1221,Laptop Stand,2,1199.00
ORD004975,2025-11-14,C1907,Monitor,2,12499.00
ORD004976,2025-09-01,C1745,Headphones,5,3299.00
ORD004977,2025-05-02,C1817,Keyboard,4,1499.00
ORD004978,2025-06-12,C1046,Power Bank,1,1799.00
ORD004979,2025-03-18,C1713,Webcam,1,2499.00
ORD004980,2025-02-14,C1036,Webcam,3,2499.00
ORD004981,2025-08-22,C1392,USB-C Cable,5,299.50
ORD004982,2025-03-04,C1712,USB Hub,5,899.00
ORD004983,2025-08-31,C1574,USB Hub,1,899.00
ORD004984,2025-09-02,C1006,USB-C Cable,3,299.50
ORD004985,2025-03-08,C1240,Monitor,5,12499.00
ORD004986,2025-10-13,C1877,USB Hub,3,899.00
ORD004987,2025-03-25,C1911,Headphones,2,3299.00
ORD004988,2025-10-13,C1828,Monitor,4,12499.00
ORD004989,2025-01-30,C1978,Headphones,3,3299.00
ORD004990,2025-08-01,C1811,USB Hub,4,899.00
ORD004991,2025-08-15,C1286,USB Hub,3,899.00
ORD004992,2025-03-12,C1504,USB-C Cable,3,299.50
ORD004993,2025-06-22,C1758,USB Hub,3,899.00
ORD004994,2025-11-20,C1347,USB Hub,5,899.00
ORD004995,2025-07-06,C1815,Headphones,3,3299.00
ORD004996,2025-04-02,C1514,Webcam,2,2499.00
ORD004997,2025-11-11,C1932,Webcam,1,2499.00
ORD004998,2025-12-21,C1438,Keyboard,3,1499.00
ORD004999,2025-03-11,C1954,Wireless Mouse,1,799.00
ORD005000,2025-01-22,C1159,Wireless Mouse,3,799.00
ORD005001,2025-11-24,C1235,Monitor,5,12499.00
ORD005002,2025-02-07,C1981,Laptop Stand,2,1199.00
ORD005003,2025-11-26,C1898,USB-C Cable,1,299.50
ORD005004,2025-06-12,C1070,Monitor,2,12499.00
ORD005005,2025-06-15,C1348,Wireless Mouse,4,799.00
ORD005006,2025-09-25,C1208,Wireless Mouse,4,799.00
ORD005007,2025-04-04,C1698,USB Hub,1,899.00
ORD005008,2025-06-05,C1291,Webcam,5,2499.00
ORD005009,2025-11-12,C1392,USB Hub,4,899.00
ORD005010,2025-03-15,C1511,Power Bank,2,1799.00
ORD005011,2025-08-18,C1920,Headphones,4,3299.00
ORD005012,2025-11-26,C1423,Webcam,2,2499.00
ORD005013,2025-03-08,C1375,Wireless Mouse,5,799.00
ORD005014,2025-07-08,C1294,USB-C Cable,2,299.50
ORD005015,2025-09-27,C1223,Keyboard,2,1499.00
ORD005016,2025-02-24,C1754,USB Hub,2,899.00
ORD005017,2025-02-02,C1129,Laptop Stand,2,1199.00
ORD005018,2025-11-27,C1007,USB-C Cable,3,299.50
ORD005019,2025-01-31,C1386,Keyboard,1,1499.00
ORD005020,2025-09-24,C1250,Keyboard,4,1499.00
ORD005021,2025-09-08,C1163,Webcam,2,2499.00
ORD005022,2025-08-26,C1353,USB Hub,1,899.00
ORD005023,2025-03-26,C1785,USB Hub,4,899.00
ORD005024,2025-09-23,C1723,Headphones,1,3299.00
ORD005025,2025-04-01,C1805,Power Bank,2,1799.00
ORD005026,2025-09-03,C1475,Monitor,3,12499.00
ORD005027,2025-07-05,C1575,Webcam,3,2499.00
ORD005028,2025-03-11,C1388,Power Bank,2,1799.00
ORD005029,2025-06-16,C1145,Wireless Mouse,5,799.00
ORD005030,2025-09-19,C1836,Keyboard,4,1499.00
ORD005031,2025-12-03,C1567,Headphones,2,3299.00
ORD005032,2025-07-20,C1054,Keyboard,5,1499.00
ORD005033,2025-08-14,C1983,USB-C Cable,1,299.50
ORD005034,2025-03-31,C1064,Power Bank,4,1799.00
ORD005035,2025-04-12,C1453,Laptop Stand,2,1199.00
ORD005036,2025-01-15,C1333,USB-C Cable,2,299.50
ORD005037,2025-03-21,C1590,USB-C Cable,5,299.50
ORD005038,2025-07-30,C1902,Laptop Stand,2,1199.00
ORD005039,2025-08-07,C1818,Keyboard,3,1499.00
ORD005040,2025-11-24,C1310,Keyboard,2,1499.00
ORD005041,2025-10-09,C1147,USB Hub,2,899.00
ORD005042,2025-06-16,C1668,USB-C Cable,3,299.50
ORD005043,2025-10-23,C1876,Laptop Stand,5,1199.00
ORD005044,2025-06-13,C1569,Laptop Stand,3,1199.00
ORD005045,2025-08-02,C1125,Webcam,4,2499.00
ORD005046,2025-09-10,C1224,Power Bank,2,1799.00
ORD005047,2025-05-29,C1253,Headphones,1,3299.00
ORD005048,2025-05-14,C1886,Monitor,3,12499.00
ORD005049,2025-11-09,C1732,Power Bank,1,1799.00
ORD005050,2025-08-17,C1618,USB-C Cable,5,299.50
ORD005051,2025-01-02,C1191,Power Bank,5,1799.00
ORD005052,2025-08-14,C1071,USB-C Cable,2,299.50
ORD005053,2025-06-19,C1252,Wireless Mouse,5,799.00
ORD005054,2025-09-27,C1932,Power Bank,4,1799.00
ORD005055,2025-04-20,C1502,Keyboard,3,1499.00
ORD005056,2025-10-24,C1974,USB-C Cable,5,299.50
ORD005057,2025-05-05,C1133,USB Hub,2,899.00
ORD005058,2025-12-12,C1770,Wireless Mouse,1,799.00
ORD005059,2025-07-06,C1406,USB-C Cable,1,299.50
ORD005060,2025-04-07,C1177,USB Hub,1,899.00
ORD005061,2025-05-16,C1779,Wireless Mouse,5,799.00
ORD005062,2025-11-07,C1830,Power Bank,4,1799.00
ORD005063,2025-09-15,C1518,USB Hub,5,899.00
ORD005064,2025-06-28,C1700,Power Bank,2,1799.00
ORD005065,2025-12-08,C1526,Monitor,3,12499.00
ORD005066,2025-05-02,C1652,USB-C Cable,5,299.50
ORD005067,2025-02-01,C1817,Headphones,1,3299.00
ORD005068,2025-01-09,C1284,Laptop Stand,3,1199.00
ORD005069,2025-07-18,C1660,Laptop Stand,1,1199.00
ORD005070,2025-02-26,C1471,Monitor,1,12499.00
ORD005071,2025-03-25,C1976,Monitor,2,12499.00
ORD005072,2025-01-12,C1797,Keyboard,2,1499.00
ORD005073,2025-10-28,C1767,USB-C Cable,3,299.50
ORD005074,2025-02-17,C1310,Wireless Mouse,2,799.00
ORD005075,2025-05-22,C1669,Power Bank,5,1799.00
ORD005076,2025-01-30,C1626,Laptop Stand,2,1199.00
ORD005077,2025-10-23,C1425,Wireless Mouse,4,799.00
ORD005078,2025-04-18,C1703,Keyboard,5,1499.00
ORD005079,2025-02-17,C1623,Power Bank,1,1799.00
ORD005080,2025-07-23,C1049,USB-C Cable,2,299.50
ORD005081,2025-03-01,C1212,USB-C Cable,2,299.50
ORD005082,2025-12-18,C1946,Keyboard,4,1499.00
ORD005083,2025-08-27,C1770,Headphones,2,3299.00
ORD005084,2025-02-28,C1620,Wireless Mouse,1,799.00
ORD005085,2025-02-27,C1391,Keyboard,4,1499.00
ORD005086,2025-03-08,C1935,Keyboard,2,1499.00
ORD005087,2025-03-03,C1632,Wireless Mouse,1,799.00
ORD005088,2025-03-11,C1740,Power Bank,3,1799.00
ORD005089,2025-08-13,C1954,USB Hub,2,899.00
ORD005090,2025-11-15,C1764,Laptop Stand,2,1199.00
ORD005091,2025-05-31,C1585,Wireless Mouse,2,799.00
ORD005092,2025-07-14,C1345,Headphones,2,3299.00
ORD005093,2025-01-07,C1676,USB Hub,2,899.00
ORD005094,2025-11-30,C1897,Power Bank,3,1799.00
ORD005095,2025-02-23,C1153,USB Hub,3,899.00
ORD005096,2025-02-21,C1092,USB-C Cable,3,299.50
ORD005097,2025-10-13,C1699,Wireless Mouse,4,799.00
ORD005098,2025-03-13,C1944,USB Hub,3,899.00
ORD005099,2025-10-23,C1680,Wireless Mouse,3,799.00
ORD005100,2025-03-18,C1610,USB-C Cable,3,299.50
ORD005101,2025-03-07,C1017,Headphones,5,3299.00
ORD005102,2025-12-25,C1867,Laptop Stand,3,1199.00
ORD005103,2025-07-14,C1859,Monitor,1,12499.00
ORD005104,2025-04-20,C1732,Wireless Mouse,5,799.00
ORD005105,2025-03-07,C1797,Monitor,5,12499.00
ORD005106,2025-01-09,C1794,Power Bank,1,1799.00
ORD005107,2025-08-21,C1121,Laptop Stand,2,1199.00
ORD005108,2025-04-08,C1434,Webcam,3,2499.00
ORD005109,2025-06-17,C1552,USB Hub,3,899.00
ORD005110,2025-06-07,C1780,Headphones,2,3299.00
ORD005111,2025-01-14,C1265,Laptop Stand,1,1199.00
ORD005112,2025-01-14,C1144,USB-C Cable,4,299.50
ORD005113,2025-08-05,C1126,Wireless Mouse,3,799.00
ORD005114,2025-09-03,C1236,USB-C Cable,5,299.50
ORD005115,2025-05-23,C1061,Power Bank,2,1799.00
ORD005116,2025-08-15,C1736,Wireless Mouse,1,799.00
ORD005117,2025-08-07,C1882,Headphones,5,3299.00
ORD005118,2025-07-31,C1233,Wireless Mouse,2,799.00
ORD005119,2025-05-25,C1543,USB-C Cable,1,299.50
ORD005120,2025-06-13,C1267,Monitor,2,12499.00
ORD005121,2025-04-24,C1718,Wireless Mouse,3,799.00
ORD005122,2025-05-08,C1060,Wireless Mouse,1,799.00
ORD005123,2025-11-12,C1371,Wireless Mouse,4,799.00
ORD005124,2025-10-16,C1936,Power Bank,4,1799.00
ORD005125,2025-08-05,C1914,Monitor,3,12499.00
ORD005126,2025-07-09,C1453,Keyboard,5,1499.00
ORD005127,2025-07-10,C1291,Monitor,4,12499.00
ORD005128,2025-05-07,C1257,USB-C Cable,4,299.50
ORD005129,2025-03-12,C1856,Keyboard,3,1499.00
ORD005130,2025-08-11,C1002,Power Bank,1,1799.00
ORD005131,2025-10-12,C1060,Wireless Mouse,1,799.00
ORD005132,2025-03-04,C1039,USB Hub,2,899.00
ORD005133,2025-07-31,C1567,Wireless Mouse,2,799.00
ORD005134,2025-08-19,C1408,Keyboard,3,1499.00
ORD005135,2025-09-08,C1165,Keyboard,4,1499.00
ORD005136,2025-01-22,C1557,USB Hub,1,899.00
ORD005137,2025-02-19,C1831,USB Hub,3,899.00
ORD005138,2025-02-24,C1151,Power Bank,5,1799.00
ORD005139,2025-02-25,C1997,Wireless Mouse,3,799.00
ORD005140,2025-08-26,C1086,Wireless Mouse,2,799.00
ORD005141,2025-01-22,C1418,USB Hub,4,899.00
ORD005142,2025-05-07,C1055,Keyboard,4,1499.00
ORD005143,2025-06-20,C1081,Laptop Stand,1,1199.00
ORD005144,2025-07-04,C1993,Webcam,5,2499.00
ORD005145,2025-09-09,C1307,Webcam,2,2499.00
ORD005146,2025-03-31,C1116,Headphones,2,3299.00
ORD005147,2025-01-09,C1578,Wireless Mouse,4,799.00
ORD005148,2025-06-28,C1544,USB-C Cable,5,299.50
ORD005149,2025-08-17,C1436,Monitor,4,12499.00
ORD005150,2025-09-12,C1030,Webcam,2,2499.00
ORD005151,2025-10-15,C1005,Keyboard,3,1499.00
ORD005152,2025-12-10,C1822,Laptop Stand,2,1199.00
ORD005153,2025-03-22,C1842,Headphones,4,3299.00
ORD005154,2025-08-12,C1910,Webcam,4,2499.00
ORD005155,2025-03-18,C1080,Headphones,3,3299.00
ORD005156,2025-09-26,C1246,Keyboard,2,1499.00
ORD005157,2025-01-10,C1032,Power Bank,1,1799.00
ORD005158,2025-07-26,C1424,Webcam,4,2499.00
ORD005159,2025-06-09,C1988,Keyboard,3,1499.00
ORD005160,2025-02-04,C1814,Wireless Mouse,1,799.00
ORD005161,2025-08-17,C1602,Wireless Mouse,4,799.00
ORD005162,2025-03-05,C1935,Power Bank,3,1799.00
ORD005163,2025-01-11,C1766,Wireless Mouse,3,799.00
ORD005164,2025-10-06,C1786,Laptop Stand,5,1199.00
ORD005165,2025-10-16,C1775,Keyboard,3,1499.00
ORD005166,2025-06-11,C1255,Wireless Mouse,1,799.00
ORD005167,2025-03-30,C1043,Monitor,3,12499.00
ORD005168,2025-01-20,C1827,USB Hub,5,899.00
ORD005169,2025-11-28,C1850,Webcam,5,2499.00
ORD005170,2025-07-22,C1802,Power Bank,5,1799.00
ORD005171,2025-09-10,C1654,USB Hub,2,899.00
ORD005172,2025-04-12,C1474,Keyboard,5,1499.00
ORD005173,2025-12-17,C1123,Power Bank,4,1799.00
ORD005174,2025-11-05,C1569,Headphones,3,3299.00
ORD005175,2025-07-30,C1929,Keyboard,4,1499.00
ORD005176,2025-03-18,C1221,Keyboard,4,1499.00
ORD005177,2025-01-26,C1496,Webcam,4,2499.00
ORD005178,2025-05-08,C1238,Webcam,2,2499.00
ORD005179,2025-08-12,C1187,Monitor,2,12499.00
ORD005180,2025-12-09,C1605,USB Hub,5,899.00
ORD005181,2025-10-26,C1582,Webcam,1,2499.00
ORD005182,2025-01-08,C1068,Power Bank,3,1799.00
ORD005183,2025-08-09,C1868,USB-C Cable,2,299.50
ORD005184,2025-04-20,C1478,Wireless Mouse,1,799.00
ORD005185,2025-08-24,C1839,USB Hub,5,899.00
ORD005186,2025-02-24,C1091,USB-C Cable,4,299.50
ORD005187,2025-03-23,C1676,Wireless Mouse,1,799.00
ORD005188,2025-02-18,C1870,Webcam,5,2499.00
ORD005189,2025-05-01,C1378,Keyboard,5,1499.00
ORD005190,2025-11-01,C1516,USB Hub,5,899.00
ORD005191,2025-03-17,C1918,Power Bank,1,1799.00
ORD005192,2025-08-16,C1985,Keyboard,1,1499.00
ORD005193,2025-09-15,C1640,USB Hub,5,899.00
ORD005194,2025-12-05,C1520,Webcam,1,2499.00
ORD005195,2025-10-07,C1950,Keyboard,4,1499.00
ORD005196,2025-06-05,C1547,Webcam,2,2499.00
ORD005197,2025-03-03,C1462,USB-C Cable,3,299.50
ORD005198,2025-09-20,C1755,USB Hub,2,899.00
ORD005199,2025-09-17,C1382,Power Bank,4,1799.00
ORD005200,2025-10-04,C1176,Wireless Mouse,1,799.00
ORD005201,2025-05-13,C1553,Wireless Mouse,1,799.00
ORD005202,2025-08-31,C1327,Headphones,4,3299.00
ORD005203,2025-04-03,C1862,Keyboard,2,1499.00
ORD005204,2025-10-16,C1087,Headphones,3,3299.00
ORD005205,2025-02-16,C1782,Headphones,1,3299.00
ORD005206,2025-09-19,C1912,USB-C Cable,4,299.50
ORD005207,2025-03-26,C1614,Webcam,4,2499.00
ORD005208,2025-09-16,C1154,USB Hub,4,899.00
ORD005209,2025-10-24,C1965,Headphones,4,3299.00
ORD005210,2025-05-17,C1044,Wireless Mouse,5,799.00
ORD005211,2025-04-28,C1730,Monitor,1,12499.00
ORD005212,2025-02-15,C1809,Webcam,5,2499.00
ORD005213,2025-02-27,C1363,Headphones,4,3299.00
ORD005214,2025-09-11,C1921,Wireless Mouse,5,799.00
ORD005215,2025-04-01,C1499,Laptop Stand,3,1199.00
ORD005216,2025-10-13,C1229,USB Hub,3,899.00
ORD005217,2025-07-01,C1109,Headphones,4,3299.00
ORD005218,2025-04-04,C1299,Headphones,1,3299.00
ORD005219,2025-12-26,C1655,Headphones,3,3299.00
ORD005220,2025-07-16,C1559,Headphones,2,3299.00
ORD005221,2025-11-10,C1439,Webcam,1,2499.00
ORD005222,2025-08-20,C1523,Webcam,3,2499.00
ORD005223,2025-02-03,C1454,USB-C Cable,1,299.50
ORD005224,2025-10-15,C1346,USB-C Cable,1,299.50
ORD005225,2025-03-14,C1163,Headphones,3,3299.00
ORD005226,2025-11-19,C1416,Laptop Stand,3,1199.00
ORD005227,2025-10-07,C1128,USB Hub,1,899.00
ORD005228,2025-10-21,C1983,USB Hub,2,899.00
ORD005229,2025-10-01,C1409,Webcam,5,2499.00
ORD005230,2025-04-27,C1628,USB Hub,1,899.00
ORD005231,2025-03-12,C1264,Headphones,4,3299.00
ORD005232,2025-03-19,C1770,Power Bank,5,1799.00
ORD005233,2025-11-05,C1589,Power Bank,1,1799.00
ORD005234,2025-01-12,C1638,Headphones,1,3299.00
ORD005235,2025-06-03,C1075,Keyboard,2,1499.00
ORD005236,2025-10-28,C1917,Keyboard,2,1499.00
ORD005237,2025-12-05,C1773,Monitor,5,12499.00
ORD005238,2025-04-15,C1731,USB-C Cable,4,299.50
ORD005239,2025-04-30,C1218,Keyboard,4,1499.00
ORD005240,2025-01-01,C1349,Headphones,2,3299.00
ORD005241,2025-01-23,C1940,Laptop Stand,3,1199.00
ORD005242,2025-10-12,C1523,Monitor,1,12499.00
ORD005243,2025-06-20,C1798,Headphones,1,3299.00
ORD005244,2025-07-04,C1928,USB-C Cable,3,299.50
ORD005245,2025-09-11,C1148,Webcam,3,2499.00
ORD005246,2025-11-12,C1099,Keyboard,4,1499.00
ORD005247,2025-11-29,C1032,Monitor,2,12499.00
ORD005248,2025-05-21,C1028,Webcam,5,2499.00
ORD005249,2025-07-25,C1865,Headphones,1,3299.00
ORD005250,2025-09-05,C1918,Power Bank,1,1799.00
ORD005251,2025-03-06,C1716,USB Hub,3,899.00
ORD005252,2025-10-21,C1771,USB Hub,5,899.00
ORD005253,2025-10-07,C1554,Wireless Mouse,1,799.00
ORD005254,2025-08-25,C1853,Headphones,5,3299.00
ORD005255,2025-02-19,C1278,USB-C Cable,1,299.50
ORD005256,2025-05-19,C1423,Power Bank,5,1799.00
ORD005257,2025-04-26,C1859,Keyboard,3,1499.00
ORD005258,2025-07-21,C1641,USB-C Cable,4,299.50
ORD005259,2025-10-07,C1432,Webcam,5,2499.00
ORD005260,2025-11-13,C1824,USB Hub,2,899.00
ORD005261,2025-12-23,C1633,Headphones,5,3299.00
ORD005262,2025-06-09,C1952,Power Bank,5,1799.00
ORD005263,2025-10-18,C1319,Headphones,1,3299.00
ORD005264,2025-06-24,C1602,Monitor,3,12499.00
ORD005265,2025-12-04,C1050,Monitor,1,12499.00
ORD005266,2025-11-11,C1138,Keyboard,5,1499.00
ORD005267,2025-01-30,C1865,USB-C Cable,4,299.50
ORD005268,2025-05-07,C1713,Monitor,4,12499.00
ORD005269,2025-06-29,C1116,Wireless Mouse,1,799.00
ORD005270,2025-02-10,C1432,Power Bank,1,1799.00
ORD005271,2025-11-02,C1550,Laptop Stand,5,1199.00
ORD005272,2025-04-17,C1431,Headphones,3,3299.00
ORD005273,2025-07-30,C1999,Laptop Stand,2,1199.00
ORD005274,2025-09-21,C1593,Keyboard,3,1499.00
ORD005275,2025-07-10,C1613,Monitor,1,12499.00
ORD005276,2025-09-06,C1007,Headphones,1,3299.00
ORD005277,2025-11-01,C1671,Wireless Mouse,5,799.00
ORD005278,2025-03-11,C1305,Webcam,5,2499.00
ORD005279,2025-04-02,C1048,Webcam,3,2499.00
ORD005280,2025-07-12,C1698,Headphones,3,3299.00
ORD005281,2025-11-11,C1445,USB Hub,4,899.00
ORD005282,2025-07-30,C1051,Power Bank,3,1799.00
ORD005283,2025-05-15,C1165,Headphones,1,3299.00
ORD005284,2025-06-11,C1433,Webcam,3,2499.00
ORD005285,2025-08-15,C1348,Power Bank,5,1799.00
ORD005286,2025-10-20,C1461,Wireless Mouse,3,799.00
ORD005287,2025-04-24,C1196,Monitor,5,12499.00
ORD005288,2025-08-06,C1133,Wireless Mouse,2,799.00
ORD005289,2025-05-13,C1818,Monitor,4,12499.00
ORD005290,2025-03-08,C1874,Headphones,2,3299.00
ORD005291,2025-06-22,C1717,Headphones,3,3299.00
ORD005292,2025-02-25,C1406,Wireless Mouse,3,799.00
ORD005293,2025-04-28,C1947,Monitor,1,12499.00
ORD005294,2025-12-22,C1954,Wireless Mouse,4,799.00
ORD005295,2025-04-06,C1121,USB-C Cable,2,299.50
ORD005296,2025-05-31,C1185,USB-C Cable,4,299.50
ORD005297,2025-09-02,C1710,Headphones,4,3299.00
ORD005298,2025-07-25,C1137,Webcam,3,2499.00
ORD005299,2025-07-19,C1028,Keyboard,1,1499.00
ORD005300,2025-04-01,C1287,Keyboard,1,1499.00
ORD005301,2025-07-10,C1932,Keyboard,5,1499.00
ORD005302,2025-10-01,C1816,Webcam,5,2499.00
ORD005303,2025-01-31,C1006,Headphones,5,3299.00
ORD005304,2025-02-25,C1485,Wireless Mouse,5,799.00
ORD005305,2025-07-22,C1492,USB Hub,4,899.00
ORD005306,2025-03-07,C1200,USB Hub,1,899.00
ORD005307,2025-10-23,C1609,USB-C Cable,3,299.50
ORD005308,2025-01-07,C1953,Power Bank,3,1799.00
ORD005309,2025-03-11,C1735,Power Bank,4,1799.00
ORD005310,2025-03-26,C1653,Webcam,4,2499.00
ORD005311,2025-03-17,C1747,Keyboard,1,1499.00
ORD005312,2025-01-28,C1208,USB-C Cable,5,299.50
ORD005313,2025-04-28,C1753,Webcam,4,2499.00
ORD005314,2025-04-27,C1440,Monitor,3,12499.00
ORD005315,2025-09-30,C1049,Headphones,4,3299.00
ORD005316,2025-06-29,C1997,USB Hub,2,899.00
ORD005317,2025-05-16,C1970,Monitor,5,12499.00
ORD005318,2025-06-08,C1130,USB-C Cable,1,299.50
ORD005319,2025-12-22,C1769,USB Hub,2,899.00
ORD005320,2025-06-16,C1899,USB Hub,3,899.00
ORD005321,2025-05-18,C1048,Monitor,1,12499.00
ORD005322,2025-05-11,C1312,Headphones,3,3299.00
ORD005323,2025-11-30,C1478,Webcam,3,2499.00
ORD005324,2025-04-11,C1865,USB-C Cable,1,299.50
ORD005325,2025-03-13,C1967,Keyboard,2,1499.00
ORD005326,2025-08-18,C1292,USB-C Cable,5,299.50
ORD005327,2025-12-16,C1962,Power Bank,5,1799.00
ORD005328,2025-08-19,C1448,Keyboard,4,1499.00
ORD005329,2025-05-05,C1680,Laptop Stand,3,1199.00
ORD005330,2025-09-08,C1173,USB-C Cable,1,299.50
ORD005331,2025-10-12,C1551,Laptop Stand,4,1199.00
ORD005332,2025-02-07,C1919,USB-C Cable,4,299.50
ORD005333,2025-01-07,C1670,Monitor,5,12499.00
ORD005334,2025-02-04,C1621,Wireless Mouse,4,799.00
ORD005335,2025-01-22,C1261,Laptop Stand,3,1199.00
ORD005336,2025-01-17,C1395,Laptop Stand,5,1199.00
ORD005337,2025-06-16,C1736,Laptop Stand,5,1199.00
ORD005338,2025-03-16,C1273,USB Hub,5,899.00
ORD005339,2025-06-19,C1868,Laptop Stand,2,1199.00
ORD005340,2025-01-07,C1036,Webcam,1,2499.00
ORD005341,2025-02-05,C1732,USB Hub,4,899.00
ORD005342,2025-08-31,C1517,Power Bank,3,1799.00
ORD005343,2025-02-04,C1862,USB Hub,4,899.00
ORD005344,2025-03-30,C1285,Monitor,3,12499.00
ORD005345,2025-12-10,C1978,Webcam,3,2499.00
ORD005346,2025-05-15,C1437,Webcam,1,2499.00
ORD005347,2025-04-18,C1839,USB Hub,5,899.00
ORD005348,2025-12-19,C1067,Monitor,4,12499.00
ORD005349,2025-08-19,C1721,Laptop Stand,5,1199.00
ORD005350,2025-01-08,C1657,Keyboard,3,1499.00
ORD005351,2025-11-26,C1610,Laptop Stand,1,1199.00
ORD005352,2025-10-02,C1467,USB-C Cable,5,299.50
ORD005353,2025-12-05,C1261,USB Hub,5,899.00
ORD005354,2025-11-15,C1581,Headphones,5,3299.00
ORD005355,2025-10-28,C1540,Headphones,5,3299.00
ORD005356,2025-12-20,C1613,USB-C Cable,1,299.50
ORD005357,2025-06-11,C1492,Webcam,5,2499.00
ORD005358,2025-09-03,C1107,USB-C Cable,3,299.50
ORD005359,2025-12-15,C1140,Power Bank,3,1799.00
ORD005360,2025-04-30,C1037,Headphones,1,3299.00
ORD005361,2025-07-15,C1727,USB Hub,3,899.00
ORD005362,2025-05-18,C1135,USB-C Cable,2,299.50
ORD005363,2025-11-29,C1231,USB Hub,5,899.00
ORD005364,2025-03-25,C1533,Power Bank,2,1799.00
ORD005365,2025-10-18,C1811,Laptop Stand,1,1199.00
ORD005366,2025-02-27,C1661,USB-C Cable,5,299.50
ORD005367,2025-01-16,C1401,Power Bank,2,1799.00
ORD005368,2025-03-30,C1529,Laptop Stand,5,1199.00
ORD005369,2025-12-31,C1591,Wireless Mouse,5,799.00
ORD005370,2025-03-27,C1149,Laptop Stand,1,1199.00
ORD005371,2025-03-01,C1015,Wireless Mouse,2,799.00
ORD005372,2025-03-31,C1910,Laptop Stand,1,1199.00
ORD005373,2025-02-02,C1708,Wireless Mouse,5,799.00
ORD005374,2025-08-25,C1444,Headphones,4,3299.00
ORD005375,2025-01-24,C1931,Keyboard,1,1499.00
ORD005376,2025-11-20,C1611,USB Hub,5,899.00
ORD005377,2025-07-17,C1124,Power Bank,1,1799.00
ORD005378,2025-02-12,C1837,USB Hub,3,899.00
ORD005379,2025-07-10,C1392,Laptop Stand,1,1199.00
ORD005380,2025-02-01,C1939,Webcam,2,2499.00
ORD005381,2025-05-29,C1950,USB Hub,3,899.00
ORD005382,2025-11-25,C1966,Laptop Stand,1,1199.00
ORD005383,2025-01-25,C1805,USB Hub,4,899.00
ORD005384,2025-08-04,C1801,Webcam,5,2499.00
ORD005385,2025-04-10,C1322,USB-C Cable,3,299.50
ORD005386,2025-10-29,C1323,Headphones,1,3299.00
ORD005387,2025-01-02,C1203,Wireless Mouse,1,799.00
ORD005388,2025-07-26,C1937,Power Bank,2,1799.00
ORD005389,2025-07-09,C1836,Wireless Mouse,3,799.00
ORD005390,2025-10-29,C1388,Monitor,4,12499.00
ORD005391,2025-06-19,C1020,Keyboard,1,1499.00
ORD005392,2025-08-10,C1995,Headphones,4,3299.00
ORD005393,2025-05-18,C1094,Headphones,1,3299.00
ORD005394,2025-11-28,C1402,Wireless Mouse,3,799.00
ORD005395,2025-02-14,C1725,Webcam,1,2499.00
ORD005396,2025-05-25,C1001,Laptop Stand,4,1199.00
ORD005397,2025-06-15,C1102,USB Hub,4,899.00
ORD005398,2025-11-13,C1480,Webcam,1,2499.00
ORD005399,2025-11-11,C1015,USB Hub,3,899.00
ORD005400,2025-04-10,C1440,USB Hub,4,899.00
ORD005401,2025-04-14,C1301,USB Hub,5,899.00
ORD005402,2025-07-13,C1547,USB-C Cable,5,299.50
ORD005403,2025-03-23,C1397,Headphones,5,3299.00
ORD005404,2025-01-08,C1540,Power Bank,2,1799.00
ORD005405,2025-08-10,C1571,USB Hub,5,899.00
ORD005406,2025-11-22,C1579,USB Hub,1,899.00
ORD005407,2025-09-28,C1698,Power Bank,4,1799.00
ORD005408,2025-07-06,C1031,Keyboard,3,1499.00
ORD005409,2025-04-03,C1371,Headphones,4,3299.00
ORD005410,2025-10-19,C1465,Keyboard,4,1499.00
ORD005411,2025-12-21,C1608,Wireless Mouse,2,799.00
ORD005412,2025-01-12,C1965,USB-C Cable,1,299.50
ORD005413,2025-08-09,C1902,USB-C Cable,3,299.50
ORD005414,2025-11-20,C1534,Power Bank,5,1799.00
ORD005415,2025-04-06,C1389,USB Hub,1,899.00
ORD005416,2025-02-10,C1566,Webcam,1,2499.00
ORD005417,2025-03-13,C1963,Monitor,1,12499.00
ORD005418,2025-07-04,C1343,Power Bank,5,1799.00
ORD005419,2025-03-02,C1471,Monitor,4,12499.00
ORD005420,2025-05-29,C1723,Power Bank,1,1799.00
ORD005421,2025-09-07,C1303,USB-C Cable,4,299.50
ORD005422,2025-02-08,C1098,USB-C Cable,5,299.50
ORD005423,2025-03-16,C1287,USB Hub,1,899.00
ORD005424,2025-03-12,C1446,Headphones,3,3299.00
ORD005425,2025-03-25,C1144,USB-C Cable,5,299.50
ORD005426,2025-06-21,C1524,Power Bank,5,1799.00
ORD005427,2025-08-19,C1054,Keyboard,3,1499.00
ORD005428,2025-05-17,C1938,Monitor,2,12499.00
ORD005429,2025-10-11,C1354,Keyboard,3,1499.00
ORD005430,2025-09-06,C1853,Monitor,1,12499.00
ORD005431,2025-08-11,C1798,Monitor,5,12499.00
ORD005432,2025-01-02,C1865,USB-C Cable,5,299.50
ORD005433,2025-03-06,C1864,USB-C Cable,3,299.50
ORD005434,2025-01-01,C1727,Power Bank,5,1799.00
ORD005435,2025-01-26,C1064,Wireless Mouse,4,799.00
ORD005436,2025-12-27,C1920,Laptop Stand,3,1199.00
ORD005437,2025-05-21,C1973,Headphones,1,3299.00
ORD005438,2025-03-29,C1216,Power Bank,2,1799.00
ORD005439,2025-08-29,C1181,Webcam,5,2499.00
ORD005440,2025-10-14,C1625,USB-C Cable,3,299.50
ORD005441,2025-01-03,C1059,Webcam,1,2499.00
ORD005442,2025-09-24,C1667,Power Bank,5,1799.00
ORD005443,2025-03-24,C1705,USB-C Cable,3,299.50
ORD005444,2025-05-04,C1092,Power Bank,2,1799.00
ORD005445,2025-02-07,C1398,Headphones,5,3299.00
ORD005446,2025-01-04,C1493,Monitor,1,12499.00
ORD005447,2025-06-29,C1965,Wireless Mouse,5,799.00
ORD005448,2025-02-16,C1118,Wireless Mouse,5,799.00
ORD005449,2025-01-01,C1625,Monitor,2,12499.00
ORD005450,2025-02-25,C1835,Power Bank,1,1799.00
ORD005451,2025-04-06,C1437,Monitor,1,12499.00
ORD005452,2025-07-05,C1232,Wireless Mouse,4,799.00
ORD005453,2025-10-19,C1139,Wireless Mouse,2,799.00
ORD005454,2025-01-17,C1473,Wireless Mouse,1,799.00
ORD005455,2025-10-31,C1321,Headphones,1,3299.00
ORD005456,2025-09-05,C1262,Wireless Mouse,1,799.00
ORD005457,2025-10-21,C1804,USB Hub,3,899.00
ORD005458,2025-12-31,C1335,USB Hub,3,899.00
ORD005459,2025-11-27,C1144,Laptop Stand,5,1199.00
ORD005460,2025-08-28,C1423,USB Hub,5,899.00
ORD005461,2025-10-21,C1218,USB Hub,4,899.00
ORD005462,2025-03-09,C1609,Monitor,3,12499.00
ORD005463,2025-08-30,C1784,Webcam,1,2499.00
ORD005464,2025-02-15,C1982,Headphones,5,3299.00
ORD005465,2025-03-14,C1485,USB Hub,2,899.00
ORD005466,2025-10-03,C1084,Webcam,2,2499.00
ORD005467,2025-01-19,C1264,Keyboard,3,1499.00
ORD005468,2025-03-20,C1360,Wireless Mouse,5,799.00
ORD005469,2025-04-24,C1701,Headphones,2,3299.00
ORD005470,2025-08-28,C1913,Keyboard,3,1499.00
ORD005471,2025-07-04,C1448,Laptop Stand,3,1199.00
ORD005472,2025-05-04,C1345,USB Hub,2,899.00
ORD005473,2025-09-29,C1061,Headphones,4,3299.00
ORD005474,2025-10-07,C1445,Webcam,1,2499.00
ORD005475,2025-08-18,C1198,Headphones,5,3299.00
ORD005476,2025-04-23,C1734,USB Hub,3,899.00
ORD005477,2025-10-05,C1515,Webcam,2,2499.00
ORD005478,2025-06-05,C1990,USB Hub,2,899.00
ORD005479,2025-04-27,C1391,Monitor,3,12499.00
ORD005480,2025-03-12,C1553,Headphones,1,3299.00
ORD005481,2025-06-21,C1054,Monitor,4,12499.00
ORD005482,2025-05-22,C1721,Power Bank,1,1799.00
ORD005483,2025-07-04,C1459,Headphones,5,3299.00
ORD005484,2025-06-30,C1081,Monitor,3,12499.00
ORD005485,2025-03-23,C1210,Headphones,5,3299.00
ORD005486,2025-01-05,C1608,USB-C Cable,1,299.50
ORD005487,2025-06-20,C1923,USB Hub,3,899.00
ORD005488,2025-01-22,C1505,Keyboard,3,1499.00
ORD005489,2025-12-08,C1614,Wireless Mouse,1,799.00
ORD005490,2025-02-21,C1973,Laptop Stand,1,1199.00
ORD005491,2025-08-25,C1797,Keyboard,5,1499.00
ORD005492,2025-02-18,C1615,Headphones,1,3299.00
ORD005493,2025-06-18,C1824,USB-C Cable,3,299.50
ORD005494,2025-12-16,C1398,Power Bank,1,1799.00
ORD005495,2025-03-28,C1649,USB-C Cable,1,299.50
ORD005496,2025-11-14,C1379,Headphones,2,3299.00
ORD005497,2025-05-18,C1715,Monitor,1,12499.00
ORD005498,2025-01-01,C1914,USB-C Cable,1,299.50
ORD005499,2025-04-04,C1448,USB-C Cable,3,299.50
ORD005500,2025-01-31,C1010,Monitor,2,12499.00
ORD005501,2025-12-25,C1941,Headphones,1,3299.00
ORD005502,2025-06-13,C1113,Keyboard,3,1499.00
ORD005503,2025-04-04,C1928,Laptop Stand,3,1199.00
ORD005504,2025-08-14,C1648,Webcam,5,2499.00
ORD005505,2025-01-17,C1448,Monitor,3,12499.00
ORD005506,2025-09-10,C1102,Wireless Mouse,4,799.00
ORD005507,2025-03-08,C1474,Laptop Stand,5,1199.00
ORD005508,2025-01-26,C1953,USB Hub,3,899.00
ORD005509,2025-11-26,C1028,Monitor,2,12499.00
ORD005510,2025-01-25,C1009,Keyboard,4,1499.00
ORD005511,2025-12-13,C1636,Webcam,2,2499.00
ORD005512,2025-01-07,C1208,Webcam,5,2499.00
ORD005513,2025-01-02,C1284,Keyboard,3,1499.00
ORD005514,2025-01-17,C1899,USB-C Cable,2,299.50
ORD005515,2025-01-24,C1518,Headphones,5,3299.00
ORD005516,2025-02-02,C1073,Webcam,5,2499.00
ORD005517,2025-11-17,C1628,Webcam,1,2499.00
ORD005518,2025-12-01,C1344,Laptop Stand,5,1199.00
ORD005519,2025-10-07,C1367,USB-C Cable,3,299.50
ORD005520,2025-07-11,C1702,Laptop Stand,5,1199.00
ORD005521,2025-03-17,C1046,Monitor,3,12499.00
ORD005522,2025-02-06,C1034,Headphones,1,3299.00
ORD005523,2025-09-07,C1583,Headphones,5,3299.00
ORD005524,2025-11-26,C1019,Wireless Mouse,4,799.00
ORD005525,2025-10-08,C1060,Headphones,1,3299.00
ORD005526,2025-07-18,C1734,USB Hub,4,899.00
ORD005527,2025-05-15,C1045,Power Bank,2,1799.00
ORD005528,2025-09-14,C1273,Power Bank,2,1799.00
ORD005529,2025-12-06,C1198,Laptop Stand,5,1199.00
ORD005530,2025-06-07,C1594,Webcam,3,2499.00
ORD005531,2025-01-11,C1002,Laptop Stand,4,1199.00
ORD005532,2025-08-23,C1386,Power Bank,2,1799.00
ORD005533,2025-06-17,C1008,Monitor,2,12499.00
ORD005534,2025-11-21,C1356,USB-C Cable,1,299.50
ORD005535,2025-09-10,C1217,Keyboard,4,1499.00
ORD005536,2025-05-11,C1133,Monitor,4,12499.00
ORD005537,2025-05-27,C1108,USB-C Cable,4,299.50
ORD005538,2025-05-11,C1188,USB Hub,5,899.00
ORD005539,2025-11-18,C1191,Wireless Mouse,5,799.00
ORD005540,2025-04-23,C1808,USB-C Cable,2,299.50
ORD005541,2025-06-19,C1876,Webcam,1,2499.00
ORD005542,2025-01-08,C1754,Keyboard,1,1499.00
ORD005543,2025-11-26,C1916,Wireless Mouse,4,799.00
ORD005544,2025-07-02,C1250,Wireless Mouse,1,799.00
ORD005545,2025-10-12,C1935,USB Hub,4,899.00
ORD005546,2025-05-10,C1248,USB Hub,1,899.00
ORD005547,2025-03-01,C1090,USB-C Cable,4,299.50
ORD005548,2025-08-16,C1225,Headphones,2,3299.00
ORD005549,2025-05-25,C1917,Wireless Mouse,3,799.00
ORD005550,2025-06-21,C1772,Power Bank,5,1799.00
ORD005551,2025-10-06,C1461,USB Hub,3,899.00
ORD005552,2025-02-14,C1175,USB-C Cable,5,299.50
ORD005553,2025-06-09,C1171,Headphones,4,3299.00
ORD005554,2025-04-29,C1976,Wireless Mouse,2,799.00
ORD005555,2025-12-10,C1823,Headphones,2,3299.00
ORD005556,2025-12-22,C1144,Wireless Mouse,4,799.00
ORD005557,2025-07-01,C1533,Monitor,2,12499.00
ORD005558,2025-05-11,C1473,Keyboard,4,1499.00
ORD005559,2025-12-22,C1610,Wireless Mouse,2,799.00
ORD005560,2025-08-16,C1117,Wireless Mouse,1,799.00
ORD005561,2025-03-24,C1231,Monitor,5,12499.00
ORD005562,2025-04-03,C1193,Wireless Mouse,4,799.00
ORD005563,2025-02-20,C1662,USB-C Cable,5,299.50
ORD005564,2025-02-04,C1361,USB-C Cable,5,299.50
ORD005565,2025-09-25,C1586,Keyboard,4,1499.00
ORD005566,2025-12-18,C1374,Wireless Mouse,5,799.00
ORD005567,2025-08-11,C1108,Keyboard,1,1499.00
ORD005568,2025-08-12,C1216,USB Hub,5,899.00
ORD005569,2025-06-20,C1563,Monitor,5,12499.00
ORD005570,2025-10-29,C1901,Keyboard,3,1499.00
ORD005571,2025-12-20,C1996,Power Bank,4,1799.00
ORD005572,2025-12-27,C1707,USB-C Cable,1,299.50
ORD005573,2025-10-12,C1529,Headphones,1,3299.00
ORD005574,2025-06-23,C1939,Wireless Mouse,2,799.00
ORD005575,2025-10-01,C1783,Power Bank,5,1799.00
ORD005576,2025-02-04,C1560,Laptop Stand,4,1199.00
ORD005577,2025-09-18,C1930,USB-C Cable,5,299.50
ORD005578,2025-03-30,C1822,Power Bank,5,1799.00
ORD005579,2025-06-19,C1984,Webcam,3,2499.00
ORD005580,2025-12-03,C1098,Wireless Mouse,5,799.00
ORD005581,2025-03-28,C1739,USB-C Cable,4,299.50
ORD005582,2025-01-01,C1055,USB-C Cable,2,299.50
ORD005583,2025-04-20,C1629,USB Hub,3,899.00
ORD005584,2025-03-07,C1640,USB Hub,2,899.00
ORD005585,2025-12-06,C1968,USB-C Cable,2,299.50
ORD005586,2025-05-10,C1090,Wireless Mouse,3,799.00
ORD005587,2025-09-07,C1285,Webcam,2,2499.00
ORD005588,2025-09-26,C1765,USB-C Cable,1,299.50
ORD005589,2025-08-04,C1997,Keyboard,3,1499.00
ORD005590,2025-12-25,C1010,Laptop Stand,2,1199.00
ORD005591,2025-03-07,C1036,Wireless Mouse,2,799.00
ORD005592,2025-05-22,C1959,Wireless Mouse,2,799.00
ORD005593,2025-03-09,C1133,Laptop Stand,4,1199.00
ORD005594,2025-07-03,C1870,Power Bank,2,1799.00
ORD005595,2025-05-05,C1381,Keyboard,2,1499.00
ORD005596,2025-03-08,C1515,Wireless Mouse,1,799.00
ORD005597,2025-06-21,C1907,Headphones,1,3299.00
ORD005598,2025-05-10,C1405,Headphones,2,3299.00
ORD005599,2025-12-16,C1844,Wireless Mouse,1,799.00
ORD005600,2025-11-01,C1236,Monitor,4,12499.00
ORD005601,2025-08-24,C1364,Power Bank,4,1799.00
ORD005602,2025-11-09,C1550,Keyboard,2,1499.00
ORD005603,2025-02-06,C1700,USB-C Cable,1,299.50
ORD005604,2025-11-03,C1091,USB-C Cable,4,299.50
ORD005605,2025-08-29,C1305,Keyboard,4,1499.00
ORD005606,2025-03-23,C1596,Wireless Mouse,5,799.00
ORD005607,2025-03-03,C1966,Laptop Stand,1,1199.00
ORD005608,2025-05-07,C1862,Webcam,5,2499.00
ORD005609,2025-02-04,C1634,Webcam,4,2499.00
ORD005610,2025-03-25,C1154,Headphones,5,3299.00
ORD005611,2025-04-14,C1961,Keyboard,1,1499.00
ORD005612,2025-09-07,C1014,Headphones,5,3299.00
ORD005613,2025-07-07,C1415,Wireless Mouse,5,799.00
ORD005614,2025-08-02,C1861,Monitor,4,12499.00
ORD005615,2025-01-21,C1392,Power Bank,2,1799.00
ORD005616,2025-03-20,C1086,Headphones,5,3299.00
ORD005617,2025-07-21,C1370,USB Hub,3,899.00
ORD005618,2025-06-05,C1595,Wireless Mouse,3,799.00
ORD005619,2025-06-03,C1671,Webcam,1,2499.00
ORD005620,2025-08-09,C1400,Power Bank,2,1799.00
ORD005621,2025-11-06,C1788,Webcam,2,2499.00
ORD005622,2025-10-18,C1426,Laptop Stand,3,1199.00
ORD005623,2025-06-04,C1662,Wireless Mouse,5,799.00
ORD005624,2025-03-27,C1464,Headphones,2,3299.00
ORD005625,2025-03-28,C1394,USB-C Cable,2,299.50
ORD005626,2025-03-02,C1090,Headphones,3,3299.00
ORD005627,2025-05-11,C1221,USB-C Cable,4,299.50
ORD005628,2025-06-25,C1963,USB-C Cable,5,299.50
ORD005629,2025-05-17,C1689,Monitor,2,12499.00
ORD005630,2025-12-14,C1527,Keyboard,5,1499.00
ORD005631,2025-10-01,C1752,Wireless Mouse,4,799.00
ORD005632,2025-11-15,C1952,Keyboard,4,1499.00
ORD005633,2025-11-24,C1245,USB-C Cable,3,299.50
ORD005634,2025-12-03,C1615,Keyboard,5,1499.00
ORD005635,2025-05-15,C1225,Headphones,2,3299.00
ORD005636,2025-06-23,C1824,USB Hub,2,899.00
ORD005637,2025-05-25,C1969,USB-C Cable,4,299.50
ORD005638,2025-07-07,C1682,USB-C Cable,1,299.50
ORD005639,2025-09-30,C1241,Monitor,2,12499.00
ORD005640,2025-05-14,C1972,Laptop Stand,2,1199.00
ORD005641,2025-12-20,C1246,Wireless Mouse,1,799.00
ORD005642,2025-12-28,C1854,Keyboard,3,1499.00
ORD005643,2025-09-13,C1415,USB Hub,1,899.00
ORD005644,2025-05-17,C1378,Monitor,4,12499.00
ORD005645,2025-12-20,C1577,Headphones,3,3299.00
ORD005646,2025-06-19,C1815,Power Bank,4,1799.00
ORD005647,2025-10-28,C1729,Headphones,3,3299.00
ORD005648,2025-04-13,C1369,Monitor,2,12499.00
ORD005649,2025-07-09,C1577,Headphones,4,3299.00
ORD005650,2025-07-21,C1395,Webcam,5,2499.00
ORD005651,2025-07-15,C1985,USB Hub,1,899.00
ORD005652,2025-04-17,C1927,Headphones,3,3299.00
ORD005653,2025-02-10,C1181,USB-C Cable,3,299.50
ORD005654,2025-07-09,C1022,Webcam,5,2499.00
ORD005655,2025-10-21,C1340,Wireless Mouse,5,799.00
ORD005656,2025-09-18,C1089,Webcam,3,2499.00
ORD005657,2025-07-24,C1610,USB-C Cable,2,299.50
ORD005658,2025-07-10,C1589,Monitor,4,12499.00
ORD005659,2025-06-04,C1864,Headphones,4,3299.00
ORD005660,2025-02-27,C1873,USB-C Cable,2,299.50
ORD005661,2025-08-21,C1890,Wireless Mouse,3,799.00
ORD005662,2025-05-03,C1376,USB-C Cable,5,299.50
ORD005663,2025-05-17,C1185,Keyboard,4,1499.00
ORD005664,2025-05-27,C1053,Keyboard,3,1499.00
ORD005665,2025-10-26,C1200,USB Hub,2,899.00
ORD005666,2025-08-01,C1836,USB-C Cable,1,299.50
ORD005667,2025-06-12,C1907,Webcam,3,2499.00
ORD005668,2025-01-29,C1463,Laptop Stand,5,1199.00
ORD005669,2025-04-23,C1673,Headphones,4,3299.00
ORD005670,2025-02-23,C1984,Laptop Stand,1,1199.00
ORD005671,2025-10-01,C1661,Wireless Mouse,1,799.00
ORD005672,2025-09-29,C1841,Power Bank,3,1799.00
ORD005673,2025-03-14,C1954,USB-C Cable,1,299.50
ORD005674,2025-07-08,C1747,Keyboard,5,1499.00
ORD005675,2025-02-17,C1938,Power Bank,5,1799.00
ORD005676,2025-06-12,C1160,Webcam,2,2499.00
ORD005677,2025-12-03,C1286,Monitor,2,12499.00
ORD005678,2025-09-16,C1816,Headphones,4,3299.00
ORD005679,2025-05-17,C1864,Webcam,4,2499.00
ORD005680,2025-02-27,C1509,Wireless Mouse,2,799.00
ORD005681,2025-11-28,C1956,USB-C Cable,1,299.50
ORD005682,2025-07-30,C1815,USB Hub,3,899.00
ORD005683,2025-04-24,C1926,USB-C Cable,4,299.50
ORD005684,2025-08-20,C1135,Power Bank,5,1799.00
ORD005685,2025-07-24,C1698,Headphones,3,3299.00
ORD005686,2025-04-07,C1199,Headphones,4,3299.00
ORD005687,2025-02-27,C1285,Wireless Mouse,1,799.00
ORD005688,2025-11-19,C1717,Wireless Mouse,3,799.00
ORD005689,2025-08-13,C1954,USB-C Cable,5,299.50
ORD005690,2025-01-13,C1949,Keyboard,3,1499.00
ORD005691,2025-11-29,C1531,Monitor,1,12499.00
ORD005692,2025-01-13,C1942,Wireless Mouse,2,799.00
ORD005693,2025-12-16,C1182,Power Bank,2,1799.00
ORD005694,2025-06-08,C1190,Keyboard,3,1499.00
ORD005695,2025-12-06,C1867,Power Bank,2,1799.00
ORD005696,2025-08-06,C1027,Keyboard,5,1499.00
ORD005697,2025-04-27,C1990,Webcam,5,2499.00
ORD005698,2025-04-22,C1781,Keyboard,4,1499.00
ORD005699,2025-11-18,C1710,USB Hub,1,899.00
ORD005700,2025-03-26,C1930,Power Bank,1,1799.00
ORD005701,2025-03-04,C1202,Laptop Stand,4,1199.00
ORD005702,2025-06-29,C1726,Monitor,2,12499.00
ORD005703,2025-07-20,C1180,USB Hub,1,899.00
ORD005704,2025-10-22,C1743,USB-C Cable,4,299.50
ORD005705,2025-06-26,C1130,Laptop Stand,3,1199.00
ORD005706,2025-12-04,C1699,Monitor,2,12499.00
ORD005707,2025-03-17,C1173,Laptop Stand,2,1199.00
ORD005708,2025-04-27,C1716,Power Bank,5,1799.00
ORD005709,2025-09-25,C1617,Laptop Stand,5,1199.00
ORD005710,2025-01-01,C1294,USB-C Cable,3,299.50
ORD005711,2025-12-20,C1710,Power Bank,2,1799.00
ORD005712,2025-04-26,C1132,Monitor,2,12499.00
ORD005713,2025-08-07,C1089,Headphones,5,3299.00
ORD005714,2025-01-18,C1480,Monitor,4,12499.00
ORD005715,2025-01-26,C1564,Keyboard,4,1499.00
ORD005716,2025-09-19,C1191,Wireless Mouse,4,799.00
ORD005717,2025-03-03,C1782,Power Bank,5,1799.00
ORD005718,2025-04-13,C1390,USB-C Cable,1,299.50
ORD005719,2025-01-08,C1503,Keyboard,1,1499.00
ORD005720,2025-07-22,C1102,USB-C Cable,3,299.50
ORD005721,2025-04-24,C1914,USB Hub,5,899.00
ORD005722,2025-11-20,C1984,USB Hub,2,899.00
ORD005723,2025-09-10,C1682,Keyboard,4,1499.00
ORD005724,2025-10-01,C1880,Webcam,3,2499.00
ORD005725,2025-09-02,C1205,Headphones,3,3299.00
ORD005726,2025-05-15,C1134,Power Bank,2,1799.00
ORD005727,2025-04-21,C1707,Laptop Stand,2,1199.00
ORD005728,2025-03-24,C1941,USB-C Cable,5,299.50
ORD005729,2025-11-21,C1108,Wireless Mouse,5,799.00
ORD005730,2025-05-10,C1157,Webcam,3,2499.00
ORD005731,2025-12-10,C1878,USB Hub,5,899.00
ORD005732,2025-12-07,C1701,USB-C Cable,2,299.50
ORD005733,2025-07-01,C1414,USB-C Cable,1,299.50
ORD005734,2025-04-04,C1840,Headphones,5,3299.00
ORD005735,2025-04-19,C1380,Monitor,1,12499.00
ORD005736,2025-05-05,C1853,Headphones,4,3299.00
ORD005737,2025-02-04,C1875,Laptop Stand,1,1199.00
ORD005738,2025-01-29,C1278,USB Hub,4,899.00
ORD005739,2025-05-22,C1107,Power Bank,2,1799.00
ORD005740,2025-09-06,C1685,Wireless Mouse,3,799.00
ORD005741,2025-10-14,C1972,Laptop Stand,3,1199.00
ORD005742,2025-12-01,C1575,Keyboard,3,1499.00
ORD005743,2025-01-07,C1909,USB-C Cable,1,299.50
ORD005744,2025-07-17,C1178,Laptop Stand,4,1199.00
ORD005745,2025-09-18,C1803,Wireless Mouse,3,799.00
ORD005746,2025-04-28,C1584,Headphones,4,3299.00
ORD005747,2025-07-17,C1064,Monitor,3,12499.00
ORD005748,2025-09-01,C1046,Webcam,3,2499.00
ORD005749,2025-05-09,C1582,Monitor,1,12499.00
ORD005750,2025-11-17,C1675,USB-C Cable,1,299.50
ORD005751,2025-02-14,C1438,Monitor,3,12499.00
ORD005752,2025-02-09,C1579,Keyboard,3,1499.00
ORD005753,2025-08-08,C1278,Monitor,1,12499.00
ORD005754,2025-10-23,C1738,Keyboard,4,1499.00
ORD005755,2025-10-30,C1328,Laptop Stand,4,1199.00
ORD005756,2025-09-12,C1366,USB Hub,2,899.00
ORD005757,2025-09-02,C1822,Wireless Mouse,1,799.00
ORD005758,2025-01-10,C1259,USB-C Cable,2,299.50
ORD005759,2025-03-23,C1682,Headphones,1,3299.00
ORD005760,2025-11-15,C1887,Keyboard,4,1499.00
ORD005761,2025-03-11,C1746,Keyboard,1,1499.00
ORD005762,2025-06-07,C1075,USB-C Cable,2,299.50
ORD005763,2025-08-09,C1927,Laptop Stand,5,1199.00
ORD005764,2025-08-25,C1544,Headphones,5,3299.00
ORD005765,2025-07-27,C1037,Power Bank,5,1799.00
ORD005766,2025-08-31,C1220,USB Hub,1,899.00
ORD005767,2025-08-07,C1502,USB-C Cable,4,299.50
ORD005768,2025-02-10,C1817,Laptop Stand,5,1199.00
ORD005769,2025-03-09,C1448,USB-C Cable,4,299.50
ORD005770,2025-08-24,C1982,Wireless Mouse,3,799.00
ORD005771,2025-10-01,C1636,USB Hub,4,899.00
ORD005772,2025-08-04,C1360,USB Hub,2,899.00
ORD005773,2025-11-20,C1701,Laptop Stand,5,1199.00
ORD005774,2025-04-14,C1118,Webcam,5,2499.00
ORD005775,2025-11-19,C1788,Keyboard,4,1499.00
ORD005776,2025-06-08,C1192,Monitor,1,12499.00
ORD005777,2025-12-11,C1742,USB Hub,5,899.00
ORD005778,2025-04-04,C1238,Monitor,1,12499.00
ORD005779,2025-01-24,C1162,USB-C Cable,1,299.50
ORD005780,2025-06-30,C1862,Keyboard,1,1499.00
ORD005781,2025-09-06,C1826,Monitor,4,12499.00
ORD005782,2025-05-25,C1576,Webcam,4,2499.00
ORD005783,2025-09-03,C1007,Webcam,1,2499.00
ORD005784,2025-03-13,C1430,Wireless Mouse,5,799.00
ORD005785,2025-07-22,C1313,Power Bank,3,1799.00
ORD005786,2025-12-07,C1780,USB Hub,4,899.00
ORD005787,2025-07-25,C1304,Power Bank,5,1799.00
ORD005788,2025-10-31,C1460,Power Bank,3,1799.00
ORD005789,2025-08-03,C1835,Keyboard,2,1499.00
ORD005790,2025-06-27,C1436,Headphones,1,3299.00
ORD005791,2025-06-19,C1033,Webcam,1,2499.00
ORD005792,2025-05-06,C1361,Headphones,3,3299.00
ORD005793,2025-08-29,C1203,Laptop Stand,1,1199.00
ORD005794,2025-05-20,C1578,Headphones,4,3299.00
ORD005795,2025-08-26,C1451,USB-C Cable,1,299.50
ORD005796,2025-11-22,C1579,Keyboard,3,1499.00
ORD005797,2025-10-19,C1712,USB-C Cable,4,299.50
ORD005798,2025-06-14,C1210,Laptop Stand,1,1199.00
ORD005799,2025-10-31,C1477,Monitor,1,12499.00
ORD005800,2025-07-08,C1358,USB-C Cable,1,299.50
ORD005801,2025-09-28,C1164,USB-C Cable,4,299.50
ORD005802,2025-12-12,C1211,Headphones,4,3299.00
ORD005803,2025-05-01,C1080,Webcam,3,2499.00
ORD005804,2025-09-26,C1635,Webcam,5,2499.00
ORD005805,2025-11-10,C1402,Monitor,3,12499.00
ORD005806,2025-07-31,C1673,Webcam,4,2499.00
ORD005807,2025-06-02,C1995,Laptop Stand,3,1199.00
ORD005808,2025-05-30,C1763,Webcam,2,2499.00
ORD005809,2025-12-30,C1263,Webcam,1,2499.00
ORD005810,2025-11-10,C1124,Webcam,4,2499.00
ORD005811,2025-11-08,C1248,Laptop Stand,3,1199.00
ORD005812,2025-10-24,C1461,Webcam,3,2499.00
ORD005813,2025-10-22,C1902,Laptop Stand,3,1199.00
ORD005814,2025-05-16,C1017,Headphones,5,3299.00
ORD005815,2025-03-29,C1149,USB Hub,2,899.00
ORD005816,2025-10-31,C1336,Wireless Mouse,5,799.00
ORD005817,2025-03-07,C1619,Headphones,4,3299.00
ORD005818,2025-10-22,C1685,Laptop Stand,5,1199.00
ORD005819,2025-10-26,C1878,USB Hub,3,899.00
ORD005820,2025-05-08,C1161,Keyboard,1,1499.00
ORD005821,2025-10-20,C1456,Wireless Mouse,2,799.00
ORD005822,2025-12-20,C1177,Wireless Mouse,1,799.00
ORD005823,2025-01-23,C1490,Power Bank,3,1799.00
ORD005824,2025-09-23,C1356,Webcam,2,2499.00
ORD005825,2025-11-19,C1726,Webcam,4,2499.00
ORD005826,2025-06-22,C1483,Monitor,5,12499.00
ORD005827,2025-03-06,C1038,USB-C Cable,2,299.50
ORD005828,2025-01-22,C1309,Wireless Mouse,3,799.00
ORD005829,2025-06-05,C1390,Headphones,1,3299.00
ORD005830,2025-11-09,C1228,USB-C Cable,5,299.50
ORD005831,2025-01-15,C1144,Wireless Mouse,3,799.00
ORD005832,2025-03-11,C1797,Keyboard,1,1499.00
ORD005833,2025-08-25,C1341,Laptop Stand,4,1199.00
ORD005834,2025-09-28,C1723,Monitor,5,12499.00
ORD005835,2025-04-08,C1338,Headphones,5,3299.00
ORD005836,2025-11-18,C1693,Monitor,4,12499.00
ORD005837,2025-10-12,C1962,Wireless Mouse,4,799.00
ORD005838,2025-10-21,C1624,Keyboard,2,1499.00
ORD005839,2025-05-14,C1722,Keyboard,3,1499.00
ORD005840,2025-06-02,C1193,USB Hub,3,899.00
ORD005841,2025-07-23,C1397,Monitor,2,12499.00
ORD005842,2025-02-07,C1228,Keyboard,5,1499.00
ORD005843,2025-07-09,C1049,USB Hub,2,899.00
ORD005844,2025-04-04,C1195,Webcam,4,2499.00
ORD005845,2025-12-10,C1758,USB-C Cable,2,299.50
ORD005846,2025-05-08,C1199,Wireless Mouse,3,799.00
ORD005847,2025-05-30,C1187,Power Bank,3,1799.00
ORD005848,2025-04-17,C1671,Headphones,1,3299.00
ORD005849,2025-06-04,C1237,Wireless Mouse,4,799.00
ORD005850,2025-09-16,C1759,Headphones,4,3299.00
ORD005851,2025-01-15,C1033,USB Hub,5,899.00
ORD005852,2025-12-30,C1724,Monitor,2,12499.00
ORD005853,2025-07-15,C1771,Webcam,5,2499.00
ORD005854,2025-03-20,C1907,Wireless Mouse,1,799.00
ORD005855,2025-08-13,C1910,Power Bank,3,1799.00
ORD005856,2025-08-27,C1269,Keyboard,2,1499.00
ORD005857,2025-06-04,C1212,Wireless Mouse,3,799.00
ORD005858,2025-03-21,C1233,Wireless Mouse,5,799.00
ORD005859,2025-01-25,C1167,Monitor,2,12499.00
ORD005860,2025-11-09,C1966,USB Hub,3,899.00
ORD005861,2025-07-20,C1346,Headphones,2,3299.00
ORD005862,2025-06-22,C1747,Power Bank,2,1799.00
ORD005863,2025-04-13,C1136,Laptop Stand,5,1199.00
ORD005864,2025-11-16,C1812,USB-C Cable,2,299.50
ORD005865,2025-03-11,C1016,Wireless Mouse,2,799.00
ORD005866,2025-07-25,C1587,Monitor,1,12499.00
ORD005867,2025-04-15,C1898,Laptop Stand,1,1199.00
ORD005868,2025-01-12,C1224,Laptop Stand,2,1199.00
ORD005869,2025-07-29,C1479,Webcam,4,2499.00
ORD005870,2025-12-21,C1125,Keyboard,4,1499.00
ORD005871,2025-07-06,C1955,Power Bank,1,1799.00
ORD005872,2025-08-07,C1145,Power Bank,4,1799.00
ORD005873,2025-06-11,C1255,Monitor,1,12499.00
ORD005874,2025-05-23,C1657,USB-C Cable,3,299.50
ORD005875,2025-01-29,C1080,Laptop Stand,2,1199.00
ORD005876,2025-10-25,C1569,Laptop Stand,3,1199.00
ORD005877,2025-03-29,C1240,Power Bank,1,1799.00
ORD005878,2025-05-19,C1733,Laptop Stand,2,1199.00
ORD005879,2025-03-07,C1553,Wireless Mouse,3,799.00
ORD005880,2025-02-04,C1969,Power Bank,5,1799.00
ORD005881,2025-02-16,C1465,Wireless Mouse,2,799.00
ORD005882,2025-12-05,C1816,USB-C Cable,2,299.50
ORD005883,2025-01-27,C1902,Webcam,3,2499.00
ORD005884,2025-08-13,C1833,Wireless Mouse,4,799.00
ORD005885,2025-12-05,C1904,Webcam,5,2499.00
ORD005886,2025-02-22,C1851,Power Bank,4,1799.00
ORD005887,2025-06-14,C1844,Power Bank,3,1799.00
ORD005888,2025-02-24,C1637,Headphones,5,3299.00
ORD005889,2025-05-16,C1051,USB-C Cable,4,299.50
ORD005890,2025-11-24,C1554,Monitor,2,12499.00
ORD005891,2025-08-14,C1157,USB Hub,4,899.00
ORD005892,2025-06-23,C1517,USB-C Cable,1,299.50
ORD005893,2025-03-21,C1324,USB-C Cable,5,299.50
ORD005894,2025-10-27,C1800,Wireless Mouse,3,799.00
ORD005895,2025-07-21,C1776,Headphones,5,3299.00
ORD005896,2025-12-31,C1260,Webcam,5,2499.00
ORD005897,2025-05-07,C1497,USB-C Cable,2,299.50
ORD005898,2025-08-20,C1587,Laptop Stand,1,1199.00
ORD005899,2025-02-21,C1133,USB-C Cable,1,299.50
ORD005900,2025-01-25,C1122,Keyboard,5,1499.00
ORD005901,2025-09-20,C1042,Power Bank,2,1799.00
ORD005902,2025-12-19,C1566,Monitor,4,12499.00
ORD005903,2025-12-09,C1938,Wireless Mouse,1,799.00
ORD005904,2025-01-26,C1883,Power Bank,4,1799.00
ORD005905,2025-12-22,C1036,Webcam,2,2499.00
ORD005906,2025-06-30,C1106,USB-C Cable,5,299.50
ORD005907,2025-12-22,C1363,Webcam,2,2499.00
ORD005908,2025-02-26,C1505,Monitor,1,12499.00
ORD005909,2025-03-31,C1145,USB-C Cable,4,299.50
ORD005910,2025-05-11,C1255,Headphones,2,3299.00
ORD005911,2025-08-21,C1186,USB Hub,2,899.00
ORD005912,2025-07-04,C1877,Wireless Mouse,3,799.00
ORD005913,2025-03-15,C1115,USB-C Cable,4,299.50
ORD005914,2025-07-12,C1695,USB-C Cable,3,299.50
ORD005915,2025-10-30,C1900,Webcam,4,2499.00
ORD005916,2025-04-10,C1757,Laptop Stand,1,1199.00
ORD005917,2025-04-11,C1207,USB Hub,3,899.00
ORD005918,2025-06-04,C1453,Webcam,1,2499.00
ORD005919,2025-09-15,C1860,Webcam,5,2499.00
ORD005920,2025-09-18,C1613,Power Bank,5,1799.00
ORD005921,2025-01-07,C1277,Monitor,4,12499.00
ORD005922,2025-03-27,C1010,Wireless Mouse,3,799.00
ORD005923,2025-09-17,C1700,Headphones,3,3299.00
ORD005924,2025-11-10,C1784,Keyboard,3,1499.00
ORD005925,2025-12-16,C1458,Laptop Stand,4,1199.00
ORD005926,2025-11-16,C1718,Webcam,2,2499.00
ORD005927,2025-08-07,C1649,Headphones,2,3299.00
ORD005928,2025-11-03,C1758,USB-C Cable,3,299.50
ORD005929,2025-04-30,C1274,Headphones,2,3299.00
ORD005930,2025-09-12,C1485,Power Bank,3,1799.00
ORD005931,2025-03-23,C1933,USB-C Cable,3,299.50
ORD005932,2025-01-09,C1428,USB-C Cable,1,299.50
ORD005933,2025-06-28,C1555,Headphones,1,3299.00
ORD005934,2025-11-06,C1137,USB-C Cable,1,299.50
ORD005935,2025-10-21,C1742,Monitor,2,12499.00
ORD005936,2025-10-31,C1292,USB-C Cable,1,299.50
ORD005937,2025-06-15,C1946,Keyboard,4,1499.00
ORD005938,2025-01-22,C1155,Laptop Stand,5,1199.00
ORD005939,2025-06-11,C1775,Monitor,5,12499.00
ORD005940,2025-04-30,C1446,Headphones,2,3299.00
ORD005941,2025-12-09,C1737,Power Bank,2,1799.00
ORD005942,2025-03-30,C1846,Headphones,5,3299.00
ORD005943,2025-12-07,C1782,Webcam,2,2499.00
ORD005944,2025-08-09,C1386,Wireless Mouse,1,799.00
ORD005945,2025-12-06,C1265,Monitor,5,12499.00
ORD005946,2025-01-14,C1661,USB Hub,5,899.00
ORD005947,2025-02-19,C1199,Monitor,2,12499.00
ORD005948,2025-04-25,C1670,Keyboard,5,1499.00
ORD005949,2025-01-23,C1279,Wireless Mouse,5,799.00
ORD005950,2025-04-25,C1721,USB Hub,2,899.00
ORD005951,2025-11-25,C1085,Keyboard,2,1499.00
ORD005952,2025-02-18,C1972,USB-C Cable,2,299.50
ORD005953,2025-07-10,C1767,Keyboard,3,1499.00
ORD005954,2025-12-06,C1933,USB Hub,1,899.00
ORD005955,2025-10-03,C1157,Monitor,4,12499.00
ORD005956,2025-08-02,C1548,USB Hub,4,899.00
ORD005957,2025-06-02,C1915,Headphones,1,3299.00
ORD005958,2025-10-26,C1112,Keyboard,5,1499.00
ORD005959,2025-05-15,C1569,Monitor,5,12499.00
ORD005960,2025-07-19,C1316,Wireless Mouse,3,799.00
ORD005961,2025-12-11,C1000,USB-C Cable,1,299.50
ORD005962,2025-04-01,C1583,Headphones,5,3299.00
ORD005963,2025-08-15,C1653,Power Bank,5,1799.00
ORD005964,2025-05-06,C1851,Power Bank,3,1799.00
ORD005965,2025-06-17,C1794,USB Hub,4,899.00
ORD005966,2025-05-25,C1968,Headphones,4,3299.00
ORD005967,2025-03-02,C1610,Webcam,4,2499.00
ORD005968,2025-04-22,C1303,USB-C Cable,2,299.50
ORD005969,2025-11-09,C1144,Keyboard,4,1499.00
ORD005970,2025-04-02,C1076,USB-C Cable,2,299.50
ORD005971,2025-01-09,C1312,USB-C Cable,1,299.50
ORD005972,2025-05-26,C1167,Wireless Mouse,5,799.00
ORD005973,2025-09-30,C1222,Webcam,1,2499.00
ORD005974,2025-09-06,C1960,Webcam,5,2499.00
ORD005975,2025-02-16,C1482,Keyboard,5,1499.00
ORD005976,2025-03-20,C1845,Power Bank,4,1799.00
ORD005977,2025-10-22,C1707,Webcam,5,2499.00
ORD005978,2025-11-30,C1164,Keyboard,5,1499.00
ORD005979,2025-02-26,C1753,Laptop Stand,5,1199.00
ORD005980,2025-01-30,C1224,Wireless Mouse,4,799.00
ORD005981,2025-07-29,C1021,Headphones,2,3299.00
ORD005982,2025-02-01,C1005,Wireless Mouse,3,799.00
ORD005983,2025-03-24,C1552,Laptop Stand,3,1199.00
ORD005984,2025-10-06,C1405,Laptop Stand,2,1199.00
ORD005985,2025-01-02,C1329,Keyboard,1,1499.00
ORD005986,2025-04-02,C1276,Monitor,2,12499.00
ORD005987,2025-05-01,C1563,USB Hub,1,899.00
ORD005988,2025-10-11,C1705,Monitor,2,12499.00
ORD005989,2025-11-12,C1175,Headphones,5,3299.00
ORD005990,2025-01-31,C1461,Wireless Mouse,4,799.00
ORD005991,2025-12-24,C1442,USB Hub,2,899.00
ORD005992,2025-08-12,C1955,Power Bank,2,1799.00
ORD005993,2025-04-01,C1864,Laptop Stand,5,1199.00
ORD005994,2025-09-14,C1624,Laptop Stand,4,1199.00
ORD005995,2025-04-20,C1834,Laptop Stand,4,1199.00
ORD005996,2025-02-12,C1517,Headphones,3,3299.00
ORD005997,2025-11-20,C1986,Keyboard,5,1499.00
ORD005998,2025-04-01,C1407,Headphones,4,3299.00
ORD005999,2025-05-07,C1444,Keyboard,5,1499.00
ORD006000,2025-02-25,C1000,Webcam,1,2499.00
ORD006001,2025-03-21,C1679,Laptop Stand,5,1199.00
ORD006002,2025-04-13,C1921,USB-C Cable,2,299.50
ORD006003,2025-02-20,C1689,USB-C Cable,5,299.50
ORD006004,2025-04-25,C1357,USB Hub,2,899.00
ORD006005,2025-11-04,C1745,Power Bank,1,1799.00
ORD006006,2025-09-02,C1333,USB Hub,1,899.00
ORD006007,2025-09-04,C1504,Headphones,4,3299.00
ORD006008,2025-11-30,C1044,Keyboard,4,1499.00
ORD006009,2025-10-25,C1171,Monitor,1,12499.00
ORD006010,2025-09-25,C1102,USB Hub,3,899.00
ORD006011,2025-02-08,C1636,Laptop Stand,2,1199.00
ORD006012,2025-11-07,C1455,Power Bank,4,1799.00
ORD006013,2025-08-24,C1940,Keyboard,5,1499.00
ORD006014,2025-06-30,C1993,Keyboard,5,1499.00
ORD006015,2025-10-24,C1873,Headphones,5,3299.00
ORD006016,2025-10-05,C1709,Laptop Stand,3,1199.00
ORD006017,2025-12-05,C1509,Monitor,2,12499.00
ORD006018,2025-03-19,C1718,Wireless Mouse,4,799.00
ORD006019,2025-07-08,C1712,Headphones,4,3299.00
ORD006020,2025-07-16,C1782,USB Hub,2,899.00
ORD006021,2025-10-22,C1849,Monitor,1,12499.00
ORD006022,2025-06-15,C1458,USB-C Cable,2,299.50
ORD006023,2025-11-12,C1519,Webcam,5,2499.00
ORD006024,2025-06-25,C1333,USB-C Cable,2,299.50
ORD006025,2025-12-10,C1445,Webcam,1,2499.00
ORD006026,2025-06-02,C1907,Power Bank,2,1799.00
ORD006027,2025-08-16,C1274,Wireless Mouse,4,799.00
ORD006028,2025-11-13,C1421,USB-C Cable,4,299.50
ORD006029,2025-02-02,C1782,Webcam,4,2499.00
ORD006030,2025-09-06,C1022,Headphones,5,3299.00
ORD006031,2025-10-11,C1800,Wireless Mouse,5,799.00
ORD006032,2025-06-07,C1702,Power Bank,4,1799.00
ORD006033,2025-10-14,C1360,Webcam,5,2499.00
ORD006034,2025-07-27,C1282,Webcam,1,2499.00
ORD006035,2025-04-10,C1821,USB Hub,5,899.00
ORD006036,2025-06-04,C1115,USB Hub,4,899.00
ORD006037,2025-05-05,C1295,Power Bank,4,1799.00
ORD006038,2025-11-19,C1351,USB Hub,2,899.00
ORD006039,2025-10-25,C1549,Headphones,5,3299.00
ORD006040,2025-07-14,C1299,Keyboard,5,1499.00
ORD006041,2025-01-15,C1271,USB Hub,3,899.00
ORD006042,2025-01-06,C1811,Monitor,5,12499.00
ORD006043,2025-12-06,C1655,USB-C Cable,5,299.50
ORD006044,2025-01-06,C1334,Headphones,2,3299.00
ORD006045,2025-01-17,C1167,Keyboard,4,1499.00
ORD006046,2025-08-23,C1040,USB-C Cable,4,299.50
ORD006047,2025-05-29,C1566,Headphones,5,3299.00
ORD006048,2025-01-10,C1860,Wireless Mouse,5,799.00
ORD006049,2025-05-19,C1547,USB-C Cable,3,299.50
ORD006050,2025-09-24,C1106,Monitor,2,12499.00
ORD006051,2025-10-12,C1898,Wireless Mouse,5,799.00
ORD006052,2025-04-08,C1895,USB Hub,1,899.00
ORD006053,2025-09-05,C1312,Monitor,5,12499.00
ORD006054,2025-05-02,C1633,USB Hub,5,899.00
ORD006055,2025-05-15,C1853,Power Bank,1,1799.00
ORD006056,2025-06-27,C1425,USB Hub,2,899.00
ORD006057,2025-03-18,C1947,Wireless Mouse,4,799.00
ORD006058,2025-01-07,C1048,Monitor,1,12499.00
ORD006059,2025-01-24,C1695,Laptop Stand,3,1199.00
ORD006060,2025-12-14,C1412,Headphones,1,3299.00
ORD006061,2025-11-27,C1208,Monitor,1,12499.00
ORD006062,2025-07-18,C1299,Monitor,1,12499.00
ORD006063,2025-05-14,C1785,USB Hub,5,899.00
ORD006064,2025-08-13,C1554,Laptop Stand,3,1199.00
ORD006065,2025-08-18,C1583,Headphones,1,3299.00
ORD006066,2025-09-03,C1935,USB Hub,1,899.00
ORD006067,2025-09-29,C1483,Keyboard,2,1499.00
ORD006068,2025-11-26,C1822,Headphones,1,3299.00
ORD006069,2025-02-27,C1646,Wireless Mouse,2,799.00
ORD006070,2025-07-10,C1909,Headphones,1,3299.00
ORD006071,2025-04-29,C1277,Wireless Mouse,3,799.00
ORD006072,2025-05-10,C1134,Webcam,5,2499.00
ORD006073,2025-07-21,C1495,Wireless Mouse,3,799.00
ORD006074,2025-08-05,C1572,Monitor,4,12499.00
ORD006075,2025-03-26,C1308,Monitor,1,12499.00
ORD006076,2025-03-14,C1806,Headphones,2,3299.00
ORD006077,2025-06-15,C1932,Keyboard,3,1499.00
ORD006078,2025-09-02,C1140,Headphones,3,3299.00
ORD006079,2025-04-02,C1188,Headphones,2,3299.00
ORD006080,2025-11-08,C1008,Keyboard,3,1499.00
ORD006081,2025-04-21,C1954,Laptop Stand,3,1199.00
ORD006082,2025-01-16,C1264,Power Bank,4,1799.00
ORD006083,2025-09-03,C1922,Webcam,4,2499.00
ORD006084,2025-10-05,C1295,Webcam,3,2499.00
ORD006085,2025-11-02,C1228,Monitor,5,12499.00
ORD006086,2025-06-17,C1174,Headphones,1,3299.00
ORD006087,2025-10-01,C1230,Laptop Stand,3,1199.00
ORD006088,2025-09-08,C1850,Wireless Mouse,1,799.00
ORD006089,2025-05-28,C1341,USB-C Cable,3,299.50
ORD006090,2025-02-22,C1170,Laptop Stand,5,1199.00
ORD006091,2025-01-02,C1758,Wireless Mouse,2,799.00
ORD006092,2025-03-07,C1674,Headphones,2,3299.00
ORD006093,2025-02-04,C1951,Keyboard,4,1499.00
ORD006094,2025-11-24,C1146,Laptop Stand,4,1199.00
ORD006095,2025-03-22,C1435,Power Bank,3,1799.00
ORD006096,2025-11-25,C1558,USB Hub,2,899.00
ORD006097,2025-10-12,C1328,Monitor,3,12499.00
ORD006098,2025-06-16,C1175,USB Hub,2,899.00
ORD006099,2025-03-29,C1697,Webcam,3,2499.00
ORD006100,2025-12-31,C1879,USB-C Cable,3,299.50
ORD006101,2025-07-27,C1118,Keyboard,5,1499.00
ORD006102,2025-09-08,C1377,Monitor,5,12499.00
ORD006103,2025-08-18,C1068,Keyboard,1,1499.00
ORD006104,2025-01-27,C1541,Monitor,1,12499.00
ORD006105,2025-06-07,C1613,Monitor,1,12499.00
ORD006106,2025-08-18,C1465,Webcam,3,2499.00
ORD006107,2025-08-30,C1235,Webcam,3,2499.00
ORD006108,2025-07-02,C1790,Laptop Stand,2,1199.00
ORD006109,2025-08-13,C1894,Webcam,5,2499.00
ORD006110,2025-02-27,C1853,Webcam,4,2499.00
ORD006111,2025-07-02,C1594,Keyboard,3,1499.00
ORD006112,2025-04-13,C1266,Power Bank,3,1799.00
ORD006113,2025-01-19,C1341,Laptop Stand,2,1199.00
ORD006114,2025-09-19,C1547,Power Bank,1,1799.00
ORD006115,2025-04-10,C1127,Laptop Stand,5,1199.00
ORD006116,2025-08-04,C1085,Laptop Stand,1,1199.00
ORD006117,2025-05-03,C1845,Laptop Stand,5,1199.00
ORD006118,2025-08-07,C1958,USB-C Cable,1,299.50
ORD006119,2025-08-31,C1518,USB Hub,5,899.00
ORD006120,2025-10-13,C1069,USB-C Cable,3,299.50
ORD006121,2025-09-03,C1556,USB-C Cable,4,299.50
ORD006122,2025-01-05,C1292,Laptop Stand,5,1199.00
ORD006123,2025-04-05,C1323,Headphones,1,3299.00
ORD006124,2025-04-03,C1125,Monitor,4,12499.00
ORD006125,2025-07-29,C1334,Webcam,2,2499.00
ORD006126,2025-04-26,C1494,Monitor,5,12499.00
ORD006127,2025-02-21,C1524,Wireless Mouse,5,799.00
ORD006128,2025-07-02,C1435,Keyboard,4,1499.00
ORD006129,2025-05-30,C1285,Laptop Stand,4,1199.00
ORD006130,2025-02-14,C1752,Power Bank,4,1799.00
ORD006131,2025-07-13,C1955,Power Bank,2,1799.00
ORD006132,2025-10-29,C1954,Headphones,1,3299.00
ORD006133,2025-04-25,C1214,Webcam,4,2499.00
ORD006134,2025-10-28,C1619,USB-C Cable,5,299.50
ORD006135,2025-07-12,C1644,Webcam,4,2499.00
ORD006136,2025-06-24,C1053,Webcam,5,2499.00
ORD006137,2025-12-20,C1037,Wireless Mouse,1,799.00
ORD006138,2025-09-30,C1609,Wireless Mouse,5,799.00
ORD006139,2025-09-03,C1233,Monitor,5,12499.00
ORD006140,2025-09-30,C1927,Wireless Mouse,2,799.00
ORD006141,2025-03-25,C1097,Monitor,1,12499.00
ORD006142,2025-11-01,C1419,USB Hub,5,899.00
ORD006143,2025-05-28,C1174,Webcam,3,2499.00
ORD006144,2025-05-22,C1753,Headphones,5,3299.00
ORD006145,2025-06-02,C1634,USB Hub,5,899.00
ORD006146,2025-10-26,C1379,Power Bank,4,1799.00
ORD006147,2025-10-15,C1932,USB-C Cable,3,299.50
ORD006148,2025-06-18,C1650,Power Bank,5,1799.00
ORD006149,2025-09-24,C1129,Monitor,5,12499.00
ORD006150,2025-10-31,C1052,Keyboard,2,1499.00
ORD006151,2025-02-06,C1451,USB-C Cable,5,299.50
ORD006152,2025-10-03,C1623,Power Bank,1,1799.00
ORD006153,2025-06-03,C1541,USB-C Cable,5,299.50
ORD006154,2025-11-24,C1623,Laptop Stand,4,1199.00
ORD006155,2025-08-25,C1014,Keyboard,3,1499.00
ORD006156,2025-06-03,C1937,USB Hub,3,899.00
ORD006157,2025-02-20,C1808,Monitor,3,12499.00
ORD006158,2025-08-06,C1508,Laptop Stand,2,1199.00
ORD006159,2025-07-20,C1535,USB Hub,1,899.00
ORD006160,2025-04-04,C1743,Keyboard,2,1499.00
ORD006161,2025-04-18,C1540,Wireless Mouse,5,799.00
ORD006162,2025-08-11,C1869,Monitor,5,12499.00
ORD006163,2025-02-11,C1591,Keyboard,2,1499.00
ORD006164,2025-10-03,C1081,Power Bank,3,1799.00
ORD006165,2025-10-23,C1011,Monitor,1,12499.00
ORD006166,2025-02-23,C1455,USB-C Cable,4,299.50
ORD006167,2025-07-09,C1323,Wireless Mouse,2,799.00
ORD006168,2025-08-06,C1946,USB Hub,4,899.00
ORD006169,2025-04-24,C1842,Laptop Stand,3,1199.00
ORD006170,2025-11-18,C1848,Keyboard,3,1499.00
ORD006171,2025-10-03,C1768,USB Hub,1,899.00
ORD006172,2025-01-07,C1787,Power Bank,3,1799.00
ORD006173,2025-03-06,C1689,Laptop Stand,4,1199.00
ORD006174,2025-03-04,C1124,Wireless Mouse,5,799.00
ORD006175,2025-10-27,C1081,Laptop Stand,1,1199.00
ORD006176,2025-09-30,C1128,Laptop Stand,5,1199.00
ORD006177,2025-06-07,C1137,Power Bank,3,1799.00
ORD006178,2025-03-04,C1249,Monitor,4,12499.00
ORD006179,2025-10-21,C1060,Wireless Mouse,5,799.00
ORD006180,2025-10-01,C1816,Monitor,1,12499.00
ORD006181,2025-03-04,C1043,USB Hub,3,899.00
ORD006182,2025-02-01,C1900,Monitor,2,12499.00
ORD006183,2025-04-19,C1731,Webcam,4,2499.00
ORD006184,2025-07-25,C1071,Laptop Stand,3,1199.00
ORD006185,2025-09-12,C1210,USB Hub,4,899.00
ORD006186,2025-03-13,C1936,Headphones,4,3299.00
ORD006187,2025-04-22,C1706,Keyboard,3,1499.00
ORD006188,2025-11-03,C1410,USB Hub,5,899.00
ORD006189,2025-04-18,C1361,Laptop Stand,2,1199.00
ORD006190,2025-12-27,C1007,Wireless Mouse,3,799.00
ORD006191,2025-06-14,C1998,USB Hub,4,899.00
ORD006192,2025-07-07,C1648,Keyboard,3,1499.00
ORD006193,2025-12-07,C1252,Power Bank,1,1799.00
ORD006194,2025-07-17,C1840,Monitor,4,12499.00
ORD006195,2025-10-27,C1499,Laptop Stand,5,1199.00
ORD006196,2025-07-02,C1355,USB-C Cable,1,299.50
ORD006197,2025-07-14,C1297,Keyboard,2,1499.00
ORD006198,2025-12-14,C1628,Headphones,1,3299.00
ORD006199,2025-09-18,C1932,USB-C Cable,2,299.50
ORD006200,2025-09-06,C1186,Power Bank,4,1799.00
ORD006201,2025-03-23,C1557,Wireless Mouse,5,799.00
ORD006202,2025-11-29,C1387,Headphones,4,3299.00
ORD006203,2025-06-25,C1936,Wireless Mouse,2,799.00
ORD006204,2025-04-01,C1533,Webcam,1,2499.00
ORD006205,2025-05-11,C1262,Headphones,1,3299.00
ORD006206,2025-02-09,C1035,Headphones,1,3299.00
ORD006207,2025-06-15,C1649,Power Bank,2,1799.00
ORD006208,2025-10-02,C1893,Monitor,3,12499.00
ORD006209,2025-05-16,C1043,Headphones,3,3299.00
ORD006210,2025-01-20,C1193,Keyboard,5,1499.00
ORD006211,2025-01-01,C1138,USB Hub,4,899.00
ORD006212,2025-01-05,C1270,Laptop Stand,2,1199.00
ORD006213,2025-08-03,C1213,Power Bank,4,1799.00
ORD006214,2025-09-18,C1893,USB-C Cable,1,299.50
ORD006215,2025-11-21,C1265,Webcam,3,2499.00
ORD006216,2025-03-01,C1541,Power Bank,5,1799.00
ORD006217,2025-10-31,C1324,Laptop Stand,2,1199.00
ORD006218,2025-10-22,C1421,Wireless Mouse,5,799.00
ORD006219,2025-08-03,C1507,Wireless Mouse,4,799.00
ORD006220,2025-12-22,C1774,Webcam,5,2499.00
ORD006221,2025-10-19,C1177,Wireless Mouse,2,799.00
ORD006222,2025-10-02,C1781,USB Hub,3,899.00
ORD006223,2025-08-21,C1783,USB Hub,3,899.00
ORD006224,2025-06-29,C1114,Monitor,2,12499.00
ORD006225,2025-10-03,C1766,Monitor,4,12499.00
ORD006226,2025-09-09,C1126,USB-C Cable,4,299.50
ORD006227,2025-04-11,C1021,Webcam,4,2499.00
ORD006228,2025-10-14,C1122,USB Hub,1,899.00
ORD006229,2025-05-19,C1794,Headphones,1,3299.00
ORD006230,2025-06-06,C1969,Laptop Stand,2,1199.00
ORD006231,2025-09-25,C1922,USB Hub,1,899.00
ORD006232,2025-09-10,C1210,USB Hub,5,899.00
ORD006233,2025-08-15,C1667,Power Bank,3,1799.00
ORD006234,2025-04-24,C1749,USB Hub,2,899.00
ORD006235,2025-07-27,C1290,Laptop Stand,4,1199.00
ORD006236,2025-01-08,C1849,Power Bank,3,1799.00
ORD006237,2025-04-30,C1734,Keyboard,1,1499.00
ORD006238,2025-11-15,C1935,Wireless Mouse,1,799.00
ORD006239,2025-04-09,C1524,Monitor,4,12499.00
ORD006240,2025-04-06,C1558,Wireless Mouse,2,799.00
ORD006241,2025-03-10,C1357,Headphones,3,3299.00
ORD006242,2025-01-21,C1946,USB-C Cable,3,299.50
ORD006243,2025-12-02,C1867,Keyboard,2,1499.00
ORD006244,2025-02-13,C1625,Laptop Stand,1,1199.00
ORD006245,2025-08-19,C1472,Monitor,2,12499.00
ORD006246,2025-05-18,C1776,Wireless Mouse,3,799.00
ORD006247,2025-01-11,C1057,Keyboard,4,1499.00
ORD006248,2025-02-21,C1578,Webcam,2,2499.00
ORD006249,2025-05-19,C1380,USB-C Cable,2,299.50
ORD006250,2025-11-26,C1077,USB Hub,1,899.00
ORD006251,2025-11-12,C1316,Power Bank,1,1799.00
ORD006252,2025-03-15,C1768,USB-C Cable,3,299.50
ORD006253,2025-08-27,C1028,USB Hub,5,899.00
ORD006254,2025-09-01,C1154,USB Hub,4,899.00
ORD006255,2025-10-22,C1416,Webcam,2,2499.00
ORD006256,2025-04-01,C1382,USB-C Cable,1,299.50
ORD006257,2025-06-02,C1812,Power Bank,2,1799.00
ORD006258,2025-05-29,C1014,USB-C Cable,3,299.50
ORD006259,2025-03-30,C1429,Laptop Stand,1,1199.00
ORD006260,2025-10-01,C1848,Keyboard,5,1499.00
ORD006261,2025-01-19,C1197,Wireless Mouse,3,799.00
ORD006262,2025-09-27,C1441,Headphones,1,3299.00
ORD006263,2025-04-21,C1051,Headphones,4,3299.00
ORD006264,2025-03-18,C1559,Wireless Mouse,4,799.00
ORD006265,2025-12-22,C1668,Power Bank,2,1799.00
ORD006266,2025-03-19,C1797,Wireless Mouse,1,799.00
ORD006267,2025-11-01,C1343,Wireless Mouse,2,799.00
ORD006268,2025-08-01,C1738,Headphones,2,3299.00
ORD006269,2025-10-20,C1369,Keyboard,2,1499.00
ORD006270,2025-10-06,C1597,Headphones,1,3299.00
ORD006271,2025-06-23,C1476,Wireless Mouse,4,799.00
ORD006272,2025-01-16,C1061,Monitor,1,12499.00
ORD006273,2025-05-05,C1139,Power Bank,3,1799.00
ORD006274,2025-01-14,C1817,Wireless Mouse,4,799.00
ORD006275,2025-11-12,C1472,Laptop Stand,1,1199.00
ORD006276,2025-01-18,C1670,Laptop Stand,4,1199.00
ORD006277,2025-03-24,C1095,USB-C Cable,1,299.50
ORD006278,2025-10-04,C1832,Laptop Stand,4,1199.00
ORD006279,2025-09-18,C1483,Wireless Mouse,1,799.00
ORD006280,2025-09-11,C1145,Headphones,2,3299.00
ORD006281,2025-01-13,C1823,Keyboard,3,1499.00
ORD006282,2025-12-30,C1792,Monitor,3,12499.00
ORD006283,2025-02-27,C1507,Headphones,1,3299.00
ORD006284,2025-10-08,C1827,USB-C Cable,1,299.50
ORD006285,2025-01-04,C1465,Power Bank,3,1799.00
ORD006286,2025-05-06,C1416,Webcam,1,2499.00
ORD006287,2025-04-26,C1777,USB-C Cable,3,299.50
ORD006288,2025-03-09,C1188,Webcam,3,2499.00
ORD006289,2025-02-17,C1663,USB-C Cable,4,299.50
ORD006290,2025-03-15,C1350,Wireless Mouse,2,799.00
ORD006291,2025-10-28,C1276,Laptop Stand,1,1199.00
ORD006292,2025-12-07,C1747,USB-C Cable,1,299.50
ORD006293,2025-06-06,C1759,Webcam,4,2499.00
ORD006294,2025-04-03,C1384,Power Bank,5,1799.00
ORD006295,2025-04-17,C1690,Wireless Mouse,2,799.00
ORD006296,2025-11-25,C1640,Headphones,3,3299.00
ORD006297,2025-02-18,C1230,Monitor,2,12499.00
ORD006298,2025-07-29,C1080,Power Bank,4,1799.00
ORD006299,2025-10-13,C1024,Webcam,2,2499.00
ORD006300,2025-06-26,C1847,Webcam,3,2499.00
ORD006301,2025-06-29,C1114,USB Hub,4,899.00
ORD006302,2025-03-09,C1108,Wireless Mouse,1,799.00
ORD006303,2025-06-13,C1978,Keyboard,5,1499.00
ORD006304,2025-03-29,C1824,Keyboard,4,1499.00
ORD006305,2025-07-27,C1775,USB Hub,3,899.00
ORD006306,2025-07-31,C1261,USB Hub,4,899.00
ORD006307,2025-08-08,C1810,USB Hub,5,899.00
ORD006308,2025-03-06,C1219,Headphones,4,3299.00
ORD006309,2025-01-31,C1929,Headphones,1,3299.00
ORD006310,2025-09-27,C1275,USB Hub,3,899.00
ORD006311,2025-05-13,C1024,Power Bank,5,1799.00
ORD006312,2025-08-13,C1840,Laptop Stand,5,1199.00
ORD006313,2025-10-17,C1112,Keyboard,5,1499.00
ORD006314,2025-09-09,C1298,Wireless Mouse,5,799.00
ORD006315,2025-02-13,C1447,USB-C Cable,3,299.50
ORD006316,2025-01-26,C1413,Wireless Mouse,5,799.00
ORD006317,2025-04-14,C1402,USB Hub,5,899.00
ORD006318,2025-04-12,C1804,USB-C Cable,3,299.50
ORD006319,2025-05-23,C1553,Laptop Stand,3,1199.00
ORD006320,2025-08-12,C1276,USB Hub,4,899.00
ORD006321,2025-09-16,C1161,Wireless Mouse,1,799.00
ORD006322,2025-10-21,C1988,Laptop Stand,5,1199.00
ORD006323,2025-06-13,C1280,Headphones,4,3299.00
ORD006324,2025-03-17,C1731,USB-C Cable,1,299.50
ORD006325,2025-02-03,C1170,USB-C Cable,2,299.50
ORD006326,2025-12-18,C1961,Power Bank,2,1799.00
ORD006327,2025-07-03,C1924,Wireless Mouse,3,799.00
ORD006328,2025-04-17,C1779,Wireless Mouse,2,799.00
ORD006329,2025-02-01,C1021,Wireless Mouse,1,799.00
ORD006330,2025-09-23,C1385,USB Hub,2,899.00
ORD006331,2025-07-26,C1464,Webcam,2,2499.00
ORD006332,2025-11-10,C1004,Keyboard,1,1499.00
ORD006333,2025-09-24,C1585,USB Hub,5,899.00
ORD006334,2025-03-04,C1258,Keyboard,1,1499.00
ORD006335,2025-01-02,C1023,Headphones,5,3299.00
ORD006336,2025-07-16,C1581,Keyboard,2,1499.00
ORD006337,2025-03-13,C1701,Laptop Stand,4,1199.00
ORD006338,2025-08-22,C1759,Laptop Stand,5,1199.00
ORD006339,2025-10-23,C1744,USB Hub,4,899.00
ORD006340,2025-07-18,C1009,Wireless Mouse,5,799.00
ORD006341,2025-06-03,C1556,Monitor,1,12499.00
ORD006342,2025-08-06,C1491,USB Hub,3,899.00
ORD006343,2025-05-06,C1041,Headphones,1,3299.00
ORD006344,2025-11-02,C1835,Wireless Mouse,5,799.00
ORD006345,2025-05-22,C1700,USB Hub,2,899.00
ORD006346,2025-08-11,C1121,Laptop Stand,1,1199.00
ORD006347,2025-08-17,C1084,Laptop Stand,1,1199.00
ORD006348,2025-02-13,C1325,USB Hub,1,899.00
ORD006349,2025-11-27,C1378,USB Hub,3,899.00
ORD006350,2025-09-14,C1144,Monitor,5,12499.00
ORD006351,2025-03-18,C1996,Webcam,1,2499.00
ORD006352,2025-11-22,C1266,Laptop Stand,1,1199.00
ORD006353,2025-07-05,C1208,Keyboard,3,1499.00
ORD006354,2025-05-23,C1422,Laptop Stand,4,1199.00
ORD006355,2025-08-17,C1329,Wireless Mouse,4,799.00
ORD006356,2025-05-26,C1595,Webcam,3,2499.00
ORD006357,2025-08-10,C1452,Headphones,2,3299.00
ORD006358,2025-02-18,C1059,Wireless Mouse,5,799.00
ORD006359,2025-05-17,C1902,USB-C Cable,1,299.50
ORD006360,2025-12-28,C1788,USB-C Cable,5,299.50
ORD006361,2025-12-19,C1519,Keyboard,2,1499.00
ORD006362,2025-12-01,C1227,USB-C Cable,5,299.50
ORD006363,2025-11-02,C1944,Power Bank,3,1799.00
ORD006364,2025-03-18,C1984,Wireless Mouse,4,799.00
ORD006365,2025-01-18,C1543,USB-C Cable,3,299.50
ORD006366,2025-02-05,C1508,USB Hub,3,899.00
ORD006367,2025-03-11,C1478,Monitor,2,12499.00
ORD006368,2025-11-23,C1994,Monitor,2,12499.00
ORD006369,2025-06-09,C1163,Headphones,2,3299.00
ORD006370,2025-08-21,C1017,Monitor,1,12499.00
ORD006371,2025-02-14,C1163,Webcam,5,2499.00
ORD006372,2025-10-14,C1973,Keyboard,2,1499.00
ORD006373,2025-12-26,C1339,USB Hub,1,899.00
ORD006374,2025-03-01,C1703,USB Hub,4,899.00
ORD006375,2025-11-18,C1180,Keyboard,3,1499.00
ORD006376,2025-10-17,C1018,Monitor,3,12499.00
ORD006377,2025-02-28,C1904,Headphones,1,3299.00
ORD006378,2025-08-26,C1616,Wireless Mouse,2,799.00
ORD006379,2025-01-29,C1270,Laptop Stand,4,1199.00
ORD006380,2025-01-13,C1055,Headphones,1,3299.00
ORD006381,2025-10-15,C1248,USB-C Cable,5,299.50
ORD006382,2025-08-23,C1088,USB-C Cable,1,299.50
ORD006383,2025-03-31,C1205,Keyboard,2,1499.00
ORD006384,2025-02-05,C1359,Headphones,1,3299.00
ORD006385,2025-01-16,C1670,USB-C Cable,3,299.50
ORD006386,2025-07-11,C1011,USB Hub,4,899.00
ORD006387,2025-08-11,C1769,Headphones,3,3299.00
ORD006388,2025-05-13,C1319,Laptop Stand,4,1199.00
ORD006389,2025-06-06,C1670,Wireless Mouse,2,799.00
ORD006390,2025-08-14,C1429,USB-C Cable,2,299.50
ORD006391,2025-07-16,C1845,Webcam,1,2499.00
ORD006392,2025-11-15,C1090,Keyboard,3,1499.00
ORD006393,2025-01-04,C1374,Laptop Stand,4,1199.00
ORD006394,2025-06-08,C1503,Laptop Stand,2,1199.00
ORD006395,2025-05-01,C1358,Webcam,5,2499.00
ORD006396,2025-02-12,C1502,Headphones,4,3299.00
ORD006397,2025-03-28,C1167,USB Hub,3,899.00
ORD006398,2025-12-14,C1129,Keyboard,4,1499.00
ORD006399,2025-07-21,C1463,USB-C Cable,1,299.50
ORD006400,2025-07-20,C1867,USB Hub,4,899.00
ORD006401,2025-06-29,C1954,Headphones,4,3299.00
ORD006402,2025-03-08,C1282,USB-C Cable,1,299.50
ORD006403,2025-07-29,C1872,Power Bank,5,1799.00
ORD006404,2025-09-19,C1876,Power Bank,3,1799.00
ORD006405,2025-08-31,C1478,Webcam,1,2499.00
ORD006406,2025-10-24,C1061,USB-C Cable,2,299.50
ORD006407,2025-01-08,C1037,Monitor,4,12499.00
ORD006408,2025-09-19,C1310,Keyboard,5,1499.00
ORD006409,2025-06-04,C1996,Power Bank,2,1799.00
ORD006410,2025-05-01,C1320,USB-C Cable,3,299.50
ORD006411,2025-06-07,C1054,Laptop Stand,3,1199.00
ORD006412,2025-07-13,C1560,Headphones,2,3299.00
ORD006413,2025-03-19,C1088,Keyboard,3,1499.00
ORD006414,2025-05-10,C1619,Headphones,3,3299.00
ORD006415,2025-07-02,C1262,USB-C Cable,5,299.50
ORD006416,2025-01-09,C1993,USB-C Cable,4,299.50
ORD006417,2025-05-25,C1658,Webcam,1,2499.00
ORD006418,2025-02-21,C1686,Keyboard,5,1499.00
ORD006419,2025-04-11,C1559,Power Bank,5,1799.00
ORD006420,2025-09-29,C1150,Keyboard,4,1499.00
ORD006421,2025-01-02,C1877,Laptop Stand,4,1199.00
ORD006422,2025-06-07,C1230,Laptop Stand,3,1199.00
ORD006423,2025-09-14,C1895,Webcam,5,2499.00
ORD006424,2025-02-03,C1540,USB-C Cable,5,299.50
ORD006425,2025-10-28,C1820,Webcam,4,2499.00
ORD006426,2025-01-12,C1414,USB Hub,4,899.00
ORD006427,2025-01-10,C1355,Webcam,1,2499.00
ORD006428,2025-01-23,C1186,Keyboard,1,1499.00
ORD006429,2025-07-09,C1318,USB-C Cable,2,299.50
ORD006430,2025-02-12,C1821,Webcam,2,2499.00
ORD006431,2025-01-16,C1121,Laptop Stand,4,1199.00
ORD006432,2025-06-09,C1625,Wireless Mouse,5,799.00
ORD006433,2025-01-03,C1843,Headphones,2,3299.00
ORD006434,2025-03-14,C1102,Power Bank,5,1799.00
ORD006435,2025-01-28,C1059,Headphones,2,3299.00
ORD006436,2025-02-01,C1715,USB-C Cable,2,299.50
ORD006437,2025-11-01,C1457,Keyboard,5,1499.00
ORD006438,2025-02-11,C1091,Wireless Mouse,3,799.00
ORD006439,2025-01-07,C1214,Wireless Mouse,3,799.00
ORD006440,2025-03-01,C1246,Power Bank,1,1799.00
ORD006441,2025-02-20,C1603,Power Bank,4,1799.00
ORD006442,2025-08-01,C1046,USB Hub,1,899.00
ORD006443,2025-03-21,C1778,Headphones,3,3299.00
ORD006444,2025-09-17,C1264,Wireless Mouse,1,799.00
ORD006445,2025-11-22,C1477,Webcam,5,2499.00
ORD006446,2025-07-06,C1943,Monitor,1,12499.00
ORD006447,2025-02-09,C1210,Keyboard,4,1499.00
ORD006448,2025-04-25,C1345,Monitor,5,12499.00
ORD006449,2025-12-28,C1122,USB-C Cable,1,299.50
ORD006450,2025-03-27,C1571,Power Bank,5,1799.00
ORD006451,2025-09-25,C1762,Power Bank,1,1799.00
ORD006452,2025-03-12,C1798,Power Bank,4,1799.00
ORD006453,2025-04-27,C1479,Wireless Mouse,1,799.00
ORD006454,2025-02-24,C1436,Headphones,1,3299.00
ORD006455,2025-12-20,C1524,USB Hub,1,899.00
ORD006456,2025-03-21,C1132,Power Bank,2,1799.00
ORD006457,2025-05-09,C1492,Headphones,4,3299.00
ORD006458,2025-10-02,C1202,Keyboard,4,1499.00
ORD006459,2025-04-27,C1041,Monitor,4,12499.00
ORD006460,2025-10-14,C1884,Headphones,1,3299.00
ORD006461,2025-04-04,C1817,Wireless Mouse,3,799.00
ORD006462,2025-01-08,C1689,USB Hub,5,899.00
ORD006463,2025-06-30,C1476,Monitor,5,12499.00
ORD006464,2025-01-08,C1173,Wireless Mouse,3,799.00
ORD006465,2025-04-10,C1817,Webcam,2,2499.00
ORD006466,2025-07-22,C1987,Laptop Stand,2,1199.00
ORD006467,2025-03-04,C1400,USB-C Cable,5,299.50
ORD006468,2025-07-16,C1616,Wireless Mouse,4,799.00
ORD006469,2025-06-30,C1867,USB Hub,4,899.00
ORD006470,2025-07-23,C1682,Webcam,4,2499.00
ORD006471,2025-07-19,C1820,Wireless Mouse,4,799.00
ORD006472,2025-02-03,C1447,Monitor,5,12499.00
ORD006473,2025-05-06,C1591,Keyboard,3,1499.00
ORD006474,2025-02-15,C1329,USB-C Cable,1,299.50
ORD006475,2025-07-28,C1916,Keyboard,3,1499.00
ORD006476,2025-07-18,C1074,USB-C Cable,1,299.50
ORD006477,2025-01-05,C1222,Power Bank,2,1799.00
ORD006478,2025-01-24,C1963,Monitor,5,12499.00
ORD006479,2025-03-22,C1288,Webcam,2,2499.00
ORD006480,2025-11-14,C1551,Keyboard,2,1499.00
ORD006481,2025-05-28,C1554,USB-C Cable,3,299.50
ORD006482,2025-02-03,C1225,USB Hub,1,899.00
ORD006483,2025-06-04,C1934,Wireless Mouse,1,799.00
ORD006484,2025-11-04,C1828,Headphones,1,3299.00
ORD006485,2025-06-11,C1878,Wireless Mouse,2,799.00
ORD006486,2025-03-17,C1103,Wireless Mouse,3,799.00
ORD006487,2025-07-13,C1487,Keyboard,3,1499.00
ORD006488,2025-07-18,C1715,USB Hub,3,899.00
ORD006489,2025-05-06,C1236,Headphones,5,3299.00
ORD006490,2025-04-30,C1317,Monitor,5,12499.00
ORD006491,2025-02-17,C1003,Keyboard,3,1499.00
ORD006492,2025-03-02,C1901,Wireless Mouse,3,799.00
ORD006493,2025-08-04,C1265,Power Bank,2,1799.00
ORD006494,2025-09-16,C1839,Power Bank,5,1799.00
ORD006495,2025-03-04,C1327,Headphones,4,3299.00
ORD006496,2025-10-10,C1345,Laptop Stand,3,1199.00
ORD006497,2025-03-12,C1559,Keyboard,1,1499.00
ORD006498,2025-09-10,C1337,Power Bank,1,1799.00
ORD006499,2025-04-30,C1606,USB-C Cable,3,299.50
ORD006500,2025-09-17,C1100,Power Bank,3,1799.00
ORD006501,2025-05-13,C1158,Monitor,4,12499.00
ORD006502,2025-12-10,C1831,Wireless Mouse,5,799.00
ORD006503,2025-03-24,C1232,Power Bank,4,1799.00
ORD006504,2025-03-20,C1302,Wireless Mouse,3,799.00
ORD006505,2025-07-09,C1790,Headphones,3,3299.00
ORD006506,2025-08-25,C1479,Headphones,2,3299.00
ORD006507,2025-07-03,C1066,Wireless Mouse,4,799.00
ORD006508,2025-01-14,C1471,Keyboard,2,1499.00
ORD006509,2025-09-14,C1474,Wireless Mouse,1,799.00
ORD006510,2025-07-16,C1824,Monitor,3,12499.00
ORD006511,2025-09-30,C1656,Power Bank,2,1799.00
ORD006512,2025-12-07,C1740,Power Bank,1,1799.00
ORD006513,2025-02-20,C1498,Laptop Stand,3,1199.00
ORD006514,2025-04-27,C1542,Webcam,1,2499.00
ORD006515,2025-08-15,C1303,USB-C Cable,1,299.50
ORD006516,2025-09-15,C1866,Webcam,3,2499.00
ORD006517,2025-12-10,C1185,Power Bank,4,1799.00
ORD006518,2025-03-24,C1576,Wireless Mouse,2,799.00
ORD006519,2025-05-13,C1789,Monitor,4,12499.00
ORD006520,2025-07-26,C1151,USB Hub,4,899.00
ORD006521,2025-10-12,C1528,USB-C Cable,3,299.50
ORD006522,2025-08-18,C1426,Wireless Mouse,4,799.00
ORD006523,2025-03-11,C1010,Webcam,4,2499.00
ORD006524,2025-12-16,C1211,Headphones,2,3299.00
ORD006525,2025-02-04,C1880,Power Bank,2,1799.00
ORD006526,2025-04-17,C1744,Monitor,5,12499.00
ORD006527,2025-09-01,C1427,Headphones,2,3299.00
ORD006528,2025-11-06,C1128,Monitor,2,12499.00
ORD006529,2025-08-09,C1739,USB Hub,5,899.00
ORD006530,2025-11-07,C1053,Power Bank,4,1799.00
ORD006531,2025-05-15,C1529,Wireless Mouse,5,799.00
ORD006532,2025-10-30,C1695,Headphones,2,3299.00
ORD006533,2025-01-30,C1710,USB-C Cable,3,299.50
ORD006534,2025-05-01,C1265,Monitor,1,12499.00
ORD006535,2025-01-14,C1703,Monitor,5,12499.00
ORD006536,2025-08-31,C1204,USB-C Cable,5,299.50
ORD006537,2025-02-12,C1979,Headphones,3,3299.00
ORD006538,2025-08-08,C1974,Power Bank,3,1799.00
ORD006539,2025-06-10,C1196,Wireless Mouse,3,799.00
ORD006540,2025-08-19,C1059,Headphones,4,3299.00
ORD006541,2025-11-01,C1902,USB Hub,4,899.00
ORD006542,2025-12-30,C1347,Power Bank,3,1799.00
ORD006543,2025-03-23,C1446,Webcam,1,2499.00
ORD006544,2025-05-04,C1851,Wireless Mouse,5,799.00
ORD006545,2025-03-17,C1865,Webcam,2,2499.00
ORD006546,2025-04-18,C1880,Power Bank,4,1799.00
ORD006547,2025-08-22,C1746,USB-C Cable,2,299.50
ORD006548,2025-01-31,C1723,USB-C Cable,2,299.50
ORD006549,2025-11-26,C1150,USB-C Cable,4,299.50
ORD006550,2025-02-24,C1779,Keyboard,1,1499.00
ORD006551,2025-07-09,C1666,Power Bank,4,1799.00
ORD006552,2025-11-07,C1123,Headphones,4,3299.00
ORD006553,2025-08-05,C1168,Keyboard,1,1499.00
ORD006554,2025-03-22,C1631,Webcam,5,2499.00
ORD006555,2025-02-28,C1295,Monitor,3,12499.00
ORD006556,2025-07-26,C1590,USB Hub,5,899.00
ORD006557,2025-01-17,C1383,Laptop Stand,2,1199.00
ORD006558,2025-08-06,C1978,Keyboard,5,1499.00
ORD006559,2025-04-17,C1598,Wireless Mouse,2,799.00
ORD006560,2025-01-16,C1920,USB-C Cable,2,299.50
ORD006561,2025-10-19,C1813,Headphones,5,3299.00
ORD006562,2025-02-18,C1911,Wireless Mouse,3,799.00
ORD006563,2025-12-14,C1407,USB-C Cable,3,299.50
ORD006564,2025-02-09,C1062,Power Bank,4,1799.00
ORD006565,2025-01-13,C1889,USB Hub,1,899.00
ORD006566,2025-08-26,C1904,Power Bank,1,1799.00
ORD006567,2025-02-11,C1409,Laptop Stand,2,1199.00
ORD006568,2025-01-21,C1909,Power Bank,3,1799.00
ORD006569,2025-01-17,C1298,Wireless Mouse,5,799.00
ORD006570,2025-04-17,C1189,Laptop Stand,4,1199.00
ORD006571,2025-04-04,C1259,Power Bank,3,1799.00
ORD006572,2025-10-23,C1229,Headphones,1,3299.00
ORD006573,2025-03-23,C1576,Power Bank,3,1799.00
ORD006574,2025-08-10,C1247,Power Bank,5,1799.00
ORD006575,2025-10-04,C1227,Wireless Mouse,5,799.00
ORD006576,2025-07-23,C1774,Wireless Mouse,3,799.00
ORD006577,2025-02-01,C1160,Webcam,3,2499.00
ORD006578,2025-06-16,C1111,USB Hub,5,899.00
ORD006579,2025-11-06,C1230,Laptop Stand,2,1199.00
ORD006580,2025-12-25,C1161,Power Bank,4,1799.00
ORD006581,2025-10-04,C1881,USB-C Cable,1,299.50
ORD006582,2025-10-21,C1120,USB-C Cable,4,299.50
ORD006583,2025-06-28,C1667,Laptop Stand,1,1199.00
ORD006584,2025-10-16,C1836,Webcam,4,2499.00
ORD006585,2025-03-06,C1850,Wireless Mouse,4,799.00
ORD006586,2025-08-20,C1404,Headphones,3,3299.00
ORD006587,2025-08-21,C1883,USB-C Cable,2,299.50
ORD006588,2025-11-26,C1311,USB Hub,3,899.00
ORD006589,2025-10-29,C1500,Laptop Stand,3,1199.00
ORD006590,2025-01-12,C1463,Monitor,1,12499.00
ORD006591,2025-10-07,C1445,USB Hub,3,899.00
ORD006592,2025-08-03,C1766,Wireless Mouse,4,799.00
ORD006593,2025-07-31,C1866,Monitor,1,12499.00
ORD006594,2025-01-23,C1558,USB-C Cable,1,299.50
ORD006595,2025-10-17,C1982,Keyboard,2,1499.00
ORD006596,2025-03-26,C1190,Wireless Mouse,1,799.00
ORD006597,2025-06-03,C1903,Monitor,2,12499.00
ORD006598,2025-05-24,C1265,Wireless Mouse,5,799.00
ORD006599,2025-10-27,C1230,Wireless Mouse,2,799.00
ORD006600,2025-06-28,C1980,USB-C Cable,2,299.50
ORD006601,2025-04-16,C1177,Laptop Stand,1,1199.00
ORD006602,2025-05-06,C1366,USB-C Cable,1,299.50
ORD006603,2025-03-20,C1829,Wireless Mouse,3,799.00
ORD006604,2025-06-26,C1873,Monitor,1,12499.00
ORD006605,2025-11-13,C1905,Keyboard,2,1499.00
ORD006606,2025-05-26,C1336,Monitor,1,12499.00
ORD006607,2025-07-27,C1594,Laptop Stand,5,1199.00
ORD006608,2025-10-14,C1291,USB Hub,2,899.00
ORD006609,2025-05-06,C1197,Laptop Stand,2,1199.00
ORD006610,2025-05-07,C1403,Webcam,2,2499.00
ORD006611,2025-03-09,C1007,Headphones,5,3299.00
ORD006612,2025-06-27,C1577,Wireless Mouse,5,799.00
ORD006613,2025-03-04,C1129,Laptop Stand,3,1199.00
ORD006614,2025-02-16,C1165,Webcam,5,2499.00
ORD006615,2025-08-16,C1798,Wireless Mouse,3,799.00
ORD006616,2025-06-10,C1929,Headphones,5,3299.00
ORD006617,2025-01-29,C1120,USB-C Cable,2,299.50
ORD006618,2025-09-12,C1411,Laptop Stand,2,1199.00
ORD006619,2025-09-04,C1470,Keyboard,3,1499.00
ORD006620,2025-05-23,C1163,Monitor,1,12499.00
ORD006621,2025-07-16,C1186,Wireless Mouse,5,799.00
ORD006622,2025-11-25,C1095,Webcam,5,2499.00
ORD006623,2025-08-18,C1350,Laptop Stand,5,1199.00
ORD006624,2025-10-28,C1135,Keyboard,2,1499.00
ORD006625,2025-08-17,C1077,Headphones,2,3299.00
ORD006626,2025-09-04,C1381,Keyboard,2,1499.00
ORD006627,2025-03-07,C1966,Headphones,4,3299.00
ORD006628,2025-08-31,C1326,Webcam,2,2499.00
ORD006629,2025-11-19,C1939,USB Hub,4,899.00
ORD006630,2025-07-16,C1105,Webcam,2,2499.00
ORD006631,2025-11-14,C1435,Wireless Mouse,1,799.00
ORD006632,2025-04-28,C1027,Power Bank,1,1799.00
ORD006633,2025-12-04,C1759,USB-C Cable,5,299.50
ORD006634,2025-06-11,C1895,Webcam,2,2499.00
ORD006635,2025-02-01,C1195,Webcam,2,2499.00
ORD006636,2025-02-02,C1362,Keyboard,2,1499.00
ORD006637,2025-07-01,C1010,Monitor,3,12499.00
ORD006638,2025-05-19,C1214,Keyboard,2,1499.00
ORD006639,2025-10-25,C1655,Keyboard,1,1499.00
ORD006640,2025-05-02,C1682,Webcam,1,2499.00
ORD006641,2025-08-15,C1496,USB Hub,5,899.00
ORD006642,2025-11-23,C1143,Power Bank,3,1799.00
ORD006643,2025-11-06,C1997,Power Bank,2,1799.00
ORD006644,2025-12-21,C1759,Monitor,3,12499.00
ORD006645,2025-03-20,C1994,USB-C Cable,1,299.50
ORD006646,2025-10-07,C1241,USB Hub,3,899.00
ORD006647,2025-12-25,C1954,Monitor,5,12499.00
ORD006648,2025-10-30,C1184,Keyboard,1,1499.00
ORD006649,2025-10-05,C1494,Webcam,4,2499.00
ORD006650,2025-08-09,C1504,Wireless Mouse,4,799.00
ORD006651,2025-04-17,C1901,Laptop Stand,2,1199.00
ORD006652,2025-10-29,C1603,USB-C Cable,5,299.50
ORD006653,2025-07-01,C1097,Headphones,3,3299.00
ORD006654,2025-03-26,C1348,Wireless Mouse,4,799.00
ORD006655,2025-12-07,C1296,USB Hub,4,899.00
ORD006656,2025-01-30,C1904,Webcam,5,2499.00
ORD006657,2025-11-22,C1515,Monitor,3,12499.00
ORD006658,2025-09-29,C1196,USB Hub,5,899.00
ORD006659,2025-06-14,C1716,USB-C Cable,4,299.50
ORD006660,2025-03-11,C1414,Power Bank,2,1799.00
ORD006661,2025-09-18,C1272,Wireless Mouse,4,799.00
ORD006662,2025-03-06,C1674,Power Bank,5,1799.00
ORD006663,2025-07-05,C1312,USB-C Cable,2,299.50
ORD006664,2025-07-11,C1082,Monitor,5,12499.00
ORD006665,2025-03-28,C1568,Headphones,2,3299.00
ORD006666,2025-04-04,C1890,USB-C Cable,3,299.50
ORD006667,2025-02-24,C1546,Wireless Mouse,2,799.00
ORD006668,2025-12-06,C1956,Monitor,4,12499.00
ORD006669,2025-06-03,C1457,USB-C Cable,2,299.50
ORD006670,2025-07-30,C1193,USB Hub,5,899.00
ORD006671,2025-04-03,C1661,Webcam,1,2499.00
ORD006672,2025-03-28,C1811,Keyboard,2,1499.00
ORD006673,2025-05-21,C1089,Laptop Stand,3,1199.00
ORD006674,2025-11-01,C1011,USB-C Cable,1,299.50
ORD006675,2025-07-21,C1174,Headphones,4,3299.00
ORD006676,2025-03-10,C1419,Wireless Mouse,4,799.00
ORD006677,2025-05-15,C1940,Wireless Mouse,3,799.00
ORD006678,2025-10-25,C1369,Wireless Mouse,4,799.00
ORD006679,2025-04-05,C1068,Laptop Stand,4,1199.00
ORD006680,2025-11-28,C1040,Webcam,1,2499.00
ORD006681,2025-11-11,C1076,Laptop Stand,1,1199.00
ORD006682,2025-10-22,C1224,Keyboard,2,1499.00
ORD006683,2025-04-13,C1551,Monitor,5,12499.00
ORD006684,2025-03-10,C1164,USB-C Cable,3,299.50
ORD006685,2025-02-17,C1088,Power Bank,5,1799.00
ORD006686,2025-07-15,C1872,Laptop Stand,1,1199.00
ORD006687,2025-08-03,C1988,Wireless Mouse,1,799.00
ORD006688,2025-03-15,C1472,USB Hub,4,899.00
ORD006689,2025-06-14,C1409,Wireless Mouse,3,799.00
ORD006690,2025-02-26,C1945,Headphones,4,3299.00
ORD006691,2025-08-31,C1999,Wireless Mouse,4,799.00
ORD006692,2025-07-20,C1288,USB-C Cable,2,299.50
ORD006693,2025-07-01,C1010,USB Hub,1,899.00
ORD006694,2025-04-27,C1474,Monitor,2,12499.00
ORD006695,2025-05-19,C1433,Laptop Stand,1,1199.00
ORD006696,2025-08-06,C1674,Power Bank,2,1799.00
ORD006697,2025-12-11,C1113,Laptop Stand,2,1199.00
ORD006698,2025-07-30,C1117,Laptop Stand,1,1199.00
ORD006699,2025-05-25,C1729,Webcam,1,2499.00
ORD006700,2025-06-03,C1140,Headphones,2,3299.00
ORD006701,2025-07-19,C1357,Keyboard,3,1499.00
ORD006702,2025-03-01,C1937,Webcam,2,2499.00
ORD006703,2025-04-02,C1475,Power Bank,4,1799.00
ORD006704,2025-09-25,C1370,Headphones,4,3299.00
ORD006705,2025-01-17,C1432,Headphones,2,3299.00
ORD006706,2025-11-06,C1299,Webcam,2,2499.00
ORD006707,2025-05-23,C1901,Wireless Mouse,4,799.00
ORD006708,2025-08-31,C1335,Keyboard,3,1499.00
ORD006709,2025-09-19,C1563,Keyboard,4,1499.00
ORD006710,2025-02-14,C1855,Wireless Mouse,4,799.00
ORD006711,2025-03-30,C1306,Laptop Stand,2,1199.00
ORD006712,2025-03-28,C1293,Wireless Mouse,5,799.00
ORD006713,2025-08-16,C1315,Laptop Stand,3,1199.00
ORD006714,2025-02-09,C1787,Webcam,4,2499.00
ORD006715,2025-04-23,C1275,USB-C Cable,3,299.50
ORD006716,2025-06-21,C1815,Headphones,2,3299.00
ORD006717,2025-07-19,C1586,USB Hub,3,899.00
ORD006718,2025-10-19,C1779,Power Bank,1,1799.00
ORD006719,2025-07-03,C1895,USB-C Cable,3,299.50
ORD006720,2025-07-09,C1763,USB Hub,2,899.00
ORD006721,2025-03-12,C1428,Headphones,5,3299.00
ORD006722,2025-05-24,C1704,Wireless Mouse,4,799.00
ORD006723,2025-04-12,C1528,USB-C Cable,4,299.50
ORD006724,2025-02-02,C1668,Webcam,1,2499.00
ORD006725,2025-11-01,C1347,Wireless Mouse,2,799.00
ORD006726,2025-06-22,C1640,USB Hub,3,899.00
ORD006727,2025-05-18,C1178,Power Bank,1,1799.00
ORD006728,2025-05-23,C1240,Headphones,3,3299.00
ORD006729,2025-01-17,C1595,Wireless Mouse,2,799.00
ORD006730,2025-10-01,C1079,Power Bank,3,1799.00
ORD006731,2025-01-26,C1312,Headphones,4,3299.00
ORD006732,2025-02-18,C1300,Headphones,2,3299.00
ORD006733,2025-09-16,C1979,Power Bank,5,1799.00
ORD006734,2025-05-22,C1217,Webcam,4,2499.00
ORD006735,2025-07-22,C1745,Wireless Mouse,4,799.00
ORD006736,2025-10-05,C1770,Keyboard,4,1499.00
ORD006737,2025-08-01,C1262,Monitor,4,12499.00
ORD006738,2025-03-09,C1695,Power Bank,4,1799.00
ORD006739,2025-07-26,C1566,Laptop Stand,1,1199.00
ORD006740,2025-12-04,C1304,Monitor,1,12499.00
ORD006741,2025-07-10,C1836,USB Hub,5,899.00
ORD006742,2025-01-31,C1152,Wireless Mouse,4,799.00
ORD006743,2025-12-23,C1170,Power Bank,5,1799.00
ORD006744,2025-01-06,C1795,Keyboard,5,1499.00
ORD006745,2025-06-21,C1041,Webcam,4,2499.00
ORD006746,2025-07-17,C1020,USB Hub,3,899.00
ORD006747,2025-07-06,C1421,Laptop Stand,4,1199.00
ORD006748,2025-06-22,C1921,Wireless Mouse,1,799.00
ORD006749,2025-12-28,C1253,Laptop Stand,4,1199.00
ORD006750,2025-08-06,C1606,Webcam,5,2499.00
ORD006751,2025-04-19,C1027,Laptop Stand,4,1199.00
ORD006752,2025-11-27,C1450,Power Bank,2,1799.00
ORD006753,2025-07-27,C1482,Wireless Mouse,1,799.00
ORD006754,2025-03-11,C1187,USB Hub,2,899.00
ORD006755,2025-07-30,C1909,Headphones,4,3299.00
ORD006756,2025-02-11,C1629,Webcam,1,2499.00
ORD006757,2025-08-20,C1520,USB Hub,5,899.00
ORD006758,2025-06-18,C1223,Headphones,5,3299.00
ORD006759,2025-12-13,C1612,Monitor,1,12499.00
ORD006760,2025-08-30,C1769,Headphones,2,3299.00
ORD006761,2025-04-15,C1311,Headphones,2,3299.00
ORD006762,2025-12-22,C1632,USB Hub,5,899.00
ORD006763,2025-07-24,C1024,Power Bank,3,1799.00
ORD006764,2025-01-12,C1864,Monitor,3,12499.00
ORD006765,2025-03-13,C1848,USB-C Cable,1,299.50
ORD006766,2025-01-31,C1268,Power Bank,5,1799.00
ORD006767,2025-12-25,C1783,Headphones,1,3299.00
ORD006768,2025-07-25,C1699,USB Hub,4,899.00
ORD006769,2025-07-28,C1400,Wireless Mouse,2,799.00
ORD006770,2025-02-01,C1780,USB-C Cable,1,299.50
ORD006771,2025-03-25,C1591,Headphones,1,3299.00
ORD006772,2025-04-09,C1966,Power Bank,5,1799.00
ORD006773,2025-09-18,C1859,USB-C Cable,5,299.50
ORD006774,2025-12-11,C1580,Keyboard,5,1499.00
ORD006775,2025-09-09,C1122,USB-C Cable,5,299.50
ORD006776,2025-08-03,C1719,USB-C Cable,3,299.50
ORD006777,2025-04-30,C1474,Laptop Stand,1,1199.00
ORD006778,2025-01-04,C1546,Power Bank,4,1799.00
ORD006779,2025-11-09,C1268,Webcam,2,2499.00
ORD006780,2025-10-28,C1298,Headphones,2,3299.00
ORD006781,2025-04-16,C1735,Wireless Mouse,5,799.00
ORD006782,2025-12-18,C1976,USB Hub,2,899.00
ORD006783,2025-12-12,C1789,Keyboard,2,1499.00
ORD006784,2025-06-04,C1703,Monitor,5,12499.00
ORD006785,2025-02-27,C1289,Wireless Mouse,3,799.00
ORD006786,2025-08-19,C1027,Headphones,4,3299.00
ORD006787,2025-02-02,C1631,USB-C Cable,3,299.50
ORD006788,2025-08-13,C1194,USB Hub,1,899.00
ORD006789,2025-05-13,C1621,Monitor,5,12499.00
ORD006790,2025-05-20,C1237,USB-C Cable,5,299.50
ORD006791,2025-05-23,C1674,USB Hub,2,899.00
ORD006792,2025-12-24,C1150,Wireless Mouse,1,799.00
ORD006793,2025-10-03,C1114,Power Bank,4,1799.00
ORD006794,2025-09-15,C1880,Power Bank,1,1799.00
ORD006795,2025-11-21,C1385,Headphones,3,3299.00
ORD006796,2025-12-14,C1116,Laptop Stand,3,1199.00
ORD006797,2025-10-24,C1884,USB Hub,1,899.00
ORD006798,2025-07-14,C1666,Keyboard,3,1499.00
ORD006799,2025-12-01,C1523,USB-C Cable,1,299.50
ORD006800,2025-01-01,C1204,Monitor,4,12499.00
ORD006801,2025-02-28,C1487,Wireless Mouse,1,799.00
ORD006802,2025-07-31,C1645,USB-C Cable,3,299.50
ORD006803,2025-08-17,C1900,Wireless Mouse,1,799.00
ORD006804,2025-01-16,C1525,Laptop Stand,5,1199.00
ORD006805,2025-09-23,C1655,Wireless Mouse,1,799.00
ORD006806,2025-03-23,C1411,Power Bank,2,1799.00
ORD006807,2025-03-26,C1615,USB Hub,4,899.00
ORD006808,2025-03-31,C1666,USB Hub,3,899.00
ORD006809,2025-09-27,C1334,Webcam,1,2499.00
ORD006810,2025-08-23,C1150,Wireless Mouse,5,799.00
ORD006811,2025-12-04,C1593,USB Hub,3,899.00
ORD006812,2025-11-25,C1662,USB-C Cable,4,299.50
ORD006813,2025-02-15,C1077,Webcam,4,2499.00
ORD006814,2025-01-02,C1433,USB Hub,5,899.00
ORD006815,2025-11-04,C1905,Keyboard,4,1499.00
ORD006816,2025-03-29,C1819,Keyboard,4,1499.00
ORD006817,2025-07-20,C1135,Headphones,1,3299.00
ORD006818,2025-01-17,C1543,USB Hub,2,899.00
ORD006819,2025-05-03,C1639,Wireless Mouse,1,799.00
ORD006820,2025-01-30,C1650,Power Bank,2,1799.00
ORD006821,2025-04-10,C1688,Headphones,3,3299.00
ORD006822,2025-05-18,C1223,Webcam,3,2499.00
ORD006823,2025-11-19,C1666,Headphones,2,3299.00
ORD006824,2025-06-21,C1534,Webcam,4,2499.00
ORD006825,2025-02-11,C1182,Wireless Mouse,1,799.00
ORD006826,2025-12-05,C1952,Webcam,2,2499.00
ORD006827,2025-03-25,C1673,Webcam,3,2499.00
ORD006828,2025-07-28,C1610,Laptop Stand,1,1199.00
ORD006829,2025-03-21,C1979,Keyboard,2,1499.00
ORD006830,2025-07-06,C1254,Power Bank,1,1799.00
ORD006831,2025-10-10,C1931,USB-C Cable,3,299.50
ORD006832,2025-07-27,C1842,Power Bank,1,1799.00
ORD006833,2025-11-09,C1385,Laptop Stand,4,1199.00
ORD006834,2025-03-09,C1940,Wireless Mouse,3,799.00
ORD006835,2025-07-12,C1325,Laptop Stand,2,1199.00
ORD006836,2025-01-22,C1360,Webcam,3,2499.00
ORD006837,2025-12-24,C1782,Laptop Stand,4,1199.00
ORD006838,2025-09-14,C1771,Webcam,1,2499.00
ORD006839,2025-08-14,C1808,USB Hub,3,899.00
ORD006840,2025-12-14,C1016,Webcam,2,2499.00
ORD006841,2025-12-26,C1278,Headphones,5,3299.00
ORD006842,2025-03-17,C1121,USB Hub,3,899.00
ORD006843,2025-09-13,C1254,Power Bank,5,1799.00
ORD006844,2025-05-22,C1961,Monitor,4,12499.00
ORD006845,2025-03-19,C1202,Headphones,2,3299.00
ORD006846,2025-08-08,C1039,Laptop Stand,4,1199.00
ORD006847,2025-08-26,C1618,Headphones,5,3299.00
ORD006848,2025-07-28,C1290,USB Hub,5,899.00
ORD006849,2025-03-08,C1381,Keyboard,5,1499.00
ORD006850,2025-10-18,C1836,Webcam,4,2499.00
ORD006851,2025-03-11,C1766,USB-C Cable,1,299.50
ORD006852,2025-04-06,C1619,Webcam,5,2499.00
ORD006853,2025-04-05,C1169,Headphones,4,3299.00
ORD006854,2025-01-06,C1393,USB-C Cable,4,299.50
ORD006855,2025-02-07,C1989,Headphones,4,3299.00
ORD006856,2025-04-01,C1193,Headphones,3,3299.00
ORD006857,2025-11-09,C1604,Headphones,5,3299.00
ORD006858,2025-10-29,C1936,USB-C Cable,5,299.50
ORD006859,2025-05-07,C1220,USB Hub,3,899.00
ORD006860,2025-09-02,C1885,USB Hub,4,899.00
ORD006861,2025-09-21,C1475,USB Hub,4,899.00
ORD006862,2025-11-09,C1191,Power Bank,3,1799.00
ORD006863,2025-01-07,C1308,Headphones,1,3299.00
ORD006864,2025-05-11,C1537,Laptop Stand,2,1199.00
ORD006865,2025-09-25,C1970,Wireless Mouse,3,799.00
ORD006866,2025-02-18,C1335,Laptop Stand,2,1199.00
ORD006867,2025-04-08,C1999,USB Hub,5,899.00
ORD006868,2025-03-21,C1129,Keyboard,4,1499.00
ORD006869,2025-01-16,C1004,Wireless Mouse,1,799.00
ORD006870,2025-06-02,C1050,Webcam,4,2499.00
ORD006871,2025-03-17,C1860,Headphones,5,3299.00
ORD006872,2025-06-06,C1758,Keyboard,2,1499.00
ORD006873,2025-05-26,C1748,Wireless Mouse,5,799.00
ORD006874,2025-04-22,C1307,Keyboard,1,1499.00
ORD006875,2025-04-15,C1528,Wireless Mouse,5,799.00
ORD006876,2025-06-14,C1155,Power Bank,5,1799.00
ORD006877,2025-03-09,C1033,Power Bank,5,1799.00
ORD006878,2025-08-11,C1659,USB Hub,3,899.00
ORD006879,2025-06-02,C1163,Headphones,2,3299.00
ORD006880,2025-01-06,C1337,Webcam,5,2499.00
ORD006881,2025-01-29,C1531,USB-C Cable,2,299.50
ORD006882,2025-06-22,C1851,Laptop Stand,2,1199.00
ORD006883,2025-10-19,C1954,Wireless Mouse,4,799.00
ORD006884,2025-08-08,C1623,Headphones,1,3299.00
ORD006885,2025-10-14,C1927,Webcam,5,2499.00
ORD006886,2025-03-06,C1937,Headphones,5,3299.00
ORD006887,2025-01-18,C1664,USB Hub,3,899.00
ORD006888,2025-10-01,C1134,Headphones,1,3299.00
ORD006889,2025-08-31,C1674,Keyboard,3,1499.00
ORD006890,2025-11-18,C1957,Laptop Stand,1,1199.00
ORD006891,2025-11-12,C1418,Power Bank,4,1799.00
ORD006892,2025-09-27,C1440,Keyboard,5,1499.00
ORD006893,2025-09-03,C1156,Monitor,3,12499.00
ORD006894,2025-06-08,C1253,Wireless Mouse,3,799.00
ORD006895,2025-05-12,C1123,Power Bank,2,1799.00
ORD006896,2025-04-26,C1987,Monitor,1,12499.00
ORD006897,2025-09-04,C1676,Laptop Stand,5,1199.00
ORD006898,2025-07-27,C1099,Monitor,1,12499.00
ORD006899,2025-09-12,C1501,Wireless Mouse,4,799.00
ORD006900,2025-11-25,C1173,Laptop Stand,1,1199.00
ORD006901,2025-06-29,C1063,Power Bank,2,1799.00
ORD006902,2025-02-14,C1775,Headphones,5,3299.00
ORD006903,2025-01-24,C1150,USB-C Cable,3,299.50
ORD006904,2025-10-30,C1203,Keyboard,5,1499.00
ORD006905,2025-04-10,C1215,Power Bank,4,1799.00
ORD006906,2025-04-08,C1305,Wireless Mouse,2,799.00
ORD006907,2025-06-08,C1281,Webcam,4,2499.00
ORD006908,2025-10-09,C1623,Webcam,1,2499.00
ORD006909,2025-09-10,C1441,Webcam,1,2499.00
ORD006910,2025-10-01,C1425,Power Bank,2,1799.00
ORD006911,2025-06-11,C1067,Laptop Stand,1,1199.00
ORD006912,2025-07-31,C1329,Power Bank,1,1799.00
ORD006913,2025-08-30,C1644,Keyboard,1,1499.00
ORD006914,2025-07-02,C1091,USB Hub,4,899.00
ORD006915,2025-12-03,C1170,Laptop Stand,5,1199.00
ORD006916,2025-02-10,C1274,Monitor,3,12499.00
ORD006917,2025-04-09,C1994,Headphones,3,3299.00
ORD006918,2025-11-06,C1833,Wireless Mouse,1,799.00
ORD006919,2025-07-01,C1521,USB Hub,1,899.00
ORD006920,2025-06-27,C1557,Monitor,1,12499.00
ORD006921,2025-06-14,C1916,Keyboard,4,1499.00
ORD006922,2025-05-19,C1735,Webcam,5,2499.00
ORD006923,2025-12-09,C1374,Headphones,2,3299.00
ORD006924,2025-07-23,C1048,Keyboard,4,1499.00
ORD006925,2025-01-02,C1051,Power Bank,3,1799.00
ORD006926,2025-10-28,C1251,Wireless Mouse,1,799.00
ORD006927,2025-06-13,C1914,Webcam,3,2499.00
ORD006928,2025-10-04,C1282,Keyboard,1,1499.00
ORD006929,2025-11-06,C1945,Laptop Stand,5,1199.00
ORD006930,2025-04-02,C1083,USB-C Cable,5,299.50
ORD006931,2025-12-15,C1214,Wireless Mouse,5,799.00
ORD006932,2025-07-21,C1787,Headphones,2,3299.00
ORD006933,2025-05-03,C1526,Wireless Mouse,3,799.00
ORD006934,2025-10-11,C1408,USB Hub,3,899.00
ORD006935,2025-12-04,C1455,Wireless Mouse,5,799.00
ORD006936,2025-01-07,C1155,USB Hub,4,899.00
ORD006937,2025-03-22,C1622,Monitor,3,12499.00
ORD006938,2025-07-15,C1289,Keyboard,4,1499.00
ORD006939,2025-04-15,C1739,Laptop Stand,2,1199.00
ORD006940,2025-08-02,C1135,Monitor,2,12499.00
ORD006941,2025-04-08,C1619,Wireless Mouse,4,799.00
ORD006942,2025-05-15,C1870,Webcam,1,2499.00
ORD006943,2025-09-17,C1921,USB Hub,1,899.00
ORD006944,2025-09-07,C1043,Headphones,5,3299.00
ORD006945,2025-09-05,C1992,USB Hub,1,899.00
ORD006946,2025-01-22,C1695,USB-C Cable,1,299.50
ORD006947,2025-10-04,C1859,Keyboard,3,1499.00
ORD006948,2025-02-10,C1094,Laptop Stand,2,1199.00
ORD006949,2025-07-19,C1387,USB-C Cable,1,299.50
ORD006950,2025-06-21,C1550,Keyboard,3,1499.00
ORD006951,2025-06-23,C1574,USB Hub,1,899.00
ORD006952,2025-03-25,C1819,Monitor,4,12499.00
ORD006953,2025-04-06,C1673,Laptop Stand,1,1199.00
ORD006954,2025-11-01,C1671,Keyboard,4,1499.00
ORD006955,2025-06-01,C1465,Wireless Mouse,2,799.00
ORD006956,2025-01-10,C1321,USB-C Cable,2,299.50
ORD006957,2025-12-14,C1007,Power Bank,4,1799.00
ORD006958,2025-05-20,C1372,Power Bank,3,1799.00
ORD006959,2025-09-03,C1743,Webcam,1,2499.00
ORD006960,2025-12-14,C1913,USB Hub,2,899.00
ORD006961,2025-02-10,C1454,Laptop Stand,1,1199.00
ORD006962,2025-07-19,C1763,Webcam,1,2499.00
ORD006963,2025-05-05,C1590,Monitor,3,12499.00
ORD006964,2025-09-06,C1823,Headphones,4,3299.00
ORD006965,2025-03-09,C1893,Headphones,4,3299.00
ORD006966,2025-05-08,C1334,USB-C Cable,5,299.50
ORD006967,2025-01-02,C1372,Headphones,2,3299.00
ORD006968,2025-03-12,C1767,Wireless Mouse,4,799.00
ORD006969,2025-10-01,C1308,Keyboard,1,1499.00
ORD006970,2025-07-11,C1497,USB-C Cable,5,299.50
ORD006971,2025-01-04,C1221,Power Bank,4,1799.00
ORD006972,2025-07-25,C1049,USB Hub,3,899.00
ORD006973,2025-07-21,C1242,Wireless Mouse,1,799.00
ORD006974,2025-07-22,C1244,Headphones,4,3299.00
ORD006975,2025-07-09,C1045,Wireless Mouse,2,799.00
ORD006976,2025-11-25,C1089,USB Hub,4,899.00
ORD006977,2025-01-05,C1638,Webcam,5,2499.00
ORD006978,2025-01-06,C1880,Keyboard,2,1499.00
ORD006979,2025-10-31,C1121,Wireless Mouse,2,799.00
ORD006980,2025-05-02,C1654,Wireless Mouse,1,799.00
ORD006981,2025-07-06,C1138,USB-C Cable,1,299.50
ORD006982,2025-06-23,C1161,Webcam,2,2499.00
ORD006983,2025-07-09,C1582,Power Bank,4,1799.00
ORD006984,2025-04-29,C1878,Monitor,1,12499.00
ORD006985,2025-07-20,C1042,USB-C Cable,1,299.50
ORD006986,2025-08-09,C1044,USB Hub,2,899.00
ORD006987,2025-06-28,C1939,Power Bank,4,1799.00
ORD006988,2025-12-05,C1329,Webcam,3,2499.00
ORD006989,2025-11-19,C1604,Webcam,2,2499.00
ORD006990,2025-06-13,C1292,Wireless Mouse,5,799.00
ORD006991,2025-12-22,C1292,Webcam,3,2499.00
ORD006992,2025-09-21,C1092,Laptop Stand,1,1199.00
ORD006993,2025-01-09,C1645,USB Hub,5,899.00
ORD006994,2025-10-08,C1609,Keyboard,4,1499.00
ORD006995,2025-11-19,C1358,Monitor,5,12499.00
ORD006996,2025-05-26,C1907,Laptop Stand,3,1199.00
ORD006997,2025-07-23,C1415,Monitor,2,12499.00
ORD006998,2025-11-02,C1813,USB-C Cable,3,299.50
ORD006999,2025-03-05,C1505,USB-C Cable,5,299.50
ORD007000,2025-01-27,C1322,Power Bank,4,1799.00
ORD007001,2025-01-07,C1240,Headphones,4,3299.00
ORD007002,2025-08-04,C1860,Keyboard,2,1499.00
ORD007003,2025-10-05,C1433,Webcam,1,2499.00
ORD007004,2025-01-06,C1303,Power Bank,4,1799.00
ORD007005,2025-08-04,C1923,USB-C Cable,4,299.50
ORD007006,2025-03-09,C1201,Wireless Mouse,3,799.00
ORD007007,2025-07-07,C1516,Keyboard,3,1499.00
ORD007008,2025-02-06,C1383,Wireless Mouse,2,799.00
ORD007009,2025-02-04,C1451,Wireless Mouse,2,799.00
ORD007010,2025-08-05,C1508,Keyboard,1,1499.00
ORD007011,2025-08-05,C1055,Monitor,3,12499.00
ORD007012,2025-08-14,C1585,USB Hub,1,899.00
ORD007013,2025-03-08,C1183,Monitor,3,12499.00
ORD007014,2025-02-08,C1214,Webcam,2,2499.00
ORD007015,2025-06-07,C1452,Monitor,5,12499.00
ORD007016,2025-01-29,C1726,Webcam,4,2499.00
ORD007017,2025-07-07,C1218,Webcam,1,2499.00
ORD007018,2025-12-22,C1961,Monitor,4,12499.00
ORD007019,2025-06-13,C1740,Wireless Mouse,4,799.00
ORD007020,2025-10-21,C1955,Keyboard,1,1499.00
ORD007021,2025-11-23,C1589,USB Hub,5,899.00
ORD007022,2025-08-11,C1987,Headphones,3,3299.00
ORD007023,2025-10-25,C1219,Headphones,4,3299.00
ORD007024,2025-07-18,C1906,Monitor,1,12499.00
ORD007025,2025-05-01,C1199,USB Hub,3,899.00
ORD007026,2025-05-16,C1642,Power Bank,5,1799.00
ORD007027,2025-07-22,C1560,Power Bank,1,1799.00
ORD007028,2025-12-18,C1479,Monitor,1,12499.00
ORD007029,2025-05-05,C1763,USB-C Cable,4,299.50
ORD007030,2025-02-15,C1555,Power Bank,3,1799.00
ORD007031,2025-01-04,C1825,Laptop Stand,1,1199.00
ORD007032,2025-03-25,C1026,USB-C Cable,5,299.50
ORD007033,2025-08-10,C1500,Monitor,2,12499.00
ORD007034,2025-04-08,C1870,Laptop Stand,2,1199.00
ORD007035,2025-04-19,C1805,Power Bank,2,1799.00
ORD007036,2025-10-17,C1881,Laptop Stand,4,1199.00
ORD007037,2025-05-13,C1040,Webcam,2,2499.00
ORD007038,2025-03-10,C1329,USB Hub,2,899.00
ORD007039,2025-07-22,C1957,USB-C Cable,4,299.50
ORD007040,2025-11-13,C1880,Headphones,5,3299.00
ORD007041,2025-05-13,C1169,USB-C Cable,4,299.50
ORD007042,2025-05-02,C1636,Power Bank,2,1799.00
ORD007043,2025-10-01,C1888,Laptop Stand,3,1199.00
ORD007044,2025-01-24,C1139,USB-C Cable,2,299.50
ORD007045,2025-01-12,C1589,USB-C Cable,1,299.50
ORD007046,2025-12-19,C1000,Webcam,1,2499.00
ORD007047,2025-11-12,C1193,Headphones,2,3299.00
ORD007048,2025-09-22,C1285,USB-C Cable,3,299.50
ORD007049,2025-04-19,C1984,USB-C Cable,3,299.50
ORD007050,2025-12-04,C1072,Power Bank,5,1799.00
ORD007051,2025-03-18,C1910,USB Hub,5,899.00
ORD007052,2025-12-11,C1494,Wireless Mouse,3,799.00
ORD007053,2025-02-13,C1336,Monitor,3,12499.00
ORD007054,2025-03-06,C1918,Monitor,4,12499.00
ORD007055,2025-08-15,C1331,Wireless Mouse,4,799.00
ORD007056,2025-04-14,C1564,Keyboard,2,1499.00
ORD007057,2025-01-16,C1003,Keyboard,4,1499.00
ORD007058,2025-05-06,C1218,Webcam,2,2499.00
ORD007059,2025-08-10,C1640,USB-C Cable,2,299.50
ORD007060,2025-09-10,C1460,USB-C Cable,4,299.50
ORD007061,2025-04-22,C1208,Power Bank,1,1799.00
ORD007062,2025-09-17,C1716,Headphones,1,3299.00
ORD007063,2025-07-25,C1950,Headphones,3,3299.00
ORD007064,2025-01-15,C1947,Power Bank,4,1799.00
ORD007065,2025-04-17,C1571,Wireless Mouse,3,799.00
ORD007066,2025-05-02,C1387,Wireless Mouse,1,799.00
ORD007067,2025-11-11,C1320,Monitor,2,12499.00
ORD007068,2025-06-05,C1138,USB Hub,3,899.00
ORD007069,2025-01-20,C1655,Keyboard,4,1499.00
ORD007070,2025-01-28,C1135,Webcam,4,2499.00
ORD007071,2025-01-10,C1691,Webcam,4,2499.00
ORD007072,2025-07-07,C1518,Power Bank,2,1799.00
ORD007073,2025-08-21,C1430,Headphones,2,3299.00
ORD007074,2025-10-19,C1948,Monitor,1,12499.00
ORD007075,2025-03-23,C1014,Headphones,1,3299.00
ORD007076,2025-12-28,C1414,Laptop Stand,2,1199.00
ORD007077,2025-12-06,C1365,USB Hub,4,899.00
ORD007078,2025-07-30,C1746,Webcam,1,2499.00
ORD007079,2025-10-21,C1458,Webcam,3,2499.00
ORD007080,2025-11-01,C1497,Monitor,5,12499.00
ORD007081,2025-02-23,C1535,Laptop Stand,2,1199.00
ORD007082,2025-10-22,C1858,Power Bank,5,1799.00
ORD007083,2025-11-03,C1808,Webcam,1,2499.00
ORD007084,2025-11-03,C1935,Webcam,5,2499.00
ORD007085,2025-01-18,C1603,Headphones,5,3299.00
ORD007086,2025-06-10,C1014,Monitor,3,12499.00
ORD007087,2025-03-15,C1843,Laptop Stand,4,1199.00
ORD007088,2025-06-01,C1221,Headphones,2,3299.00
ORD007089,2025-04-24,C1998,USB-C Cable,5,299.50
ORD007090,2025-07-15,C1103,Webcam,2,2499.00
ORD007091,2025-03-22,C1735,Keyboard,5,1499.00
ORD007092,2025-11-30,C1076,USB Hub,1,899.00
ORD007093,2025-11-12,C1295,Monitor,5,12499.00
ORD007094,2025-04-27,C1257,Monitor,1,12499.00
ORD007095,2025-12-25,C1074,Wireless Mouse,2,799.00
ORD007096,2025-08-12,C1759,Power Bank,2,1799.00
ORD007097,2025-04-09,C1836,USB-C Cable,5,299.50
ORD007098,2025-12-27,C1937,USB Hub,3,899.00
ORD007099,2025-06-03,C1176,Power Bank,2,1799.00
ORD007100,2025-07-23,C1732,Monitor,4,12499.00
ORD007101,2025-12-23,C1503,USB Hub,1,899.00
ORD007102,2025-09-14,C1538,USB Hub,2,899.00
ORD007103,2025-04-15,C1461,USB-C Cable,5,299.50
ORD007104,2025-11-29,C1494,USB Hub,1,899.00
ORD007105,2025-12-03,C1559,Monitor,3,12499.00
ORD007106,2025-07-18,C1534,Keyboard,1,1499.00
ORD007107,2025-12-24,C1078,Headphones,2,3299.00
ORD007108,2025-10-22,C1657,Webcam,3,2499.00
ORD007109,2025-06-06,C1478,Headphones,5,3299.00
ORD007110,2025-05-19,C1400,USB Hub,1,899.00
ORD007111,2025-09-21,C1438,Monitor,4,12499.00
ORD007112,2025-10-18,C1793,Webcam,4,2499.00
ORD007113,2025-12-14,C1554,Laptop Stand,2,1199.00
ORD007114,2025-11-14,C1878,Wireless Mouse,4,799.00
ORD007115,2025-04-14,C1404,USB-C Cable,1,299.50
ORD007116,2025-10-06,C1060,Wireless Mouse,5,799.00
ORD007117,2025-08-02,C1085,USB-C Cable,4,299.50
ORD007118,2025-03-09,C1007,Headphones,1,3299.00
ORD007119,2025-06-15,C1364,Headphones,3,3299.00
ORD007120,2025-12-17,C1518,Power Bank,4,1799.00
ORD007121,2025-06-19,C1511,Webcam,5,2499.00
ORD007122,2025-06-15,C1335,Headphones,3,3299.00
ORD007123,2025-06-30,C1102,Power Bank,2,1799.00
ORD007124,2025-08-29,C1441,Webcam,3,2499.00
ORD007125,2025-01-04,C1053,Wireless Mouse,4,799.00
ORD007126,2025-08-17,C1345,USB Hub,5,899.00
ORD007127,2025-09-29,C1876,Headphones,2,3299.00
ORD007128,2025-12-16,C1058,Webcam,3,2499.00
ORD007129,2025-08-01,C1391,Keyboard,3,1499.00
ORD007130,2025-06-16,C1109,Webcam,2,2499.00
ORD007131,2025-05-12,C1882,USB-C Cable,3,299.50
ORD007132,2025-02-05,C1788,Webcam,5,2499.00
ORD007133,2025-06-01,C1005,Power Bank,2,1799.00
ORD007134,2025-04-14,C1541,Laptop Stand,4,1199.00
ORD007135,2025-08-07,C1017,USB Hub,5,899.00
ORD007136,2025-06-12,C1840,Laptop Stand,4,1199.00
ORD007137,2025-02-02,C1463,Wireless Mouse,1,799.00
ORD007138,2025-07-29,C1198,Laptop Stand,1,1199.00
ORD007139,2025-05-18,C1157,Webcam,2,2499.00
ORD007140,2025-11-26,C1421,USB Hub,1,899.00
ORD007141,2025-01-24,C1816,USB-C Cable,3,299.50
ORD007142,2025-10-04,C1626,Wireless Mouse,5,799.00
ORD007143,2025-01-16,C1623,Laptop Stand,3,1199.00
ORD007144,2025-04-19,C1275,Keyboard,5,1499.00
ORD007145,2025-10-26,C1788,Wireless Mouse,4,799.00
ORD007146,2025-11-07,C1487,Keyboard,5,1499.00
ORD007147,2025-10-22,C1898,Power Bank,4,1799.00
ORD007148,2025-05-20,C1344,USB-C Cable,2,299.50
ORD007149,2025-05-18,C1112,USB Hub,2,899.00
ORD007150,2025-07-19,C1624,Monitor,3,12499.00
ORD007151,2025-01-07,C1305,USB Hub,3,899.00
ORD007152,2025-08-26,C1209,Wireless Mouse,3,799.00
ORD007153,2025-12-20,C1503,Headphones,3,3299.00
ORD007154,2025-01-08,C1586,USB Hub,3,899.00
ORD007155,2025-11-24,C1654,Power Bank,2,1799.00
ORD007156,2025-12-13,C1019,Webcam,3,2499.00
ORD007157,2025-01-24,C1143,USB Hub,4,899.00
ORD007158,2025-03-28,C1734,Wireless Mouse,5,799.00
ORD007159,2025-05-19,C1150,Webcam,1,2499.00
ORD007160,2025-02-16,C1362,Laptop Stand,5,1199.00
ORD007161,2025-06-20,C1533,USB-C Cable,3,299.50
ORD007162,2025-08-28,C1195,Wireless Mouse,3,799.00
ORD007163,2025-01-21,C1232,USB-C Cable,1,299.50
ORD007164,2025-12-07,C1470,Power Bank,4,1799.00
ORD007165,2025-09-30,C1447,Webcam,4,2499.00
ORD007166,2025-11-09,C1374,Monitor,1,12499.00
ORD007167,2025-02-04,C1525,Webcam,4,2499.00
ORD007168,2025-12-18,C1535,Webcam,2,2499.00
ORD007169,2025-01-02,C1512,Laptop Stand,5,1199.00
ORD007170,2025-11-07,C1327,USB-C Cable,5,299.50
ORD007171,2025-12-23,C1526,Headphones,3,3299.00
ORD007172,2025-10-20,C1430,Keyboard,2,1499.00
ORD007173,2025-11-28,C1784,Laptop Stand,2,1199.00
ORD007174,2025-08-08,C1031,USB-C Cable,3,299.50
ORD007175,2025-07-12,C1733,USB Hub,5,899.00
ORD007176,2025-03-26,C1470,Webcam,4,2499.00
ORD007177,2025-05-30,C1950,Power Bank,5,1799.00
ORD007178,2025-02-20,C1869,Laptop Stand,4,1199.00
ORD007179,2025-12-25,C1002,Laptop Stand,4,1199.00
ORD007180,2025-04-04,C1863,Headphones,5,3299.00
ORD007181,2025-12-03,C1989,Laptop Stand,1,1199.00
ORD007182,2025-02-17,C1831,Monitor,5,12499.00
ORD007183,2025-08-28,C1553,Keyboard,5,1499.00
ORD007184,2025-05-31,C1797,USB-C Cable,2,299.50
ORD007185,2025-07-05,C1841,Headphones,3,3299.00
ORD007186,2025-08-01,C1637,Webcam,5,2499.00
ORD007187,2025-08-04,C1950,Wireless Mouse,2,799.00
ORD007188,2025-03-10,C1471,Laptop Stand,2,1199.00
ORD007189,2025-12-01,C1485,Laptop Stand,1,1199.00
ORD007190,2025-11-16,C1514,Power Bank,5,1799.00
ORD007191,2025-03-19,C1905,Wireless Mouse,2,799.00
ORD007192,2025-08-30,C1695,Laptop Stand,5,1199.00
ORD007193,2025-01-19,C1725,Wireless Mouse,4,799.00
ORD007194,2025-05-20,C1893,Monitor,5,12499.00
ORD007195,2025-01-29,C1687,Power Bank,5,1799.00
ORD007196,2025-08-27,C1457,Webcam,5,2499.00
ORD007197,2025-12-27,C1265,Monitor,1,12499.00
ORD007198,2025-08-04,C1508,Power Bank,3,1799.00
ORD007199,2025-04-14,C1607,Monitor,5,12499.00
ORD007200,2025-10-06,C1553,Keyboard,5,1499.00
ORD007201,2025-08-20,C1766,Wireless Mouse,2,799.00
ORD007202,2025-09-21,C1067,Power Bank,3,1799.00
ORD007203,2025-06-14,C1505,Keyboard,5,1499.00
ORD007204,2025-10-13,C1594,Wireless Mouse,3,799.00
ORD007205,2025-09-19,C1623,Monitor,4,12499.00
ORD007206,2025-07-27,C1846,USB-C Cable,5,299.50
ORD007207,2025-09-16,C1269,Laptop Stand,5,1199.00
ORD007208,2025-08-15,C1420,USB Hub,2,899.00
ORD007209,2025-01-12,C1881,USB Hub,2,899.00
ORD007210,2025-12-17,C1490,Wireless Mouse,4,799.00
ORD007211,2025-03-19,C1243,Keyboard,5,1499.00
ORD007212,2025-12-15,C1111,Headphones,2,3299.00
ORD007213,2025-11-20,C1805,Keyboard,5,1499.00
ORD007214,2025-11-20,C1870,Wireless Mouse,3,799.00
ORD007215,2025-10-08,C1899,Keyboard,5,1499.00
ORD007216,2025-03-21,C1950,Keyboard,5,1499.00
ORD007217,2025-09-25,C1659,USB Hub,4,899.00
ORD007218,2025-09-19,C1785,Keyboard,2,1499.00
ORD007219,2025-11-29,C1847,Wireless Mouse,4,799.00
ORD007220,2025-07-25,C1397,Wireless Mouse,5,799.00
ORD007221,2025-03-02,C1048,Wireless Mouse,4,799.00
ORD007222,2025-04-23,C1492,USB-C Cable,2,299.50
ORD007223,2025-03-15,C1396,USB Hub,5,899.00
ORD007224,2025-04-25,C1281,Laptop Stand,5,1199.00
ORD007225,2025-12-05,C1311,Headphones,5,3299.00
ORD007226,2025-01-24,C1248,Power Bank,3,1799.00
ORD007227,2025-08-04,C1502,Wireless Mouse,3,799.00
ORD007228,2025-09-19,C1628,Power Bank,4,1799.00
ORD007229,2025-04-26,C1997,USB Hub,2,899.00
ORD007230,2025-07-01,C1707,Monitor,4,12499.00
ORD007231,2025-09-07,C1452,Wireless Mouse,2,799.00
ORD007232,2025-03-29,C1860,Keyboard,2,1499.00
ORD007233,2025-06-15,C1337,Keyboard,3,1499.00
ORD007234,2025-12-15,C1864,Wireless Mouse,3,799.00
ORD007235,2025-12-13,C1926,Power Bank,1,1799.00
ORD007236,2025-03-07,C1659,Monitor,1,12499.00
ORD007237,2025-09-02,C1632,USB Hub,5,899.00
ORD007238,2025-09-22,C1280,Laptop Stand,3,1199.00
ORD007239,2025-01-23,C1318,Webcam,3,2499.00
ORD007240,2025-10-03,C1214,USB Hub,1,899.00
ORD007241,2025-06-09,C1065,Keyboard,3,1499.00
ORD007242,2025-01-27,C1667,Power Bank,1,1799.00
ORD007243,2025-04-27,C1663,USB-C Cable,3,299.50
ORD007244,2025-04-12,C1410,Wireless Mouse,5,799.00
ORD007245,2025-02-28,C1332,Power Bank,4,1799.00
ORD007246,2025-11-05,C1076,USB Hub,1,899.00
ORD007247,2025-08-19,C1632,Power Bank,4,1799.00
ORD007248,2025-01-28,C1894,USB Hub,2,899.00
ORD007249,2025-11-24,C1996,Laptop Stand,3,1199.00
ORD007250,2025-07-02,C1436,Webcam,5,2499.00
ORD007251,2025-05-15,C1421,Webcam,4,2499.00
ORD007252,2025-01-13,C1936,Webcam,2,2499.00
ORD007253,2025-08-07,C1976,Headphones,3,3299.00
ORD007254,2025-02-03,C1442,Wireless Mouse,2,799.00
ORD007255,2025-11-10,C1326,USB-C Cable,4,299.50
ORD007256,2025-09-13,C1518,Laptop Stand,2,1199.00
ORD007257,2025-07-01,C1596,Keyboard,4,1499.00
ORD007258,2025-08-20,C1723,Monitor,2,12499.00
ORD007259,2025-12-06,C1449,USB-C Cable,2,299.50
ORD007260,2025-09-18,C1402,Keyboard,5,1499.00
ORD007261,2025-12-30,C1038,Laptop Stand,2,1199.00
ORD007262,2025-06-19,C1572,Keyboard,3,1499.00
ORD007263,2025-11-25,C1167,Webcam,2,2499.00
ORD007264,2025-03-31,C1307,Laptop Stand,1,1199.00
ORD007265,2025-07-10,C1070,Headphones,5,3299.00
ORD007266,2025-11-17,C1756,Monitor,3,12499.00
ORD007267,2025-05-07,C1597,USB Hub,4,899.00
ORD007268,2025-01-13,C1969,Headphones,4,3299.00
ORD007269,2025-06-03,C1298,Laptop Stand,4,1199.00
ORD007270,2025-12-30,C1260,Power Bank,4,1799.00
ORD007271,2025-03-04,C1353,USB-C Cable,5,299.50
ORD007272,2025-10-06,C1290,Monitor,1,12499.00
ORD007273,2025-05-18,C1758,Power Bank,5,1799.00
ORD007274,2025-08-06,C1065,Keyboard,4,1499.00
ORD007275,2025-06-22,C1013,Wireless Mouse,2,799.00
ORD007276,2025-02-09,C1525,USB-C Cable,1,299.50
ORD007277,2025-10-17,C1565,Headphones,1,3299.00
ORD007278,2025-02-20,C1233,Webcam,3,2499.00
ORD007279,2025-12-08,C1491,Webcam,4,2499.00
ORD007280,2025-12-28,C1604,Wireless Mouse,3,799.00
ORD007281,2025-04-15,C1710,USB Hub,4,899.00
ORD007282,2025-05-28,C1026,Power Bank,2,1799.00
ORD007283,2025-10-02,C1414,USB-C Cable,3,299.50
ORD007284,2025-04-14,C1789,Laptop Stand,1,1199.00
ORD007285,2025-08-06,C1984,USB-C Cable,3,299.50
ORD007286,2025-10-22,C1743,Wireless Mouse,5,799.00
ORD007287,2025-12-29,C1838,Headphones,2,3299.00
ORD007288,2025-10-13,C1912,Keyboard,2,1499.00
ORD007289,2025-07-13,C1463,Headphones,4,3299.00
ORD007290,2025-11-04,C1764,Keyboard,4,1499.00
ORD007291,2025-07-31,C1445,Headphones,1,3299.00
ORD007292,2025-03-13,C1320,Wireless Mouse,4,799.00
ORD007293,2025-05-23,C1178,Laptop Stand,1,1199.00
ORD007294,2025-03-07,C1136,USB-C Cable,2,299.50
ORD007295,2025-11-11,C1602,Webcam,5,2499.00
ORD007296,2025-02-07,C1921,Wireless Mouse,2,799.00
ORD007297,2025-08-05,C1567,Power Bank,2,1799.00
ORD007298,2025-09-07,C1366,Headphones,5,3299.00
ORD007299,2025-02-18,C1485,Wireless Mouse,4,799.00
ORD007300,2025-06-17,C1153,Keyboard,3,1499.00
ORD007301,2025-07-26,C1123,Webcam,3,2499.00
ORD007302,2025-01-14,C1631,Webcam,2,2499.00
ORD007303,2025-05-06,C1795,Laptop Stand,3,1199.00
ORD007304,2025-08-23,C1311,Keyboard,4,1499.00
ORD007305,2025-08-11,C1902,Monitor,3,12499.00
ORD007306,2025-07-12,C1833,USB-C Cable,1,299.50
ORD007307,2025-10-09,C1392,Keyboard,2,1499.00
ORD007308,2025-03-07,C1388,Power Bank,2,1799.00
ORD007309,2025-10-18,C1598,Keyboard,3,1499.00
ORD007310,2025-11-10,C1648,Headphones,3,3299.00
ORD007311,2025-10-26,C1776,Monitor,2,12499.00
ORD007312,2025-09-06,C1701,USB-C Cable,4,299.50
ORD007313,2025-05-15,C1831,Headphones,1,3299.00
ORD007314,2025-11-08,C1046,Webcam,1,2499.00
ORD007315,2025-10-08,C1331,Laptop Stand,1,1199.00
ORD007316,2025-06-21,C1351,USB-C Cable,1,299.50
ORD007317,2025-05-19,C1798,Laptop Stand,3,1199.00
ORD007318,2025-10-09,C1408,Webcam,4,2499.00
ORD007319,2025-04-03,C1546,USB-C Cable,5,299.50
ORD007320,2025-10-21,C1000,Laptop Stand,3,1199.00
ORD007321,2025-05-04,C1979,Power Bank,2,1799.00
ORD007322,2025-05-10,C1947,Keyboard,3,1499.00
ORD007323,2025-07-13,C1748,Webcam,1,2499.00
ORD007324,2025-12-18,C1493,Monitor,3,12499.00
ORD007325,2025-03-18,C1366,Laptop Stand,1,1199.00
ORD007326,2025-05-14,C1713,Keyboard,5,1499.00
ORD007327,2025-09-27,C1529,Power Bank,4,1799.00
ORD007328,2025-04-20,C1065,Monitor,2,12499.00
ORD007329,2025-05-29,C1014,Wireless Mouse,5,799.00
ORD007330,2025-05-27,C1249,Monitor,4,12499.00
ORD007331,2025-11-30,C1445,Power Bank,4,1799.00
ORD007332,2025-09-21,C1198,Keyboard,1,1499.00
ORD007333,2025-07-11,C1514,USB Hub,1,899.00
ORD007334,2025-02-21,C1740,Wireless Mouse,5,799.00
ORD007335,2025-05-05,C1087,Power Bank,3,1799.00
ORD007336,2025-10-26,C1086,Laptop Stand,3,1199.00
ORD007337,2025-02-03,C1256,Keyboard,2,1499.00
ORD007338,2025-09-04,C1547,Headphones,4,3299.00
ORD007339,2025-11-20,C1106,USB-C Cable,1,299.50
ORD007340,2025-10-08,C1079,Power Bank,5,1799.00
ORD007341,2025-02-19,C1046,Power Bank,5,1799.00
ORD007342,2025-11-20,C1537,Headphones,3,3299.00
ORD007343,2025-06-04,C1131,Headphones,3,3299.00
ORD007344,2025-01-28,C1416,Power Bank,5,1799.00
ORD007345,2025-03-15,C1884,Wireless Mouse,4,799.00
ORD007346,2025-05-06,C1946,Laptop Stand,1,1199.00
ORD007347,2025-05-15,C1183,Monitor,2,12499.00
ORD007348,2025-07-26,C1034,Wireless Mouse,1,799.00
ORD007349,2025-04-10,C1055,USB-C Cable,2,299.50
ORD007350,2025-08-10,C1895,USB Hub,3,899.00
ORD007351,2025-12-23,C1019,Monitor,3,12499.00
ORD007352,2025-03-28,C1295,USB-C Cable,1,299.50
ORD007353,2025-05-29,C1807,Keyboard,2,1499.00
ORD007354,2025-07-26,C1418,Wireless Mouse,4,799.00
ORD007355,2025-02-22,C1322,Wireless Mouse,1,799.00
ORD007356,2025-06-13,C1756,Webcam,5,2499.00
ORD007357,2025-01-10,C1097,USB-C Cable,4,299.50
ORD007358,2025-05-08,C1210,Headphones,5,3299.00
ORD007359,2025-03-07,C1138,USB-C Cable,2,299.50
ORD007360,2025-01-20,C1032,Webcam,3,2499.00
ORD007361,2025-10-28,C1133,Laptop Stand,2,1199.00
ORD007362,2025-01-25,C1381,USB-C Cable,4,299.50
ORD007363,2025-12-02,C1028,USB-C Cable,1,299.50
ORD007364,2025-02-08,C1116,Wireless Mouse,2,799.00
ORD007365,2025-10-01,C1314,Webcam,2,2499.00
ORD007366,2025-10-22,C1103,Laptop Stand,2,1199.00
ORD007367,2025-11-25,C1178,Laptop Stand,3,1199.00
ORD007368,2025-09-22,C1387,USB-C Cable,1,299.50
ORD007369,2025-03-23,C1249,Laptop Stand,5,1199.00
ORD007370,2025-06-21,C1852,Webcam,4,2499.00
ORD007371,2025-06-20,C1129,Webcam,2,2499.00
ORD007372,2025-04-06,C1512,Webcam,4,2499.00
ORD007373,2025-06-02,C1624,Webcam,4,2499.00
ORD007374,2025-01-03,C1177,Headphones,3,3299.00
ORD007375,2025-08-09,C1439,USB Hub,2,899.00
ORD007376,2025-03-31,C1763,Webcam,1,2499.00
ORD007377,2025-05-07,C1447,Monitor,4,12499.00
ORD007378,2025-11-17,C1926,Power Bank,2,1799.00
ORD007379,2025-12-05,C1586,Webcam,5,2499.00
ORD007380,2025-04-01,C1636,Monitor,4,12499.00
ORD007381,2025-07-02,C1414,Laptop Stand,1,1199.00
ORD007382,2025-12-19,C1181,Monitor,4,12499.00
ORD007383,2025-07-09,C1833,Headphones,3,3299.00
ORD007384,2025-05-17,C1499,Keyboard,4,1499.00
ORD007385,2025-07-09,C1806,USB-C Cable,2,299.50
ORD007386,2025-02-01,C1634,USB Hub,4,899.00
ORD007387,2025-06-03,C1107,Headphones,3,3299.00
ORD007388,2025-07-09,C1224,Power Bank,2,1799.00
ORD007389,2025-10-25,C1714,Headphones,3,3299.00
ORD007390,2025-05-28,C1899,USB-C Cable,4,299.50
ORD007391,2025-07-21,C1444,Webcam,3,2499.00
ORD007392,2025-06-23,C1213,Laptop Stand,5,1199.00
ORD007393,2025-03-07,C1780,Headphones,5,3299.00
ORD007394,2025-06-23,C1765,USB Hub,2,899.00
ORD007395,2025-05-29,C1207,USB-C Cable,4,299.50
ORD007396,2025-10-31,C1154,Power Bank,3,1799.00
ORD007397,2025-06-23,C1486,Keyboard,1,1499.00
ORD007398,2025-11-25,C1468,USB-C Cable,4,299.50
ORD007399,2025-11-17,C1560,Laptop Stand,2,1199.00
ORD007400,2025-05-19,C1217,Monitor,3,12499.00
ORD007401,2025-10-08,C1336,Headphones,5,3299.00
ORD007402,2025-05-07,C1684,Headphones,5,3299.00
ORD007403,2025-07-31,C1803,Wireless Mouse,1,799.00
ORD007404,2025-10-03,C1150,Headphones,3,3299.00
ORD007405,2025-10-30,C1654,Power Bank,2,1799.00
ORD007406,2025-12-03,C1079,USB Hub,4,899.00
ORD007407,2025-07-01,C1881,Keyboard,2,1499.00
ORD007408,2025-02-12,C1103,USB Hub,4,899.00
ORD007409,2025-12-02,C1201,USB Hub,4,899.00
ORD007410,2025-01-15,C1250,Keyboard,1,1499.00
ORD007411,2025-04-17,C1485,Power Bank,2,1799.00
ORD007412,2025-01-31,C1482,Headphones,2,3299.00
ORD007413,2025-02-18,C1280,Wireless Mouse,5,799.00
ORD007414,2025-09-04,C1981,Headphones,5,3299.00
ORD007415,2025-10-12,C1917,Wireless Mouse,2,799.00
ORD007416,2025-05-21,C1587,Headphones,2,3299.00
ORD007417,2025-03-09,C1125,Keyboard,3,1499.00
ORD007418,2025-04-11,C1606,Headphones,3,3299.00
ORD007419,2025-07-23,C1188,Power Bank,3,1799.00
ORD007420,2025-03-15,C1766,Webcam,5,2499.00
ORD007421,2025-07-18,C1862,USB-C Cable,3,299.50
ORD007422,2025-07-27,C1210,Monitor,2,12499.00
ORD007423,2025-08-24,C1142,Keyboard,5,1499.00
ORD007424,2025-01-06,C1220,Webcam,4,2499.00
ORD007425,2025-09-16,C1866,Webcam,1,2499.00
ORD007426,2025-04-03,C1657,Keyboard,4,1499.00
ORD007427,2025-05-30,C1580,Headphones,4,3299.00
ORD007428,2025-11-14,C1419,Keyboard,4,1499.00
ORD007429,2025-07-30,C1698,Wireless Mouse,5,799.00
ORD007430,2025-04-22,C1336,Laptop Stand,2,1199.00
ORD007431,2025-01-17,C1107,Keyboard,4,1499.00
ORD007432,2025-03-28,C1358,Keyboard,5,1499.00
ORD007433,2025-02-28,C1410,Wireless Mouse,2,799.00
ORD007434,2025-10-27,C1034,Webcam,1,2499.00
ORD007435,2025-04-26,C1237,Laptop Stand,3,1199.00
ORD007436,2025-04-21,C1487,Webcam,4,2499.00
ORD007437,2025-12-03,C1819,Power Bank,2,1799.00
ORD007438,2025-10-01,C1813,Webcam,1,2499.00
ORD007439,2025-01-24,C1845,Webcam,5,2499.00
ORD007440,2025-12-20,C1271,USB Hub,1,899.00
ORD007441,2025-02-06,C1885,Wireless Mouse,4,799.00
ORD007442,2025-11-04,C1221,Power Bank,1,1799.00
ORD007443,2025-05-09,C1930,Keyboard,5,1499.00
ORD007444,2025-02-23,C1410,Keyboard,1,1499.00
ORD007445,2025-10-24,C1670,Webcam,5,2499.00
ORD007446,2025-01-13,C1048,Keyboard,3,1499.00
ORD007447,2025-01-20,C1154,USB-C Cable,5,299.50
ORD007448,2025-08-02,C1873,USB Hub,4,899.00
ORD007449,2025-07-26,C1937,Keyboard,5,1499.00
ORD007450,2025-02-07,C1897,Wireless Mouse,5,799.00
ORD007451,2025-05-07,C1298,Wireless Mouse,2,799.00
ORD007452,2025-04-13,C1264,Keyboard,5,1499.00
ORD007453,2025-06-04,C1566,Monitor,3,12499.00
ORD007454,2025-01-31,C1214,USB-C Cable,3,299.50
ORD007455,2025-02-08,C1435,Laptop Stand,1,1199.00
ORD007456,2025-10-17,C1687,Power Bank,1,1799.00
ORD007457,2025-10-30,C1102,Power Bank,2,1799.00
ORD007458,2025-07-15,C1060,USB Hub,1,899.00
ORD007459,2025-09-04,C1101,Monitor,1,12499.00
ORD007460,2025-03-01,C1208,Power Bank,2,1799.00
ORD007461,2025-10-26,C1698,Keyboard,3,1499.00
ORD007462,2025-03-11,C1310,Wireless Mouse,4,799.00
ORD007463,2025-03-24,C1993,Wireless Mouse,5,799.00
ORD007464,2025-12-02,C1090,USB Hub,3,899.00
ORD007465,2025-03-03,C1135,Keyboard,5,1499.00
ORD007466,2025-11-20,C1306,Power Bank,3,1799.00
ORD007467,2025-09-06,C1956,USB-C Cable,1,299.50
ORD007468,2025-08-12,C1487,Laptop Stand,5,1199.00
ORD007469,2025-09-09,C1389,Monitor,3,12499.00
ORD007470,2025-04-07,C1619,Headphones,1,3299.00
ORD007471,2025-10-11,C1807,Laptop Stand,1,1199.00
ORD007472,2025-11-23,C1511,Wireless Mouse,3,799.00
ORD007473,2025-12-03,C1388,Keyboard,1,1499.00
ORD007474,2025-03-28,C1255,Webcam,2,2499.00
ORD007475,2025-06-28,C1290,Keyboard,1,1499.00
ORD007476,2025-12-30,C1243,Keyboard,1,1499.00
ORD007477,2025-04-22,C1339,Monitor,1,12499.00
ORD007478,2025-11-02,C1679,Headphones,4,3299.00
ORD007479,2025-07-18,C1068,USB-C Cable,4,299.50
ORD007480,2025-05-10,C1833,USB Hub,3,899.00
ORD007481,2025-03-27,C1330,Monitor,2,12499.00
ORD007482,2025-06-09,C1914,Power Bank,1,1799.00
ORD007483,2025-03-13,C1648,Wireless Mouse,3,799.00
ORD007484,2025-09-07,C1737,Webcam,1,2499.00
ORD007485,2025-10-26,C1555,Power Bank,5,1799.00
ORD007486,2025-09-24,C1538,Webcam,3,2499.00
ORD007487,2025-07-19,C1619,Headphones,3,3299.00
ORD007488,2025-10-19,C1972,USB Hub,5,899.00
ORD007489,2025-01-30,C1031,Laptop Stand,3,1199.00
ORD007490,2025-10-30,C1643,Keyboard,3,1499.00
ORD007491,2025-08-20,C1356,Headphones,4,3299.00
ORD007492,2025-07-07,C1372,Laptop Stand,5,1199.00
ORD007493,2025-03-16,C1872,Webcam,2,2499.00
ORD007494,2025-11-23,C1741,Power Bank,1,1799.00
ORD007495,2025-03-21,C1399,Power Bank,4,1799.00
ORD007496,2025-12-01,C1370,USB-C Cable,4,299.50
ORD007497,2025-01-14,C1265,Monitor,4,12499.00
ORD007498,2025-09-01,C1023,Wireless Mouse,1,799.00
ORD007499,2025-05-31,C1879,Keyboard,3,1499.00
ORD007500,2025-04-24,C1005,Keyboard,4,1499.00
ORD007501,2025-11-28,C1978,USB Hub,4,899.00
ORD007502,2025-05-14,C1041,USB-C Cable,5,299.50
ORD007503,2025-02-22,C1897,Power Bank,1,1799.00
ORD007504,2025-11-23,C1832,Wireless Mouse,4,799.00
ORD007505,2025-10-05,C1613,Headphones,1,3299.00
ORD007506,2025-02-21,C1497,Webcam,2,2499.00
ORD007507,2025-03-14,C1007,USB Hub,4,899.00
ORD007508,2025-03-28,C1196,Headphones,5,3299.00
ORD007509,2025-03-04,C1359,Keyboard,2,1499.00
ORD007510,2025-04-28,C1146,USB-C Cable,5,299.50
ORD007511,2025-04-03,C1179,USB-C Cable,5,299.50
ORD007512,2025-05-26,C1013,USB-C Cable,5,299.50
ORD007513,2025-08-30,C1334,Webcam,2,2499.00
ORD007514,2025-04-09,C1366,USB Hub,5,899.00
ORD007515,2025-01-17,C1001,Webcam,3,2499.00
ORD007516,2025-01-20,C1743,Keyboard,5,1499.00
ORD007517,2025-08-20,C1619,Webcam,1,2499.00
ORD007518,2025-07-10,C1911,Laptop Stand,1,1199.00
ORD007519,2025-05-07,C1355,Keyboard,1,1499.00
ORD007520,2025-04-10,C1326,Monitor,4,12499.00
ORD007521,2025-03-26,C1784,USB-C Cable,5,299.50
ORD007522,2025-01-04,C1810,USB-C Cable,4,299.50
ORD007523,2025-03-02,C1654,Webcam,3,2499.00
ORD007524,2025-10-12,C1041,Power Bank,5,1799.00
ORD007525,2025-09-26,C1246,Power Bank,1,1799.00
ORD007526,2025-10-04,C1017,USB-C Cable,1,299.50
ORD007527,2025-06-03,C1104,Wireless Mouse,5,799.00
ORD007528,2025-12-31,C1965,Webcam,3,2499.00
ORD007529,2025-06-04,C1079,Laptop Stand,5,1199.00
ORD007530,2025-03-06,C1805,Monitor,5,12499.00
ORD007531,2025-12-02,C1268,Keyboard,3,1499.00
ORD007532,2025-10-12,C1419,Power Bank,4,1799.00
ORD007533,2025-11-18,C1131,Webcam,5,2499.00
ORD007534,2025-03-31,C1087,Wireless Mouse,5,799.00
ORD007535,2025-11-09,C1228,USB Hub,1,899.00
ORD007536,2025-04-24,C1774,Headphones,3,3299.00
ORD007537,2025-10-14,C1657,Power Bank,1,1799.00
ORD007538,2025-08-26,C1571,Laptop Stand,5,1199.00
ORD007539,2025-12-08,C1149,Keyboard,1,1499.00
ORD007540,2025-12-05,C1635,Laptop Stand,4,1199.00
ORD007541,2025-05-03,C1841,Webcam,4,2499.00
ORD007542,2025-06-13,C1833,Wireless Mouse,3,799.00
ORD007543,2025-06-15,C1980,USB Hub,3,899.00
ORD007544,2025-07-10,C1606,Power Bank,5,1799.00
ORD007545,2025-12-24,C1786,Webcam,1,2499.00
ORD007546,2025-05-23,C1191,USB Hub,5,899.00
ORD007547,2025-08-03,C1617,Wireless Mouse,4,799.00
ORD007548,2025-12-20,C1305,Wireless Mouse,3,799.00
ORD007549,2025-09-24,C1622,USB-C Cable,5,299.50
ORD007550,2025-01-08,C1386,Headphones,1,3299.00
ORD007551,2025-07-18,C1339,Wireless Mouse,4,799.00
ORD007552,2025-05-04,C1239,Power Bank,4,1799.00
ORD007553,2025-07-10,C1454,Webcam,1,2499.00
ORD007554,2025-07-24,C1325,Keyboard,2,1499.00
ORD007555,2025-08-01,C1095,Power Bank,2,1799.00
ORD007556,2025-12-06,C1573,Headphones,1,3299.00
ORD007557,2025-10-28,C1920,Webcam,5,2499.00
ORD007558,2025-03-13,C1366,Wireless Mouse,2,799.00
ORD007559,2025-09-20,C1287,Wireless Mouse,2,799.00
ORD007560,2025-07-24,C1630,Power Bank,5,1799.00
ORD007561,2025-11-24,C1627,USB-C Cable,4,299.50
ORD007562,2025-05-18,C1308,Webcam,4,2499.00
ORD007563,2025-04-03,C1330,Power Bank,1,1799.00
ORD007564,2025-05-25,C1691,USB Hub,2,899.00
ORD007565,2025-03-14,C1922,Laptop Stand,3,1199.00
ORD007566,2025-04-19,C1308,USB-C Cable,5,299.50
ORD007567,2025-01-17,C1280,Wireless Mouse,1,799.00
ORD007568,2025-12-30,C1129,Power Bank,3,1799.00
ORD007569,2025-06-19,C1350,Keyboard,2,1499.00
ORD007570,2025-11-04,C1110,Headphones,3,3299.00
ORD007571,2025-06-23,C1322,USB Hub,4,899.00
ORD007572,2025-10-27,C1950,Webcam,1,2499.00
ORD007573,2025-03-31,C1854,Headphones,4,3299.00
ORD007574,2025-01-08,C1166,Headphones,3,3299.00
ORD007575,2025-07-08,C1463,USB-C Cable,1,299.50
ORD007576,2025-04-20,C1226,Laptop Stand,2,1199.00
ORD007577,2025-12-12,C1614,Monitor,3,12499.00
ORD007578,2025-04-03,C1953,Monitor,2,12499.00
ORD007579,2025-06-14,C1655,Keyboard,5,1499.00
ORD007580,2025-09-26,C1396,USB-C Cable,2,299.50
ORD007581,2025-05-24,C1020,Wireless Mouse,2,799.00
ORD007582,2025-07-20,C1188,Headphones,5,3299.00
ORD007583,2025-08-15,C1161,Keyboard,1,1499.00
ORD007584,2025-06-01,C1974,Power Bank,2,1799.00
ORD007585,2025-03-09,C1027,USB-C Cable,3,299.50
ORD007586,2025-07-28,C1475,Keyboard,5,1499.00
ORD007587,2025-03-03,C1367,USB-C Cable,2,299.50
ORD007588,2025-07-27,C1391,USB-C Cable,5,299.50
ORD007589,2025-09-01,C1879,Laptop Stand,1,1199.00
ORD007590,2025-04-24,C1129,Headphones,3,3299.00
ORD007591,2025-04-21,C1124,Wireless Mouse,2,799.00
ORD007592,2025-09-14,C1046,USB-C Cable,3,299.50
ORD007593,2025-07-03,C1007,USB Hub,2,899.00
ORD007594,2025-01-24,C1428,USB-C Cable,1,299.50
ORD007595,2025-02-24,C1590,Wireless Mouse,2,799.00
ORD007596,2025-04-19,C1382,Laptop Stand,5,1199.00
ORD007597,2025-09-08,C1618,Laptop Stand,4,1199.00
ORD007598,2025-11-06,C1063,Keyboard,1,1499.00
ORD007599,2025-11-27,C1022,Wireless Mouse,2,799.00
ORD007600,2025-08-09,C1101,Monitor,4,12499.00
ORD007601,2025-04-05,C1861,USB-C Cable,3,299.50
ORD007602,2025-12-13,C1287,Headphones,4,3299.00
ORD007603,2025-09-21,C1757,Keyboard,3,1499.00
ORD007604,2025-11-04,C1316,Monitor,1,12499.00
ORD007605,2025-10-24,C1636,Power Bank,2,1799.00
ORD007606,2025-01-01,C1292,Laptop Stand,3,1199.00
ORD007607,2025-03-11,C1760,Laptop Stand,2,1199.00
ORD007608,2025-07-17,C1666,Keyboard,4,1499.00
ORD007609,2025-10-01,C1786,Power Bank,1,1799.00
ORD007610,2025-06-19,C1385,Webcam,3,2499.00
ORD007611,2025-05-28,C1857,Power Bank,2,1799.00
ORD007612,2025-01-07,C1801,Power Bank,1,1799.00
ORD007613,2025-06-30,C1200,Webcam,5,2499.00
ORD007614,2025-02-11,C1686,Keyboard,4,1499.00
ORD007615,2025-08-08,C1992,Power Bank,4,1799.00
ORD007616,2025-06-24,C1059,Headphones,3,3299.00
ORD007617,2025-12-04,C1482,USB-C Cable,4,299.50
ORD007618,2025-03-06,C1027,Keyboard,5,1499.00
ORD007619,2025-10-11,C1088,USB-C Cable,3,299.50
ORD007620,2025-10-08,C1056,Power Bank,4,1799.00
ORD007621,2025-11-16,C1061,Keyboard,2,1499.00
ORD007622,2025-05-06,C1070,USB-C Cable,1,299.50
ORD007623,2025-09-02,C1641,Headphones,5,3299.00
ORD007624,2025-01-13,C1395,Power Bank,4,1799.00
ORD007625,2025-04-15,C1343,Headphones,2,3299.00
ORD007626,2025-03-19,C1203,USB-C Cable,4,299.50
ORD007627,2025-10-04,C1364,Keyboard,5,1499.00
ORD007628,2025-02-06,C1889,USB-C Cable,2,299.50
ORD007629,2025-11-22,C1529,Headphones,3,3299.00
ORD007630,2025-07-08,C1424,USB Hub,2,899.00
ORD007631,2025-02-12,C1085,Power Bank,3,1799.00
ORD007632,2025-11-07,C1319,USB-C Cable,2,299.50
ORD007633,2025-01-21,C1029,Wireless Mouse,2,799.00
ORD007634,2025-06-22,C1791,Power Bank,2,1799.00
ORD007635,2025-10-17,C1929,USB Hub,2,899.00
ORD007636,2025-12-26,C1714,Laptop Stand,1,1199.00
ORD007637,2025-03-15,C1265,Laptop Stand,4,1199.00
ORD007638,2025-11-03,C1674,Monitor,5,12499.00
ORD007639,2025-07-14,C1627,Headphones,2,3299.00
ORD007640,2025-09-03,C1773,USB-C Cable,5,299.50
ORD007641,2025-02-22,C1502,Webcam,5,2499.00
ORD007642,2025-12-16,C1508,Laptop Stand,4,1199.00
ORD007643,2025-10-19,C1073,Monitor,3,12499.00
ORD007644,2025-09-26,C1142,Laptop Stand,1,1199.00
ORD007645,2025-02-20,C1797,Keyboard,3,1499.00
ORD007646,2025-07-18,C1823,Wireless Mouse,3,799.00
ORD007647,2025-12-25,C1438,USB-C Cable,4,299.50
ORD007648,2025-04-05,C1441,Webcam,4,2499.00
ORD007649,2025-07-08,C1065,Laptop Stand,2,1199.00
ORD007650,2025-04-04,C1286,Power Bank,3,1799.00
ORD007651,2025-04-23,C1985,Monitor,2,12499.00
ORD007652,2025-07-07,C1688,Power Bank,4,1799.00
ORD007653,2025-07-17,C1628,Monitor,4,12499.00
ORD007654,2025-05-14,C1541,Headphones,4,3299.00
ORD007655,2025-05-31,C1602,USB Hub,4,899.00
ORD007656,2025-03-26,C1285,USB-C Cable,5,299.50
ORD007657,2025-12-29,C1376,Webcam,1,2499.00
ORD007658,2025-06-07,C1416,Wireless Mouse,2,799.00
ORD007659,2025-01-03,C1981,Monitor,4,12499.00
ORD007660,2025-10-18,C1428,USB-C Cable,3,299.50
ORD007661,2025-10-01,C1951,Headphones,3,3299.00
ORD007662,2025-03-15,C1838,Keyboard,1,1499.00
ORD007663,2025-03-06,C1768,Headphones,4,3299.00
ORD007664,2025-12-31,C1504,Headphones,2,3299.00
ORD007665,2025-06-13,C1719,Laptop Stand,1,1199.00
ORD007666,2025-10-27,C1796,Power Bank,2,1799.00
ORD007667,2025-12-17,C1898,Webcam,3,2499.00
ORD007668,2025-02-07,C1134,USB-C Cable,5,299.50
ORD007669,2025-06-04,C1447,Keyboard,3,1499.00
ORD007670,2025-04-06,C1150,Wireless Mouse,2,799.00
ORD007671,2025-09-10,C1472,Webcam,5,2499.00
ORD007672,2025-05-27,C1932,Wireless Mouse,3,799.00
ORD007673,2025-10-18,C1474,Power Bank,2,1799.00
ORD007674,2025-03-01,C1884,Monitor,5,12499.00
ORD007675,2025-12-24,C1671,Webcam,1,2499.00
ORD007676,2025-01-13,C1208,Power Bank,2,1799.00
ORD007677,2025-03-10,C1095,USB Hub,3,899.00
ORD007678,2025-10-12,C1696,Power Bank,2,1799.00
ORD007679,2025-04-09,C1455,Laptop Stand,2,1199.00
ORD007680,2025-10-18,C1715,Wireless Mouse,3,799.00
ORD007681,2025-02-02,C1734,Monitor,4,12499.00
ORD007682,2025-07-24,C1784,Power Bank,4,1799.00
ORD007683,2025-07-22,C1201,Wireless Mouse,4,799.00
ORD007684,2025-12-10,C1143,Laptop Stand,5,1199.00
ORD007685,2025-04-13,C1004,Headphones,1,3299.00
ORD007686,2025-03-12,C1904,Keyboard,2,1499.00
ORD007687,2025-01-26,C1912,Wireless Mouse,5,799.00
ORD007688,2025-09-15,C1940,Webcam,3,2499.00
ORD007689,2025-07-18,C1836,USB-C Cable,3,299.50
ORD007690,2025-04-15,C1209,USB Hub,2,899.00
ORD007691,2025-08-20,C1691,Headphones,5,3299.00
ORD007692,2025-01-12,C1969,Headphones,5,3299.00
ORD007693,2025-12-20,C1553,USB-C Cable,5,299.50
ORD007694,2025-09-13,C1741,Headphones,1,3299.00
ORD007695,2025-07-15,C1008,Laptop Stand,3,1199.00
ORD007696,2025-11-07,C1939,Webcam,3,2499.00
ORD007697,2025-11-03,C1136,Headphones,1,3299.00
ORD007698,2025-07-09,C1939,USB Hub,4,899.00
ORD007699,2025-10-18,C1732,Webcam,1,2499.00
ORD007700,2025-04-07,C1149,Keyboard,3,1499.00
ORD007701,2025-02-17,C1929,Monitor,5,12499.00
ORD007702,2025-07-11,C1051,Laptop Stand,1,1199.00
ORD007703,2025-02-25,C1920,Keyboard,3,1499.00
ORD007704,2025-07-20,C1112,Webcam,4,2499.00
ORD007705,2025-09-29,C1732,Monitor,1,12499.00
ORD007706,2025-01-25,C1221,USB Hub,5,899.00
ORD007707,2025-10-23,C1654,USB Hub,1,899.00
ORD007708,2025-05-11,C1653,Webcam,1,2499.00
ORD007709,2025-05-25,C1062,Wireless Mouse,3,799.00
ORD007710,2025-02-02,C1356,Laptop Stand,4,1199.00
ORD007711,2025-09-18,C1348,Headphones,1,3299.00
ORD007712,2025-06-19,C1195,Laptop Stand,5,1199.00
ORD007713,2025-05-21,C1527,Keyboard,2,1499.00
ORD007714,2025-06-08,C1469,Power Bank,3,1799.00
ORD007715,2025-09-16,C1051,Monitor,2,12499.00
ORD007716,2025-11-16,C1654,Wireless Mouse,1,799.00
ORD007717,2025-07-26,C1528,Keyboard,3,1499.00
ORD007718,2025-05-25,C1458,Headphones,1,3299.00
ORD007719,2025-08-19,C1562,Power Bank,3,1799.00
ORD007720,2025-02-16,C1985,Wireless Mouse,5,799.00
ORD007721,2025-03-21,C1909,Wireless Mouse,4,799.00
ORD007722,2025-07-27,C1918,Keyboard,5,1499.00
ORD007723,2025-12-22,C1572,USB Hub,2,899.00
ORD007724,2025-12-26,C1105,Power Bank,4,1799.00
ORD007725,2025-02-24,C1374,Keyboard,5,1499.00
ORD007726,2025-08-06,C1818,Headphones,5,3299.00
ORD007727,2025-02-27,C1087,Headphones,5,3299.00
ORD007728,2025-07-17,C1449,Power Bank,3,1799.00
ORD007729,2025-04-14,C1679,USB Hub,2,899.00
ORD007730,2025-07-31,C1067,USB-C Cable,4,299.50
ORD007731,2025-06-14,C1885,Wireless Mouse,1,799.00
ORD007732,2025-10-02,C1212,Monitor,3,12499.00
ORD007733,2025-05-11,C1365,Laptop Stand,5,1199.00
ORD007734,2025-10-29,C1356,Keyboard,4,1499.00
ORD007735,2025-08-14,C1722,Monitor,2,12499.00
ORD007736,2025-07-09,C1252,USB Hub,3,899.00
ORD007737,2025-05-07,C1592,Laptop Stand,5,1199.00
ORD007738,2025-03-25,C1289,USB Hub,2,899.00
ORD007739,2025-07-24,C1675,Headphones,2,3299.00
ORD007740,2025-08-28,C1927,Keyboard,4,1499.00
ORD007741,2025-10-14,C1044,Monitor,1,12499.00
ORD007742,2025-10-04,C1833,Monitor,3,12499.00
ORD007743,2025-08-08,C1561,Headphones,4,3299.00
ORD007744,2025-01-03,C1834,Laptop Stand,2,1199.00
ORD007745,2025-03-19,C1807,Wireless Mouse,5,799.00
ORD007746,2025-04-15,C1161,Monitor,4,12499.00
ORD007747,2025-09-03,C1772,USB-C Cable,4,299.50
ORD007748,2025-10-31,C1573,Headphones,2,3299.00
ORD007749,2025-06-12,C1071,Webcam,3,2499.00
ORD007750,2025-03-26,C1327,Wireless Mouse,2,799.00
ORD007751,2025-07-09,C1966,USB Hub,3,899.00
ORD007752,2025-02-24,C1991,Headphones,2,3299.00
ORD007753,2025-10-06,C1478,Wireless Mouse,2,799.00
ORD007754,2025-10-02,C1938,Wireless Mouse,5,799.00
ORD007755,2025-03-06,C1907,Power Bank,1,1799.00
ORD007756,2025-04-25,C1568,Power Bank,2,1799.00
ORD007757,2025-09-01,C1480,Power Bank,4,1799.00
ORD007758,2025-03-03,C1899,Keyboard,5,1499.00
ORD007759,2025-03-13,C1326,Webcam,2,2499.00
ORD007760,2025-12-01,C1516,Power Bank,4,1799.00
ORD007761,2025-01-01,C1798,Laptop Stand,5,1199.00
ORD007762,2025-01-05,C1453,Wireless Mouse,1,799.00
ORD007763,2025-02-07,C1049,USB-C Cable,2,299.50
ORD007764,2025-03-14,C1198,Webcam,3,2499.00
ORD007765,2025-09-08,C1221,Webcam,1,2499.00
ORD007766,2025-12-04,C1495,Monitor,4,12499.00
ORD007767,2025-02-18,C1775,Power Bank,5,1799.00
ORD007768,2025-03-03,C1694,Headphones,5,3299.00
ORD007769,2025-02-25,C1385,Power Bank,3,1799.00
ORD007770,2025-06-29,C1790,Headphones,4,3299.00
ORD007771,2025-08-22,C1416,Headphones,3,3299.00
ORD007772,2025-11-07,C1624,Wireless Mouse,4,799.00
ORD007773,2025-05-01,C1199,USB Hub,3,899.00
ORD007774,2025-01-09,C1017,Webcam,5,2499.00
ORD007775,2025-03-19,C1165,Monitor,3,12499.00
ORD007776,2025-12-12,C1388,USB-C Cable,3,299.50
ORD007777,2025-08-23,C1639,Laptop Stand,2,1199.00
ORD007778,2025-03-07,C1857,USB-C Cable,1,299.50
ORD007779,2025-05-13,C1249,Keyboard,5,1499.00
ORD007780,2025-08-23,C1021,Wireless Mouse,3,799.00
ORD007781,2025-09-02,C1687,Webcam,2,2499.00
ORD007782,2025-01-26,C1780,Headphones,1,3299.00
ORD007783,2025-09-10,C1807,Monitor,5,12499.00
ORD007784,2025-02-12,C1929,Keyboard,3,1499.00
ORD007785,2025-12-26,C1098,Wireless Mouse,1,799.00
ORD007786,2025-07-23,C1725,Keyboard,2,1499.00
ORD007787,2025-01-05,C1031,Headphones,5,3299.00
ORD007788,2025-03-10,C1410,Wireless Mouse,3,799.00
ORD007789,2025-10-20,C1734,USB Hub,2,899.00
ORD007790,2025-08-28,C1931,Webcam,3,2499.00
ORD007791,2025-10-12,C1940,Power Bank,2,1799.00
ORD007792,2025-06-13,C1295,Laptop Stand,5,1199.00
ORD007793,2025-04-16,C1366,USB Hub,4,899.00
ORD007794,2025-11-04,C1191,Keyboard,1,1499.00
ORD007795,2025-10-20,C1412,Webcam,4,2499.00
ORD007796,2025-05-10,C1393,Keyboard,2,1499.00
ORD007797,2025-07-31,C1648,USB Hub,4,899.00
ORD007798,2025-12-14,C1851,Webcam,2,2499.00
ORD007799,2025-01-12,C1897,USB-C Cable,2,299.50
ORD007800,2025-09-11,C1709,Keyboard,2,1499.00
ORD007801,2025-08-05,C1373,Headphones,2,3299.00
ORD007802,2025-03-14,C1317,USB Hub,4,899.00
ORD007803,2025-06-20,C1270,USB Hub,5,899.00
ORD007804,2025-09-13,C1685,USB-C Cable,2,299.50
ORD007805,2025-01-02,C1040,Webcam,1,2499.00
ORD007806,2025-01-11,C1559,USB-C Cable,4,299.50
ORD007807,2025-02-14,C1311,Wireless Mouse,4,799.00
ORD007808,2025-06-13,C1088,Wireless Mouse,5,799.00
ORD007809,2025-10-14,C1784,Wireless Mouse,3,799.00
ORD007810,2025-04-17,C1843,Webcam,2,2499.00
ORD007811,2025-02-28,C1410,Power Bank,2,1799.00
ORD007812,2025-11-27,C1712,Wireless Mouse,2,799.00
ORD007813,2025-06-13,C1920,Laptop Stand,4,1199.00
ORD007814,2025-07-15,C1612,Laptop Stand,2,1199.00
ORD007815,2025-02-15,C1928,Wireless Mouse,1,799.00
ORD007816,2025-01-20,C1603,Wireless Mouse,1,799.00
ORD007817,2025-11-01,C1602,USB Hub,2,899.00
ORD007818,2025-10-11,C1454,Keyboard,5,1499.00
ORD007819,2025-01-02,C1828,Keyboard,3,1499.00
ORD007820,2025-01-23,C1177,USB Hub,5,899.00
ORD007821,2025-06-21,C1715,Laptop Stand,3,1199.00
ORD007822,2025-06-21,C1556,Keyboard,5,1499.00
ORD007823,2025-11-16,C1699,USB-C Cable,1,299.50
ORD007824,2025-01-26,C1945,Laptop Stand,3,1199.00
ORD007825,2025-11-21,C1454,Laptop Stand,4,1199.00
ORD007826,2025-02-15,C1248,Headphones,4,3299.00
ORD007827,2025-03-29,C1546,Headphones,1,3299.00
ORD007828,2025-02-12,C1143,USB Hub,2,899.00
ORD007829,2025-09-24,C1068,Headphones,3,3299.00
ORD007830,2025-08-23,C1915,Webcam,3,2499.00
ORD007831,2025-01-02,C1892,Power Bank,3,1799.00
ORD007832,2025-02-07,C1848,Laptop Stand,1,1199.00
ORD007833,2025-06-28,C1697,Wireless Mouse,5,799.00
ORD007834,2025-12-12,C1798,Laptop Stand,2,1199.00
ORD007835,2025-11-10,C1443,Wireless Mouse,4,799.00
ORD007836,2025-11-06,C1458,Laptop Stand,5,1199.00
ORD007837,2025-05-29,C1142,USB Hub,1,899.00
ORD007838,2025-10-27,C1127,USB Hub,3,899.00
ORD007839,2025-12-08,C1432,USB-C Cable,5,299.50
ORD007840,2025-08-31,C1417,Laptop Stand,3,1199.00
ORD007841,2025-02-23,C1415,Wireless Mouse,4,799.00
ORD007842,2025-09-03,C1706,Headphones,1,3299.00
ORD007843,2025-09-11,C1490,USB Hub,4,899.00
ORD007844,2025-12-03,C1543,USB-C Cable,5,299.50
ORD007845,2025-07-29,C1949,Laptop Stand,2,1199.00
ORD007846,2025-10-06,C1538,Headphones,3,3299.00
ORD007847,2025-02-14,C1746,Wireless Mouse,4,799.00
ORD007848,2025-08-24,C1946,USB-C Cable,4,299.50
ORD007849,2025-10-31,C1162,USB-C Cable,2,299.50
ORD007850,2025-08-10,C1445,Headphones,4,3299.00
ORD007851,2025-12-20,C1527,USB Hub,1,899.00
ORD007852,2025-08-18,C1659,Laptop Stand,4,1199.00
ORD007853,2025-07-22,C1836,Keyboard,3,1499.00
ORD007854,2025-04-06,C1563,USB-C Cable,5,299.50
ORD007855,2025-11-08,C1000,USB Hub,4,899.00
ORD007856,2025-10-25,C1597,Webcam,2,2499.00
ORD007857,2025-10-17,C1548,Monitor,1,12499.00
ORD007858,2025-06-15,C1349,USB-C Cable,5,299.50
ORD007859,2025-09-03,C1476,Power Bank,2,1799.00
ORD007860,2025-06-15,C1997,Headphones,5,3299.00
ORD007861,2025-07-14,C1303,Power Bank,1,1799.00
ORD007862,2025-04-07,C1934,USB Hub,5,899.00
ORD007863,2025-09-30,C1025,Monitor,3,12499.00
ORD007864,2025-02-07,C1940,Wireless Mouse,3,799.00
ORD007865,2025-08-14,C1111,Keyboard,4,1499.00
ORD007866,2025-09-05,C1564,Monitor,5,12499.00
ORD007867,2025-10-20,C1071,Laptop Stand,2,1199.00
ORD007868,2025-07-22,C1359,Monitor,1,12499.00
ORD007869,2025-09-30,C1451,USB Hub,1,899.00
ORD007870,2025-06-07,C1538,Keyboard,4,1499.00
ORD007871,2025-01-29,C1893,Wireless Mouse,3,799.00
ORD007872,2025-01-03,C1735,Wireless Mouse,5,799.00
ORD007873,2025-05-15,C1276,USB-C Cable,5,299.50
ORD007874,2025-09-25,C1970,USB-C Cable,4,299.50
ORD007875,2025-09-09,C1357,USB Hub,4,899.00
ORD007876,2025-11-17,C1238,Wireless Mouse,1,799.00
ORD007877,2025-10-29,C1200,USB-C Cable,1,299.50
ORD007878,2025-02-22,C1748,Keyboard,2,1499.00
ORD007879,2025-11-21,C1013,Monitor,1,12499.00
ORD007880,2025-07-20,C1855,USB Hub,1,899.00
ORD007881,2025-05-21,C1175,Power Bank,5,1799.00
ORD007882,2025-07-25,C1677,Wireless Mouse,5,799.00
ORD007883,2025-03-18,C1185,Monitor,2,12499.00
ORD007884,2025-04-07,C1417,Laptop Stand,5,1199.00
ORD007885,2025-03-02,C1649,Laptop Stand,5,1199.00
ORD007886,2025-07-16,C1172,Wireless Mouse,1,799.00
ORD007887,2025-09-13,C1654,Wireless Mouse,2,799.00
ORD007888,2025-03-11,C1831,Wireless Mouse,3,799.00
ORD007889,2025-07-17,C1666,USB-C Cable,4,299.50
ORD007890,2025-05-13,C1718,USB-C Cable,5,299.50
ORD007891,2025-07-06,C1244,Power Bank,4,1799.00
ORD007892,2025-01-13,C1714,Webcam,3,2499.00
ORD007893,2025-12-20,C1094,Power Bank,3,1799.00
ORD007894,2025-07-20,C1968,Webcam,5,2499.00
ORD007895,2025-07-28,C1694,Monitor,4,12499.00
ORD007896,2025-01-26,C1737,Webcam,4,2499.00
ORD007897,2025-09-10,C1807,USB Hub,2,899.00
ORD007898,2025-11-27,C1311,Monitor,3,12499.00
ORD007899,2025-04-23,C1260,Monitor,3,12499.00
ORD007900,2025-05-24,C1389,Keyboard,4,1499.00
ORD007901,2025-10-02,C1678,USB Hub,4,899.00
ORD007902,2025-09-21,C1203,Monitor,3,12499.00
ORD007903,2025-04-12,C1805,USB Hub,3,899.00
ORD007904,2025-04-28,C1677,USB Hub,3,899.00
ORD007905,2025-08-08,C1645,USB Hub,2,899.00
ORD007906,2025-09-11,C1221,Headphones,4,3299.00
ORD007907,2025-06-03,C1530,Headphones,3,3299.00
ORD007908,2025-03-20,C1030,Laptop Stand,4,1199.00
ORD007909,2025-07-06,C1537,Power Bank,4,1799.00
ORD007910,2025-09-18,C1922,Wireless Mouse,5,799.00
ORD007911,2025-05-05,C1162,Webcam,4,2499.00
ORD007912,2025-04-22,C1672,USB Hub,3,899.00
ORD007913,2025-05-05,C1892,Webcam,4,2499.00
ORD007914,2025-10-02,C1032,Monitor,3,12499.00
ORD007915,2025-06-06,C1326,Wireless Mouse,1,799.00
ORD007916,2025-01-17,C1610,Monitor,2,12499.00
ORD007917,2025-05-18,C1410,USB Hub,4,899.00
ORD007918,2025-01-05,C1052,USB-C Cable,4,299.50
ORD007919,2025-05-24,C1176,Laptop Stand,5,1199.00
ORD007920,2025-10-18,C1046,Laptop Stand,4,1199.00
ORD007921,2025-04-27,C1936,Power Bank,4,1799.00
ORD007922,2025-10-30,C1322,USB-C Cable,3,299.50
ORD007923,2025-12-08,C1643,Monitor,1,12499.00
ORD007924,2025-10-15,C1947,Laptop Stand,1,1199.00
ORD007925,2025-08-04,C1141,Keyboard,3,1499.00
ORD007926,2025-06-29,C1112,USB Hub,3,899.00
ORD007927,2025-12-13,C1135,Wireless Mouse,1,799.00
ORD007928,2025-06-25,C1023,Webcam,2,2499.00
ORD007929,2025-02-18,C1319,USB Hub,2,899.00
ORD007930,2025-04-27,C1905,Monitor,1,12499.00
ORD007931,2025-08-26,C1610,USB-C Cable,3,299.50
ORD007932,2025-04-25,C1768,Laptop Stand,4,1199.00
ORD007933,2025-04-07,C1080,Monitor,1,12499.00
ORD007934,2025-03-14,C1244,Keyboard,3,1499.00
ORD007935,2025-05-21,C1889,Wireless Mouse,2,799.00
ORD007936,2025-07-03,C1189,Headphones,4,3299.00
ORD007937,2025-03-18,C1564,Webcam,4,2499.00
ORD007938,2025-04-04,C1825,Headphones,3,3299.00
ORD007939,2025-12-21,C1052,Keyboard,5,1499.00
ORD007940,2025-09-11,C1228,Monitor,5,12499.00
ORD007941,2025-10-11,C1732,Laptop Stand,3,1199.00
ORD007942,2025-05-30,C1350,Monitor,1,12499.00
ORD007943,2025-11-20,C1774,Webcam,4,2499.00
ORD007944,2025-11-06,C1843,Wireless Mouse,1,799.00
ORD007945,2025-06-15,C1096,Laptop Stand,1,1199.00
ORD007946,2025-12-07,C1923,Power Bank,3,1799.00
ORD007947,2025-07-03,C1320,Monitor,2,12499.00
ORD007948,2025-12-24,C1032,Power Bank,4,1799.00
ORD007949,2025-08-31,C1190,USB-C Cable,5,299.50
ORD007950,2025-08-01,C1466,Keyboard,2,1499.00
ORD007951,2025-08-15,C1256,Laptop Stand,4,1199.00
ORD007952,2025-03-13,C1866,Keyboard,1,1499.00
ORD007953,2025-09-01,C1383,Monitor,4,12499.00
ORD007954,2025-08-06,C1263,USB-C Cable,1,299.50
ORD007955,2025-08-06,C1029,USB-C Cable,5,299.50
ORD007956,2025-09-27,C1121,Webcam,5,2499.00
ORD007957,2025-07-20,C1163,Power Bank,1,1799.00
ORD007958,2025-08-06,C1584,Wireless Mouse,2,799.00
ORD007959,2025-11-05,C1852,Keyboard,4,1499.00
ORD007960,2025-01-11,C1809,Laptop Stand,2,1199.00
ORD007961,2025-02-07,C1446,Monitor,4,12499.00
ORD007962,2025-06-09,C1343,Wireless Mouse,1,799.00
ORD007963,2025-11-12,C1841,Monitor,5,12499.00
ORD007964,2025-03-15,C1939,USB Hub,2,899.00
ORD007965,2025-08-14,C1233,Headphones,1,3299.00
ORD007966,2025-04-21,C1287,USB-C Cable,2,299.50
ORD007967,2025-10-12,C1543,USB Hub,1,899.00
ORD007968,2025-09-15,C1352,Webcam,1,2499.00
ORD007969,2025-11-29,C1155,Webcam,1,2499.00
ORD007970,2025-07-09,C1622,USB-C Cable,2,299.50
ORD007971,2025-06-02,C1375,Headphones,1,3299.00
ORD007972,2025-10-11,C1179,USB-C Cable,2,299.50
ORD007973,2025-05-07,C1261,Keyboard,2,1499.00
ORD007974,2025-07-05,C1785,Power Bank,3,1799.00
ORD007975,2025-07-13,C1477,Power Bank,2,1799.00
ORD007976,2025-02-26,C1735,Keyboard,3,1499.00
ORD007977,2025-10-30,C1024,Webcam,3,2499.00
ORD007978,2025-04-10,C1916,Webcam,1,2499.00
ORD007979,2025-12-29,C1207,USB Hub,3,899.00
ORD007980,2025-08-12,C1904,Laptop Stand,5,1199.00
ORD007981,2025-04-26,C1937,Monitor,1,12499.00
ORD007982,2025-12-18,C1668,Wireless Mouse,2,799.00
ORD007983,2025-09-05,C1121,Power Bank,1,1799.00
ORD007984,2025-01-09,C1417,Monitor,2,12499.00
ORD007985,2025-12-11,C1958,Keyboard,4,1499.00
ORD007986,2025-07-19,C1924,USB-C Cable,3,299.50
ORD007987,2025-08-20,C1218,Keyboard,2,1499.00
ORD007988,2025-02-27,C1862,USB Hub,4,899.00
ORD007989,2025-12-17,C1629,USB-C Cable,1,299.50
ORD007990,2025-09-15,C1500,Wireless Mouse,2,799.00
ORD007991,2025-03-22,C1100,USB-C Cable,5,299.50
ORD007992,2025-05-07,C1406,USB Hub,5,899.00
ORD007993,2025-06-14,C1453,Keyboard,2,1499.00
ORD007994,2025-08-11,C1796,Power Bank,4,1799.00
ORD007995,2025-01-14,C1367,Keyboard,2,1499.00
ORD007996,2025-12-16,C1462,USB Hub,4,899.00
ORD007997,2025-08-15,C1658,Wireless Mouse,3,799.00
ORD007998,2025-11-01,C1758,Monitor,5,12499.00
ORD007999,2025-07-11,C1884,Keyboard,2,1499.00
ORD008000,2025-05-11,C1280,Wireless Mouse,3,799.00
ORD008001,2025-01-06,C1828,Wireless Mouse,2,799.00
ORD008002,2025-03-09,C1794,Wireless Mouse,4,799.00
ORD008003,2025-05-05,C1573,USB Hub,4,899.00
ORD008004,2025-11-10,C1035,USB Hub,2,899.00
ORD008005,2025-11-23,C1354,Webcam,1,2499.00
ORD008006,2025-11-01,C1323,USB-C Cable,5,299.50
ORD008007,2025-08-20,C1779,Headphones,4,3299.00
ORD008008,2025-05-02,C1664,Wireless Mouse,1,799.00
ORD008009,2025-01-05,C1619,Webcam,2,2499.00
ORD008010,2025-07-28,C1701,Webcam,4,2499.00
ORD008011,2025-06-02,C1640,Monitor,1,12499.00
ORD008012,2025-12-31,C1740,USB Hub,2,899.00
ORD008013,2025-08-06,C1554,Laptop Stand,5,1199.00
ORD008014,2025-01-23,C1077,Keyboard,2,1499.00
ORD008015,2025-12-07,C1135,USB Hub,4,899.00
ORD008016,2025-02-06,C1049,USB-C Cable,3,299.50
ORD008017,2025-05-05,C1250,Keyboard,3,1499.00
ORD008018,2025-01-31,C1102,Headphones,5,3299.00
ORD008019,2025-03-23,C1152,Webcam,1,2499.00
ORD008020,2025-05-01,C1548,Keyboard,5,1499.00
ORD008021,2025-07-05,C1815,USB-C Cable,2,299.50
ORD008022,2025-01-17,C1789,USB-C Cable,5,299.50
ORD008023,2025-12-17,C1748,Laptop Stand,1,1199.00
ORD008024,2025-09-25,C1124,Headphones,4,3299.00
ORD008025,2025-08-01,C1861,Laptop Stand,1,1199.00
ORD008026,2025-10-03,C1578,Laptop Stand,1,1199.00
ORD008027,2025-05-06,C1755,Power Bank,4,1799.00
ORD008028,2025-08-27,C1767,Wireless Mouse,5,799.00
ORD008029,2025-11-28,C1497,Webcam,4,2499.00
ORD008030,2025-04-05,C1047,Power Bank,1,1799.00
ORD008031,2025-07-01,C1132,Wireless Mouse,1,799.00
ORD008032,2025-12-24,C1734,Webcam,1,2499.00
ORD008033,2025-08-31,C1935,Wireless Mouse,1,799.00
ORD008034,2025-02-28,C1444,Power Bank,2,1799.00
ORD008035,2025-10-15,C1373,Webcam,1,2499.00
ORD008036,2025-11-07,C1328,USB Hub,1,899.00
ORD008037,2025-04-21,C1469,USB-C Cable,1,299.50
ORD008038,2025-07-10,C1082,USB Hub,1,899.00
ORD008039,2025-11-15,C1271,Keyboard,3,1499.00
ORD008040,2025-05-13,C1957,Monitor,3,12499.00
ORD008041,2025-11-07,C1483,Headphones,2,3299.00
ORD008042,2025-06-26,C1346,Headphones,4,3299.00
ORD008043,2025-11-04,C1190,Keyboard,4,1499.00
ORD008044,2025-09-13,C1080,Headphones,2,3299.00
ORD008045,2025-08-17,C1751,Power Bank,1,1799.00
ORD008046,2025-09-14,C1425,USB Hub,2,899.00
ORD008047,2025-05-04,C1598,Headphones,3,3299.00
ORD008048,2025-02-24,C1137,Headphones,4,3299.00
ORD008049,2025-08-14,C1556,Headphones,2,3299.00
ORD008050,2025-07-10,C1372,Wireless Mouse,4,799.00
ORD008051,2025-08-23,C1100,Laptop Stand,2,1199.00
ORD008052,2025-09-26,C1489,USB Hub,3,899.00
ORD008053,2025-03-26,C1746,Wireless Mouse,2,799.00
ORD008054,2025-12-18,C1671,Laptop Stand,3,1199.00
ORD008055,2025-02-05,C1309,Headphones,3,3299.00
ORD008056,2025-07-15,C1180,Headphones,4,3299.00
ORD008057,2025-04-15,C1744,Headphones,2,3299.00
ORD008058,2025-06-01,C1974,Wireless Mouse,1,799.00
ORD008059,2025-08-23,C1426,Keyboard,1,1499.00
ORD008060,2025-03-31,C1641,Webcam,1,2499.00
ORD008061,2025-04-06,C1302,Monitor,5,12499.00
ORD008062,2025-02-27,C1615,Laptop Stand,4,1199.00
ORD008063,2025-08-04,C1212,USB Hub,4,899.00
ORD008064,2025-09-03,C1027,Webcam,3,2499.00
ORD008065,2025-06-10,C1386,Headphones,5,3299.00
ORD008066,2025-10-31,C1522,Headphones,4,3299.00
ORD008067,2025-04-21,C1386,Wireless Mouse,5,799.00
ORD008068,2025-04-29,C1003,USB Hub,1,899.00
ORD008069,2025-10-05,C1225,Webcam,4,2499.00
ORD008070,2025-07-25,C1746,Laptop Stand,2,1199.00
ORD008071,2025-06-26,C1590,Keyboard,2,1499.00
ORD008072,2025-12-28,C1970,USB-C Cable,5,299.50
ORD008073,2025-12-05,C1659,Keyboard,2,1499.00
ORD008074,2025-01-30,C1392,Power Bank,3,1799.00
ORD008075,2025-05-24,C1065,Laptop Stand,1,1199.00
ORD008076,2025-01-26,C1386,Webcam,2,2499.00
ORD008077,2025-02-11,C1556,Keyboard,4,1499.00
ORD008078,2025-03-07,C1525,USB-C Cable,2,299.50
ORD008079,2025-09-03,C1127,Webcam,5,2499.00
ORD008080,2025-01-11,C1089,Laptop Stand,5,1199.00
ORD008081,2025-08-17,C1713,Keyboard,5,1499.00
ORD008082,2025-11-30,C1054,Headphones,4,3299.00
ORD008083,2025-12-13,C1458,Monitor,5,12499.00
ORD008084,2025-12-02,C1258,USB Hub,5,899.00
ORD008085,2025-05-26,C1595,Power Bank,5,1799.00
ORD008086,2025-11-16,C1614,Power Bank,1,1799.00
ORD008087,2025-03-24,C1952,Monitor,2,12499.00
ORD008088,2025-09-09,C1127,Keyboard,1,1499.00
ORD008089,2025-10-07,C1874,Webcam,4,2499.00
ORD008090,2025-08-02,C1364,Monitor,5,12499.00
ORD008091,2025-10-11,C1634,Keyboard,5,1499.00
ORD008092,2025-01-05,C1443,Keyboard,1,1499.00
ORD008093,2025-04-19,C1647,Power Bank,3,1799.00
ORD008094,2025-05-05,C1096,Headphones,4,3299.00
ORD008095,2025-02-18,C1172,Laptop Stand,5,1199.00
ORD008096,2025-07-07,C1852,Power Bank,3,1799.00
ORD008097,2025-04-02,C1762,Power Bank,4,1799.00
ORD008098,2025-08-03,C1611,Keyboard,3,1499.00
ORD008099,2025-04-22,C1499,Headphones,5,3299.00
ORD008100,2025-02-06,C1090,USB Hub,5,899.00
ORD008101,2025-09-27,C1873,Laptop Stand,5,1199.00
ORD008102,2025-07-20,C1543,Wireless Mouse,2,799.00
ORD008103,2025-02-28,C1781,Wireless Mouse,2,799.00
ORD008104,2025-09-13,C1078,Wireless Mouse,4,799.00
ORD008105,2025-06-28,C1193,Power Bank,2,1799.00
ORD008106,2025-07-19,C1227,Keyboard,2,1499.00
ORD008107,2025-03-03,C1821,Headphones,2,3299.00
ORD008108,2025-08-29,C1628,Keyboard,5,1499.00
ORD008109,2025-05-18,C1592,Monitor,1,12499.00
ORD008110,2025-06-08,C1705,Wireless Mouse,5,799.00
ORD008111,2025-05-05,C1487,Wireless Mouse,2,799.00
ORD008112,2025-06-01,C1380,Monitor,5,12499.00
ORD008113,2025-09-15,C1230,Monitor,3,12499.00
ORD008114,2025-05-01,C1696,Headphones,5,3299.00
ORD008115,2025-03-05,C1156,USB Hub,4,899.00
ORD008116,2025-04-22,C1618,Webcam,2,2499.00
ORD008117,2025-06-14,C1795,USB-C Cable,3,299.50
ORD008118,2025-08-13,C1828,Keyboard,3,1499.00
ORD008119,2025-11-04,C1717,Keyboard,2,1499.00
ORD008120,2025-10-13,C1901,Monitor,1,12499.00
ORD008121,2025-09-10,C1888,Webcam,4,2499.00
ORD008122,2025-02-24,C1838,USB-C Cable,2,299.50
ORD008123,2025-07-27,C1830,Laptop Stand,1,1199.00
ORD008124,2025-12-23,C1555,Keyboard,4,1499.00
ORD008125,2025-10-20,C1612,Laptop Stand,3,1199.00
ORD008126,2025-05-13,C1100,Monitor,2,12499.00
ORD008127,2025-05-09,C1325,USB Hub,2,899.00
ORD008128,2025-06-10,C1398,Keyboard,2,1499.00
ORD008129,2025-11-05,C1248,Wireless Mouse,1,799.00
ORD008130,2025-11-03,C1409,Power Bank,5,1799.00
ORD008131,2025-11-15,C1047,Monitor,5,12499.00
ORD008132,2025-12-23,C1677,Headphones,3,3299.00
ORD008133,2025-10-24,C1551,Monitor,4,12499.00
ORD008134,2025-11-19,C1284,USB-C Cable,1,299.50
ORD008135,2025-11-09,C1619,USB Hub,2,899.00
ORD008136,2025-08-24,C1495,Keyboard,2,1499.00
ORD008137,2025-11-30,C1968,Monitor,1,12499.00
ORD008138,2025-07-25,C1520,Headphones,1,3299.00
ORD008139,2025-04-16,C1220,Keyboard,5,1499.00
ORD008140,2025-04-09,C1956,Power Bank,4,1799.00
ORD008141,2025-01-15,C1489,Power Bank,2,1799.00
ORD008142,2025-09-03,C1672,Keyboard,2,1499.00
ORD008143,2025-01-06,C1723,Webcam,2,2499.00
ORD008144,2025-03-09,C1666,Webcam,2,2499.00
ORD008145,2025-05-19,C1096,USB-C Cable,5,299.50
ORD008146,2025-04-28,C1830,USB Hub,1,899.00
ORD008147,2025-12-11,C1934,Headphones,2,3299.00
ORD008148,2025-05-01,C1444,USB-C Cable,3,299.50
ORD008149,2025-01-08,C1096,Webcam,5,2499.00
ORD008150,2025-11-29,C1809,Keyboard,3,1499.00
ORD008151,2025-05-18,C1172,Webcam,3,2499.00
ORD008152,2025-05-19,C1159,USB Hub,1,899.00
ORD008153,2025-12-21,C1286,USB-C Cable,2,299.50
ORD008154,2025-01-04,C1714,Monitor,5,12499.00
ORD008155,2025-08-13,C1421,Webcam,3,2499.00
ORD008156,2025-03-02,C1684,Keyboard,5,1499.00
ORD008157,2025-12-03,C1066,Headphones,3,3299.00
ORD008158,2025-05-21,C1008,Headphones,5,3299.00
ORD008159,2025-02-22,C1316,Webcam,4,2499.00
ORD008160,2025-04-09,C1635,Monitor,5,12499.00
ORD008161,2025-04-09,C1478,Keyboard,1,1499.00
ORD008162,2025-06-09,C1850,Monitor,2,12499.00
ORD008163,2025-06-16,C1095,Webcam,5,2499.00
ORD008164,2025-09-18,C1931,Wireless Mouse,2,799.00
ORD008165,2025-02-08,C1683,Headphones,1,3299.00
ORD008166,2025-11-26,C1204,Wireless Mouse,3,799.00
ORD008167,2025-06-13,C1631,Headphones,3,3299.00
ORD008168,2025-10-23,C1607,USB-C Cable,2,299.50
ORD008169,2025-11-21,C1979,Wireless Mouse,2,799.00
ORD008170,2025-09-03,C1391,Laptop Stand,4,1199.00
ORD008171,2025-10-26,C1679,Headphones,4,3299.00
ORD008172,2025-03-27,C1583,USB-C Cable,3,299.50
ORD008173,2025-04-29,C1550,Laptop Stand,4,1199.00
ORD008174,2025-10-19,C1256,Keyboard,1,1499.00
ORD008175,2025-11-17,C1842,Keyboard,5,1499.00
ORD008176,2025-11-08,C1693,Laptop Stand,1,1199.00
ORD008177,2025-06-06,C1129,Laptop Stand,3,1199.00
ORD008178,2025-05-31,C1002,USB-C Cable,4,299.50
ORD008179,2025-12-11,C1181,Headphones,5,3299.00
ORD008180,2025-05-19,C1419,Laptop Stand,2,1199.00
ORD008181,2025-06-03,C1690,Laptop Stand,5,1199.00
ORD008182,2025-11-06,C1235,USB Hub,2,899.00
ORD008183,2025-04-17,C1483,Webcam,3,2499.00
ORD008184,2025-09-27,C1390,Keyboard,4,1499.00
ORD008185,2025-01-20,C1519,Webcam,4,2499.00
ORD008186,2025-05-28,C1179,Monitor,3,12499.00
ORD008187,2025-10-15,C1180,Laptop Stand,4,1199.00
ORD008188,2025-10-11,C1337,USB-C Cable,3,299.50
ORD008189,2025-08-19,C1275,Wireless Mouse,2,799.00
ORD008190,2025-01-12,C1591,Monitor,3,12499.00
ORD008191,2025-10-14,C1648,USB-C Cable,5,299.50
ORD008192,2025-11-08,C1278,Monitor,4,12499.00
ORD008193,2025-05-08,C1582,Wireless Mouse,4,799.00
ORD008194,2025-05-26,C1334,Headphones,2,3299.00
ORD008195,2025-11-04,C1098,Monitor,4,12499.00
ORD008196,2025-06-18,C1045,Headphones,3,3299.00
ORD008197,2025-03-05,C1821,Power Bank,5,1799.00
ORD008198,2025-04-14,C1004,USB Hub,1,899.00
ORD008199,2025-05-21,C1139,Monitor,5,12499.00
ORD008200,2025-08-22,C1217,USB Hub,3,899.00
ORD008201,2025-11-09,C1660,Webcam,4,2499.00
ORD008202,2025-09-22,C1985,Headphones,4,3299.00
ORD008203,2025-08-19,C1603,Headphones,5,3299.00
ORD008204,2025-08-22,C1016,Webcam,4,2499.00
ORD008205,2025-08-23,C1717,Keyboard,1,1499.00
ORD008206,2025-10-27,C1052,Headphones,1,3299.00
ORD008207,2025-11-15,C1450,Webcam,1,2499.00
ORD008208,2025-01-14,C1986,Keyboard,2,1499.00
ORD008209,2025-05-14,C1815,USB Hub,4,899.00
ORD008210,2025-06-22,C1401,Keyboard,4,1499.00
ORD008211,2025-08-03,C1442,Monitor,3,12499.00
ORD008212,2025-12-01,C1346,Wireless Mouse,1,799.00
ORD008213,2025-09-16,C1432,USB Hub,1,899.00
ORD008214,2025-07-16,C1503,Keyboard,3,1499.00
ORD008215,2025-10-16,C1908,Webcam,2,2499.00
ORD008216,2025-05-26,C1710,Laptop Stand,2,1199.00
ORD008217,2025-11-09,C1908,Monitor,4,12499.00
ORD008218,2025-06-17,C1019,USB Hub,3,899.00
ORD008219,2025-01-09,C1661,Monitor,3,12499.00
ORD008220,2025-07-29,C1877,Headphones,5,3299.00
ORD008221,2025-09-06,C1351,Laptop Stand,3,1199.00
ORD008222,2025-03-11,C1844,Wireless Mouse,3,799.00
ORD008223,2025-10-15,C1445,USB-C Cable,1,299.50
ORD008224,2025-12-26,C1549,Power Bank,5,1799.00
ORD008225,2025-06-19,C1820,USB-C Cable,4,299.50
ORD008226,2025-06-03,C1981,Keyboard,1,1499.00
ORD008227,2025-06-19,C1057,USB-C Cable,2,299.50
ORD008228,2025-06-15,C1892,USB Hub,4,899.00
ORD008229,2025-03-30,C1773,Headphones,4,3299.00
ORD008230,2025-09-21,C1808,Webcam,1,2499.00
ORD008231,2025-05-08,C1529,Headphones,3,3299.00
ORD008232,2025-07-28,C1880,Laptop Stand,5,1199.00
ORD008233,2025-12-10,C1394,Wireless Mouse,2,799.00
ORD008234,2025-09-20,C1359,Monitor,2,12499.00
ORD008235,2025-02-13,C1022,Wireless Mouse,1,799.00
ORD008236,2025-08-13,C1562,USB-C Cable,5,299.50
ORD008237,2025-11-04,C1341,Headphones,1,3299.00
ORD008238,2025-01-01,C1777,Laptop Stand,3,1199.00
ORD008239,2025-07-08,C1150,USB Hub,4,899.00
ORD008240,2025-06-29,C1536,Power Bank,4,1799.00
ORD008241,2025-01-25,C1912,Power Bank,2,1799.00
ORD008242,2025-06-17,C1424,Headphones,2,3299.00
ORD008243,2025-04-10,C1765,Wireless Mouse,4,799.00
ORD008244,2025-05-10,C1311,Laptop Stand,3,1199.00
ORD008245,2025-11-18,C1609,Laptop Stand,3,1199.00
ORD008246,2025-09-18,C1799,Headphones,5,3299.00
ORD008247,2025-05-06,C1238,Headphones,1,3299.00
ORD008248,2025-02-06,C1690,USB Hub,2,899.00
ORD008249,2025-04-24,C1379,Laptop Stand,4,1199.00
ORD008250,2025-02-15,C1488,Headphones,1,3299.00
ORD008251,2025-04-23,C1858,Power Bank,1,1799.00
ORD008252,2025-06-04,C1286,Power Bank,3,1799.00
ORD008253,2025-08-25,C1907,Power Bank,4,1799.00
ORD008254,2025-12-12,C1423,USB-C Cable,2,299.50
ORD008255,2025-05-06,C1965,Headphones,4,3299.00
ORD008256,2025-10-03,C1320,Power Bank,1,1799.00
ORD008257,2025-11-11,C1923,USB Hub,5,899.00
ORD008258,2025-09-11,C1271,Power Bank,4,1799.00
ORD008259,2025-11-10,C1279,Monitor,3,12499.00
ORD008260,2025-05-27,C1859,Laptop Stand,5,1199.00
ORD008261,2025-03-12,C1601,Monitor,3,12499.00
ORD008262,2025-08-17,C1767,Laptop Stand,4,1199.00
ORD008263,2025-01-15,C1985,Webcam,2,2499.00
ORD008264,2025-07-19,C1476,Power Bank,4,1799.00
ORD008265,2025-09-01,C1288,USB Hub,1,899.00
ORD008266,2025-03-18,C1023,Webcam,4,2499.00
ORD008267,2025-08-28,C1363,Headphones,1,3299.00
ORD008268,2025-11-02,C1455,Webcam,3,2499.00
ORD008269,2025-06-02,C1090,Laptop Stand,1,1199.00
ORD008270,2025-08-30,C1784,Monitor,2,12499.00
ORD008271,2025-01-31,C1636,Laptop Stand,5,1199.00
ORD008272,2025-01-17,C1658,Wireless Mouse,1,799.00
ORD008273,2025-01-18,C1815,Webcam,4,2499.00
ORD008274,2025-07-23,C1365,Monitor,5,12499.00
ORD008275,2025-05-04,C1762,USB-C Cable,3,299.50
ORD008276,2025-06-25,C1250,Webcam,5,2499.00
ORD008277,2025-12-02,C1672,Monitor,4,12499.00
ORD008278,2025-05-06,C1350,Monitor,2,12499.00
ORD008279,2025-12-13,C1133,Laptop Stand,4,1199.00
ORD008280,2025-01-17,C1646,Headphones,1,3299.00
ORD008281,2025-05-14,C1477,Wireless Mouse,1,799.00
ORD008282,2025-02-05,C1061,Keyboard,2,1499.00
ORD008283,2025-10-27,C1771,Webcam,3,2499.00
ORD008284,2025-02-09,C1080,Headphones,5,3299.00
ORD008285,2025-10-18,C1605,USB Hub,4,899.00
ORD008286,2025-02-11,C1088,Monitor,5,12499.00
ORD008287,2025-12-16,C1908,Keyboard,3,1499.00
ORD008288,2025-04-21,C1766,USB Hub,4,899.00
ORD008289,2025-07-25,C1436,Webcam,1,2499.00
ORD008290,2025-06-06,C1481,Webcam,4,2499.00
ORD008291,2025-02-17,C1522,Headphones,4,3299.00
ORD008292,2025-09-07,C1684,USB Hub,1,899.00
ORD008293,2025-08-25,C1750,Webcam,5,2499.00
ORD008294,2025-07-24,C1687,Headphones,4,3299.00
ORD008295,2025-03-17,C1725,USB Hub,5,899.00
ORD008296,2025-07-10,C1729,Wireless Mouse,2,799.00
ORD008297,2025-07-26,C1351,Monitor,5,12499.00
ORD008298,2025-01-09,C1539,Monitor,5,12499.00
ORD008299,2025-05-22,C1735,Keyboard,2,1499.00
ORD008300,2025-12-21,C1237,Laptop Stand,1,1199.00
ORD008301,2025-10-22,C1721,USB-C Cable,2,299.50
ORD008302,2025-08-05,C1930,Power Bank,3,1799.00
ORD008303,2025-06-11,C1284,Wireless Mouse,4,799.00
ORD008304,2025-11-16,C1547,Laptop Stand,4,1199.00
ORD008305,2025-03-21,C1068,USB-C Cable,3,299.50
ORD008306,2025-07-01,C1068,Wireless Mouse,2,799.00
ORD008307,2025-09-30,C1397,Keyboard,4,1499.00
ORD008308,2025-06-07,C1496,Wireless Mouse,3,799.00
ORD008309,2025-05-05,C1218,Power Bank,5,1799.00
ORD008310,2025-05-10,C1464,Keyboard,5,1499.00
ORD008311,2025-03-27,C1267,Monitor,4,12499.00
ORD008312,2025-06-04,C1847,Webcam,2,2499.00
ORD008313,2025-04-07,C1335,Wireless Mouse,5,799.00
ORD008314,2025-05-25,C1105,Webcam,1,2499.00
ORD008315,2025-04-26,C1801,USB-C Cable,5,299.50
ORD008316,2025-11-27,C1231,Power Bank,3,1799.00
ORD008317,2025-10-03,C1937,Keyboard,4,1499.00
ORD008318,2025-06-08,C1947,Headphones,4,3299.00
ORD008319,2025-06-04,C1097,Power Bank,2,1799.00
ORD008320,2025-04-15,C1940,Keyboard,3,1499.00
ORD008321,2025-09-16,C1690,Keyboard,2,1499.00
ORD008322,2025-03-14,C1363,Wireless Mouse,5,799.00
ORD008323,2025-04-11,C1273,Monitor,4,12499.00
ORD008324,2025-10-01,C1834,Monitor,1,12499.00
ORD008325,2025-04-18,C1973,Monitor,5,12499.00
ORD008326,2025-10-03,C1373,USB Hub,2,899.00
ORD008327,2025-09-08,C1563,Keyboard,5,1499.00
ORD008328,2025-06-25,C1897,Monitor,5,12499.00
ORD008329,2025-10-23,C1535,Wireless Mouse,3,799.00
ORD008330,2025-03-29,C1994,Keyboard,5,1499.00
ORD008331,2025-06-19,C1369,Headphones,5,3299.00
ORD008332,2025-07-12,C1471,Keyboard,3,1499.00
ORD008333,2025-04-21,C1550,USB-C Cable,2,299.50
ORD008334,2025-10-28,C1225,Keyboard,3,1499.00
ORD008335,2025-10-20,C1093,USB Hub,5,899.00
ORD008336,2025-01-29,C1200,Wireless Mouse,5,799.00
ORD008337,2025-05-13,C1886,Keyboard,4,1499.00
ORD008338,2025-05-13,C1130,Laptop Stand,5,1199.00
ORD008339,2025-06-09,C1936,USB-C Cable,2,299.50
ORD008340,2025-12-19,C1622,Keyboard,3,1499.00
ORD008341,2025-05-04,C1781,Power Bank,1,1799.00
ORD008342,2025-03-30,C1064,Keyboard,5,1499.00
ORD008343,2025-03-21,C1483,Monitor,2,12499.00
ORD008344,2025-02-16,C1089,Webcam,3,2499.00
ORD008345,2025-02-15,C1201,Headphones,2,3299.00
ORD008346,2025-06-20,C1903,Keyboard,3,1499.00
ORD008347,2025-04-11,C1869,Monitor,1,12499.00
ORD008348,2025-06-14,C1228,Keyboard,1,1499.00
ORD008349,2025-01-31,C1827,Laptop Stand,3,1199.00
ORD008350,2025-01-06,C1460,Webcam,4,2499.00
ORD008351,2025-02-15,C1687,USB Hub,1,899.00
ORD008352,2025-11-12,C1909,Wireless Mouse,4,799.00
ORD008353,2025-11-11,C1562,Monitor,3,12499.00
ORD008354,2025-06-13,C1467,Monitor,4,12499.00
ORD008355,2025-05-02,C1767,Headphones,3,3299.00
ORD008356,2025-06-05,C1122,Monitor,5,12499.00
ORD008357,2025-11-02,C1605,USB-C Cable,1,299.50
ORD008358,2025-07-28,C1961,USB-C Cable,5,299.50
ORD008359,2025-06-24,C1156,Webcam,1,2499.00
ORD008360,2025-06-07,C1700,Headphones,1,3299.00
ORD008361,2025-01-12,C1429,Keyboard,1,1499.00
ORD008362,2025-11-25,C1389,Headphones,5,3299.00
ORD008363,2025-01-09,C1060,Keyboard,5,1499.00
ORD008364,2025-03-23,C1680,USB-C Cable,3,299.50
ORD008365,2025-03-05,C1414,USB-C Cable,5,299.50
ORD008366,2025-08-02,C1844,USB-C Cable,5,299.50
ORD008367,2025-03-19,C1703,USB-C Cable,1,299.50
ORD008368,2025-07-02,C1950,Power Bank,4,1799.00
ORD008369,2025-11-29,C1800,USB-C Cable,4,299.50
ORD008370,2025-03-16,C1031,Headphones,5,3299.00
ORD008371,2025-11-20,C1277,Laptop Stand,4,1199.00
ORD008372,2025-01-02,C1011,Keyboard,3,1499.00
ORD008373,2025-03-13,C1677,Laptop Stand,3,1199.00
ORD008374,2025-03-08,C1778,Power Bank,2,1799.00
ORD008375,2025-11-18,C1466,USB Hub,1,899.00
ORD008376,2025-03-22,C1149,Laptop Stand,1,1199.00
ORD008377,2025-11-27,C1676,Wireless Mouse,4,799.00
ORD008378,2025-10-14,C1347,Webcam,5,2499.00
ORD008379,2025-03-07,C1260,Power Bank,2,1799.00
ORD008380,2025-08-26,C1961,USB Hub,1,899.00
ORD008381,2025-11-09,C1358,USB-C Cable,1,299.50
ORD008382,2025-06-21,C1190,Webcam,1,2499.00
ORD008383,2025-12-13,C1524,Monitor,1,12499.00
ORD008384,2025-11-20,C1970,USB-C Cable,5,299.50
ORD008385,2025-01-09,C1825,Headphones,4,3299.00
ORD008386,2025-05-28,C1565,Wireless Mouse,1,799.00
ORD008387,2025-04-04,C1268,USB-C Cable,1,299.50
ORD008388,2025-07-03,C1867,Headphones,3,3299.00
ORD008389,2025-05-15,C1461,Power Bank,4,1799.00
ORD008390,2025-01-22,C1735,Monitor,5,12499.00
ORD008391,2025-05-12,C1891,Wireless Mouse,1,799.00
ORD008392,2025-10-27,C1517,USB Hub,3,899.00
ORD008393,2025-07-20,C1986,Headphones,3,3299.00
ORD008394,2025-01-19,C1096,Laptop Stand,4,1199.00
ORD008395,2025-11-18,C1861,Monitor,3,12499.00
ORD008396,2025-03-10,C1225,Headphones,5,3299.00
ORD008397,2025-09-09,C1543,USB Hub,5,899.00
ORD008398,2025-08-15,C1745,USB Hub,4,899.00
ORD008399,2025-08-06,C1713,Monitor,5,12499.00
ORD008400,2025-02-07,C1210,Laptop Stand,4,1199.00
ORD008401,2025-08-02,C1662,Wireless Mouse,2,799.00
ORD008402,2025-10-30,C1023,USB-C Cable,1,299.50
ORD008403,2025-04-10,C1569,Keyboard,4,1499.00
ORD008404,2025-05-24,C1493,Wireless Mouse,5,799.00
ORD008405,2025-12-07,C1771,Webcam,4,2499.00
ORD008406,2025-10-23,C1630,Keyboard,1,1499.00
ORD008407,2025-09-18,C1017,Laptop Stand,2,1199.00
ORD008408,2025-03-04,C1778,Monitor,3,12499.00
ORD008409,2025-10-28,C1816,USB Hub,3,899.00
ORD008410,2025-10-14,C1172,Laptop Stand,5,1199.00
ORD008411,2025-06-07,C1075,Webcam,5,2499.00
ORD008412,2025-05-13,C1470,Keyboard,5,1499.00
ORD008413,2025-07-05,C1238,Wireless Mouse,3,799.00
ORD008414,2025-03-07,C1574,Power Bank,2,1799.00
ORD008415,2025-02-17,C1980,Monitor,4,12499.00
ORD008416,2025-04-21,C1654,Power Bank,1,1799.00
ORD008417,2025-04-24,C1129,Monitor,4,12499.00
ORD008418,2025-01-05,C1827,Power Bank,5,1799.00
ORD008419,2025-09-19,C1777,Webcam,5,2499.00
ORD008420,2025-11-17,C1541,Headphones,4,3299.00
ORD008421,2025-07-14,C1705,Monitor,2,12499.00
ORD008422,2025-07-08,C1792,USB-C Cable,5,299.50
ORD008423,2025-03-23,C1538,USB-C Cable,2,299.50
ORD008424,2025-01-01,C1778,USB Hub,1,899.00
ORD008425,2025-04-22,C1157,USB Hub,2,899.00
ORD008426,2025-04-18,C1042,Monitor,4,12499.00
ORD008427,2025-09-21,C1351,USB Hub,4,899.00
ORD008428,2025-06-02,C1697,USB Hub,4,899.00
ORD008429,2025-07-29,C1654,Power Bank,4,1799.00
ORD008430,2025-01-10,C1625,USB Hub,4,899.00
ORD008431,2025-06-15,C1820,Webcam,5,2499.00
ORD008432,2025-09-03,C1996,Laptop Stand,3,1199.00
ORD008433,2025-10-22,C1333,Webcam,5,2499.00
ORD008434,2025-06-21,C1150,Power Bank,1,1799.00
ORD008435,2025-07-02,C1651,Laptop Stand,2,1199.00
ORD008436,2025-09-02,C1330,Keyboard,3,1499.00
ORD008437,2025-11-04,C1643,Monitor,2,12499.00
ORD008438,2025-12-25,C1637,USB Hub,4,899.00
ORD008439,2025-10-03,C1725,Webcam,4,2499.00
ORD008440,2025-02-14,C1990,Webcam,1,2499.00
ORD008441,2025-09-27,C1395,Webcam,2,2499.00
ORD008442,2025-08-16,C1330,Headphones,1,3299.00
ORD008443,2025-11-12,C1633,Keyboard,4,1499.00
ORD008444,2025-05-12,C1342,Headphones,2,3299.00
ORD008445,2025-11-10,C1416,Webcam,3,2499.00
ORD008446,2025-02-06,C1785,Monitor,3,12499.00
ORD008447,2025-06-09,C1908,Headphones,1,3299.00
ORD008448,2025-08-14,C1542,Headphones,5,3299.00
ORD008449,2025-05-02,C1957,Headphones,1,3299.00
ORD008450,2025-10-17,C1978,Wireless Mouse,2,799.00
ORD008451,2025-09-16,C1837,Monitor,2,12499.00
ORD008452,2025-02-26,C1405,Wireless Mouse,2,799.00
ORD008453,2025-02-13,C1776,Wireless Mouse,3,799.00
ORD008454,2025-11-30,C1654,Power Bank,2,1799.00
ORD008455,2025-05-24,C1148,USB-C Cable,2,299.50
ORD008456,2025-05-24,C1777,USB Hub,5,899.00
ORD008457,2025-06-06,C1790,Laptop Stand,5,1199.00
ORD008458,2025-09-03,C1390,USB-C Cable,4,299.50
ORD008459,2025-01-25,C1581,USB Hub,5,899.00
ORD008460,2025-08-12,C1670,Webcam,1,2499.00
ORD008461,2025-11-21,C1895,Keyboard,5,1499.00
ORD008462,2025-05-21,C1008,Wireless Mouse,2,799.00
ORD008463,2025-06-03,C1566,Laptop Stand,1,1199.00
ORD008464,2025-06-20,C1891,Keyboard,2,1499.00
ORD008465,2025-05-04,C1383,Power Bank,5,1799.00
ORD008466,2025-07-24,C1764,Headphones,4,3299.00
ORD008467,2025-06-27,C1334,Keyboard,3,1499.00
ORD008468,2025-08-02,C1901,Webcam,1,2499.00
ORD008469,2025-05-06,C1599,Monitor,2,12499.00
ORD008470,2025-01-21,C1629,Headphones,4,3299.00
ORD008471,2025-05-17,C1953,Power Bank,4,1799.00
ORD008472,2025-09-11,C1139,USB-C Cable,1,299.50
ORD008473,2025-04-16,C1404,Monitor,3,12499.00
ORD008474,2025-02-24,C1613,Keyboard,2,1499.00
ORD008475,2025-06-28,C1418,USB Hub,4,899.00
ORD008476,2025-09-14,C1373,USB-C Cable,1,299.50
ORD008477,2025-02-13,C1900,USB-C Cable,3,299.50
ORD008478,2025-11-29,C1858,Monitor,2,12499.00
ORD008479,2025-05-06,C1881,USB Hub,1,899.00
ORD008480,2025-08-21,C1348,Power Bank,3,1799.00
ORD008481,2025-03-13,C1091,USB Hub,2,899.00
ORD008482,2025-04-04,C1426,Headphones,3,3299.00
ORD008483,2025-11-07,C1379,Laptop Stand,4,1199.00
ORD008484,2025-11-25,C1524,Power Bank,3,1799.00
ORD008485,2025-07-22,C1002,Webcam,4,2499.00
ORD008486,2025-11-09,C1795,USB Hub,1,899.00
ORD008487,2025-06-25,C1084,Power Bank,5,1799.00
ORD008488,2025-11-07,C1516,Keyboard,1,1499.00
ORD008489,2025-09-05,C1383,Power Bank,3,1799.00
ORD008490,2025-03-20,C1586,Keyboard,3,1499.00
ORD008491,2025-02-19,C1812,Webcam,3,2499.00
ORD008492,2025-06-23,C1210,USB-C Cable,1,299.50
ORD008493,2025-05-22,C1634,Headphones,5,3299.00
ORD008494,2025-09-24,C1777,USB-C Cable,2,299.50
ORD008495,2025-11-26,C1344,USB Hub,5,899.00
ORD008496,2025-05-20,C1450,Power Bank,4,1799.00
ORD008497,2025-06-29,C1388,Headphones,3,3299.00
ORD008498,2025-09-04,C1019,Wireless Mouse,3,799.00
ORD008499,2025-06-05,C1742,Monitor,5,12499.00
ORD008500,2025-11-29,C1812,Webcam,2,2499.00
ORD008501,2025-04-24,C1784,Webcam,4,2499.00
ORD008502,2025-08-30,C1673,USB Hub,4,899.00
ORD008503,2025-06-22,C1880,Keyboard,4,1499.00
ORD008504,2025-03-14,C1743,USB-C Cable,1,299.50
ORD008505,2025-11-10,C1879,Webcam,1,2499.00
ORD008506,2025-07-27,C1969,Power Bank,2,1799.00
ORD008507,2025-02-27,C1354,Webcam,2,2499.00
ORD008508,2025-10-31,C1474,Monitor,4,12499.00
ORD008509,2025-01-27,C1679,Keyboard,1,1499.00
ORD008510,2025-03-05,C1972,Keyboard,3,1499.00
ORD008511,2025-08-25,C1465,Webcam,2,2499.00
ORD008512,2025-11-11,C1984,Webcam,3,2499.00
ORD008513,2025-12-06,C1073,Laptop Stand,3,1199.00
ORD008514,2025-09-05,C1136,USB Hub,2,899.00
ORD008515,2025-07-07,C1479,Monitor,5,12499.00
ORD008516,2025-07-25,C1260,Monitor,1,12499.00
ORD008517,2025-06-25,C1276,Laptop Stand,4,1199.00
ORD008518,2025-02-18,C1402,Webcam,5,2499.00
ORD008519,2025-11-29,C1383,Monitor,4,12499.00
ORD008520,2025-11-14,C1681,Laptop Stand,3,1199.00
ORD008521,2025-05-02,C1881,USB-C Cable,2,299.50
ORD008522,2025-07-07,C1989,USB Hub,3,899.00
ORD008523,2025-10-10,C1018,Monitor,5,12499.00
ORD008524,2025-09-06,C1764,Monitor,5,12499.00
ORD008525,2025-09-07,C1370,Webcam,5,2499.00
ORD008526,2025-12-01,C1418,Keyboard,4,1499.00
ORD008527,2025-03-21,C1806,Wireless Mouse,5,799.00
ORD008528,2025-11-18,C1655,Webcam,1,2499.00
ORD008529,2025-07-30,C1171,Laptop Stand,2,1199.00
ORD008530,2025-12-02,C1805,Laptop Stand,3,1199.00
ORD008531,2025-01-01,C1307,Power Bank,1,1799.00
ORD008532,2025-02-22,C1257,Power Bank,4,1799.00
ORD008533,2025-11-21,C1733,Power Bank,1,1799.00
ORD008534,2025-09-10,C1685,Webcam,5,2499.00
ORD008535,2025-12-22,C1251,Power Bank,3,1799.00
ORD008536,2025-10-12,C1357,Keyboard,3,1499.00
ORD008537,2025-01-22,C1530,Monitor,2,12499.00
ORD008538,2025-05-26,C1381,Power Bank,4,1799.00
ORD008539,2025-03-04,C1472,Wireless Mouse,1,799.00
ORD008540,2025-11-08,C1844,Laptop Stand,4,1199.00
ORD008541,2025-01-10,C1079,Keyboard,4,1499.00
ORD008542,2025-11-12,C1694,Monitor,1,12499.00
ORD008543,2025-02-23,C1448,Wireless Mouse,1,799.00
ORD008544,2025-08-24,C1586,Headphones,3,3299.00
ORD008545,2025-09-08,C1556,Wireless Mouse,4,799.00
ORD008546,2025-09-28,C1320,USB-C Cable,3,299.50
ORD008547,2025-07-23,C1925,Keyboard,2,1499.00
ORD008548,2025-07-06,C1592,Keyboard,2,1499.00
ORD008549,2025-10-27,C1434,USB Hub,4,899.00
ORD008550,2025-12-13,C1255,Headphones,3,3299.00
ORD008551,2025-08-08,C1498,Laptop Stand,2,1199.00
ORD008552,2025-12-11,C1814,Monitor,3,12499.00
ORD008553,2025-11-01,C1417,USB Hub,1,899.00
ORD008554,2025-01-30,C1465,Power Bank,2,1799.00
ORD008555,2025-10-01,C1551,USB-C Cable,2,299.50
ORD008556,2025-02-13,C1990,Webcam,2,2499.00
ORD008557,2025-06-26,C1839,Laptop Stand,1,1199.00
ORD008558,2025-11-10,C1007,Laptop Stand,1,1199.00
ORD008559,2025-04-08,C1048,Webcam,5,2499.00
ORD008560,2025-06-08,C1168,Power Bank,4,1799.00
ORD008561,2025-11-11,C1232,Webcam,4,2499.00
ORD008562,2025-12-11,C1945,Headphones,2,3299.00
ORD008563,2025-09-03,C1729,Monitor,5,12499.00
ORD008564,2025-08-15,C1787,Headphones,1,3299.00
ORD008565,2025-09-24,C1986,Webcam,1,2499.00
ORD008566,2025-12-27,C1786,Laptop Stand,1,1199.00
ORD008567,2025-08-22,C1689,Wireless Mouse,2,799.00
ORD008568,2025-11-18,C1447,Monitor,3,12499.00
ORD008569,2025-03-20,C1399,USB Hub,1,899.00
ORD008570,2025-03-31,C1997,USB Hub,3,899.00
ORD008571,2025-12-09,C1425,USB-C Cable,2,299.50
ORD008572,2025-10-30,C1968,Power Bank,3,1799.00
ORD008573,2025-03-14,C1907,Keyboard,5,1499.00
ORD008574,2025-07-19,C1439,USB Hub,5,899.00
ORD008575,2025-02-15,C1829,Keyboard,2,1499.00
ORD008576,2025-04-11,C1815,USB-C Cable,2,299.50
ORD008577,2025-05-16,C1641,Keyboard,2,1499.00
ORD008578,2025-03-23,C1824,Monitor,4,12499.00
ORD008579,2025-02-25,C1599,Keyboard,4,1499.00
ORD008580,2025-10-18,C1825,USB Hub,2,899.00
ORD008581,2025-11-13,C1885,Monitor,3,12499.00
ORD008582,2025-06-13,C1462,Headphones,3,3299.00
ORD008583,2025-07-13,C1936,Webcam,3,2499.00
ORD008584,2025-04-03,C1383,Laptop Stand,3,1199.00
ORD008585,2025-05-27,C1946,Webcam,1,2499.00
ORD008586,2025-09-24,C1099,Keyboard,5,1499.00
ORD008587,2025-02-13,C1218,Monitor,4,12499.00
ORD008588,2025-04-07,C1523,Power Bank,1,1799.00
ORD008589,2025-03-15,C1059,Monitor,2,12499.00
ORD008590,2025-11-28,C1658,USB Hub,5,899.00
ORD008591,2025-12-20,C1607,Keyboard,2,1499.00
ORD008592,2025-08-08,C1525,Power Bank,3,1799.00
ORD008593,2025-10-02,C1797,Keyboard,3,1499.00
ORD008594,2025-02-11,C1266,Power Bank,4,1799.00
ORD008595,2025-03-26,C1028,USB-C Cable,1,299.50
ORD008596,2025-12-05,C1534,Webcam,2,2499.00
ORD008597,2025-05-05,C1331,Laptop Stand,3,1199.00
ORD008598,2025-02-19,C1113,Wireless Mouse,2,799.00
ORD008599,2025-03-28,C1554,Power Bank,2,1799.00
ORD008600,2025-01-06,C1200,Headphones,1,3299.00
ORD008601,2025-09-04,C1899,USB Hub,4,899.00
ORD008602,2025-08-28,C1929,Webcam,4,2499.00
ORD008603,2025-10-21,C1010,Wireless Mouse,4,799.00
ORD008604,2025-08-11,C1111,Power Bank,5,1799.00
ORD008605,2025-08-27,C1386,Laptop Stand,2,1199.00
ORD008606,2025-01-02,C1494,Monitor,4,12499.00
ORD008607,2025-12-19,C1858,Power Bank,1,1799.00
ORD008608,2025-04-05,C1981,Headphones,1,3299.00
ORD008609,2025-03-17,C1042,Power Bank,3,1799.00
ORD008610,2025-09-26,C1865,USB Hub,5,899.00
ORD008611,2025-10-15,C1050,Headphones,3,3299.00
ORD008612,2025-09-14,C1399,Keyboard,5,1499.00
ORD008613,2025-01-23,C1231,Laptop Stand,2,1199.00
ORD008614,2025-06-02,C1670,Headphones,3,3299.00
ORD008615,2025-05-12,C1629,Headphones,4,3299.00
ORD008616,2025-06-02,C1111,Power Bank,5,1799.00
ORD008617,2025-07-25,C1037,Keyboard,3,1499.00
ORD008618,2025-11-08,C1698,Laptop Stand,1,1199.00
ORD008619,2025-05-09,C1815,Headphones,5,3299.00
ORD008620,2025-10-17,C1736,Wireless Mouse,4,799.00
ORD008621,2025-04-28,C1305,Wireless Mouse,2,799.00
ORD008622,2025-12-05,C1117,Monitor,5,12499.00
ORD008623,2025-12-16,C1054,Power Bank,1,1799.00
ORD008624,2025-02-05,C1755,USB Hub,3,899.00
ORD008625,2025-10-21,C1102,USB Hub,2,899.00
ORD008626,2025-10-06,C1145,Headphones,5,3299.00
ORD008627,2025-08-26,C1977,Headphones,1,3299.00
ORD008628,2025-05-22,C1179,Power Bank,1,1799.00
ORD008629,2025-05-07,C1068,Monitor,5,12499.00
ORD008630,2025-11-23,C1922,Laptop Stand,4,1199.00
ORD008631,2025-06-24,C1975,USB-C Cable,2,299.50
ORD008632,2025-01-02,C1143,Headphones,2,3299.00
ORD008633,2025-08-05,C1585,Keyboard,1,1499.00
ORD008634,2025-12-29,C1522,USB Hub,4,899.00
ORD008635,2025-05-22,C1526,Monitor,1,12499.00
ORD008636,2025-11-05,C1237,USB-C Cable,2,299.50
ORD008637,2025-10-07,C1236,Monitor,5,12499.00
ORD008638,2025-04-09,C1698,Webcam,5,2499.00
ORD008639,2025-01-03,C1418,Keyboard,3,1499.00
ORD008640,2025-05-03,C1906,Power Bank,3,1799.00
ORD008641,2025-09-03,C1318,Keyboard,3,1499.00
ORD008642,2025-07-13,C1587,Webcam,2,2499.00
ORD008643,2025-03-04,C1026,Monitor,2,12499.00
ORD008644,2025-06-05,C1048,Keyboard,1,1499.00
ORD008645,2025-10-06,C1250,USB-C Cable,2,299.50
ORD008646,2025-10-20,C1338,Keyboard,3,1499.00
ORD008647,2025-11-22,C1596,USB Hub,4,899.00
ORD008648,2025-04-23,C1347,Wireless Mouse,5,799.00
ORD008649,2025-02-21,C1504,Power Bank,4,1799.00
ORD008650,2025-09-06,C1716,Keyboard,1,1499.00
ORD008651,2025-01-17,C1353,Laptop Stand,4,1199.00
ORD008652,2025-08-20,C1929,USB Hub,1,899.00
ORD008653,2025-02-07,C1132,Webcam,3,2499.00
ORD008654,2025-01-03,C1337,Headphones,1,3299.00
ORD008655,2025-05-10,C1553,Headphones,2,3299.00
ORD008656,2025-10-30,C1328,USB Hub,2,899.00
ORD008657,2025-08-18,C1394,Laptop Stand,5,1199.00
ORD008658,2025-03-01,C1774,Webcam,5,2499.00
ORD008659,2025-07-26,C1468,Power Bank,4,1799.00
ORD008660,2025-02-01,C1009,Headphones,4,3299.00
ORD008661,2025-04-25,C1317,Webcam,3,2499.00
ORD008662,2025-12-13,C1650,Power Bank,2,1799.00
ORD008663,2025-11-24,C1780,Keyboard,4,1499.00
ORD008664,2025-01-23,C1233,Laptop Stand,2,1199.00
ORD008665,2025-05-16,C1594,USB-C Cable,4,299.50
ORD008666,2025-06-20,C1934,Power Bank,4,1799.00
ORD008667,2025-06-24,C1119,Webcam,1,2499.00
ORD008668,2025-10-05,C1287,Webcam,5,2499.00
ORD008669,2025-10-28,C1310,Wireless Mouse,4,799.00
ORD008670,2025-03-01,C1554,Laptop Stand,1,1199.00
ORD008671,2025-07-18,C1020,Monitor,3,12499.00
ORD008672,2025-03-25,C1495,Webcam,1,2499.00
ORD008673,2025-11-01,C1798,Power Bank,5,1799.00
ORD008674,2025-10-24,C1735,Monitor,3,12499.00
ORD008675,2025-07-31,C1851,Power Bank,1,1799.00
ORD008676,2025-02-25,C1052,Keyboard,4,1499.00
ORD008677,2025-07-20,C1314,Power Bank,4,1799.00
ORD008678,2025-05-29,C1689,Monitor,3,12499.00
ORD008679,2025-06-24,C1472,Headphones,2,3299.00
ORD008680,2025-10-17,C1809,USB Hub,4,899.00
ORD008681,2025-03-27,C1396,USB-C Cable,5,299.50
ORD008682,2025-06-01,C1519,Laptop Stand,3,1199.00
ORD008683,2025-12-15,C1025,Webcam,2,2499.00
ORD008684,2025-11-08,C1519,Wireless Mouse,3,799.00
ORD008685,2025-09-28,C1878,Headphones,3,3299.00
ORD008686,2025-01-06,C1863,Headphones,4,3299.00
ORD008687,2025-10-30,C1746,Headphones,5,3299.00
ORD008688,2025-11-29,C1735,USB-C Cable,4,299.50
ORD008689,2025-04-22,C1531,Keyboard,2,1499.00
ORD008690,2025-10-08,C1487,Headphones,1,3299.00
ORD008691,2025-08-14,C1911,Power Bank,4,1799.00
ORD008692,2025-11-02,C1383,Power Bank,4,1799.00
ORD008693,2025-12-01,C1210,Wireless Mouse,5,799.00
ORD008694,2025-03-15,C1385,Headphones,2,3299.00
ORD008695,2025-08-28,C1603,Power Bank,2,1799.00
ORD008696,2025-02-05,C1686,Power Bank,1,1799.00
ORD008697,2025-08-13,C1777,Wireless Mouse,2,799.00
ORD008698,2025-03-05,C1133,Monitor,5,12499.00
ORD008699,2025-03-30,C1191,Headphones,1,3299.00
ORD008700,2025-10-04,C1990,Headphones,2,3299.00
ORD008701,2025-04-14,C1167,Webcam,2,2499.00
ORD008702,2025-12-17,C1964,Laptop Stand,2,1199.00
ORD008703,2025-03-15,C1220,Wireless Mouse,5,799.00
ORD008704,2025-05-10,C1286,Laptop Stand,4,1199.00
ORD008705,2025-07-25,C1833,Wireless Mouse,1,799.00
ORD008706,2025-10-17,C1997,Headphones,3,3299.00
ORD008707,2025-12-15,C1939,Laptop Stand,1,1199.00
ORD008708,2025-11-10,C1352,Headphones,2,3299.00
ORD008709,2025-06-24,C1448,Laptop Stand,5,1199.00
ORD008710,2025-06-15,C1797,Headphones,2,3299.00
ORD008711,2025-02-16,C1139,Webcam,5,2499.00
ORD008712,2025-05-05,C1493,Monitor,1,12499.00
ORD008713,2025-07-15,C1882,Wireless Mouse,3,799.00
ORD008714,2025-09-29,C1907,Webcam,5,2499.00
ORD008715,2025-05-28,C1544,Monitor,4,12499.00
ORD008716,2025-05-06,C1109,Monitor,1,12499.00
ORD008717,2025-01-06,C1262,USB Hub,2,899.00
ORD008718,2025-06-29,C1986,Monitor,3,12499.00
ORD008719,2025-09-29,C1821,USB-C Cable,1,299.50
ORD008720,2025-05-07,C1997,Monitor,4,12499.00
ORD008721,2025-06-04,C1993,Headphones,2,3299.00
ORD008722,2025-06-20,C1819,Monitor,1,12499.00
ORD008723,2025-10-13,C1880,Power Bank,4,1799.00
ORD008724,2025-09-29,C1652,USB Hub,4,899.00
ORD008725,2025-07-23,C1028,USB Hub,2,899.00
ORD008726,2025-04-28,C1739,Wireless Mouse,5,799.00
ORD008727,2025-03-28,C1125,USB-C Cable,2,299.50
ORD008728,2025-09-04,C1035,Keyboard,1,1499.00
ORD008729,2025-10-14,C1410,Monitor,4,12499.00
ORD008730,2025-10-31,C1794,Laptop Stand,5,1199.00
ORD008731,2025-10-04,C1830,USB-C Cable,4,299.50
ORD008732,2025-09-05,C1163,USB Hub,5,899.00
ORD008733,2025-04-14,C1846,Power Bank,1,1799.00
ORD008734,2025-03-22,C1824,Webcam,3,2499.00
ORD008735,2025-07-29,C1177,Monitor,5,12499.00
ORD008736,2025-08-31,C1937,Keyboard,5,1499.00
ORD008737,2025-06-08,C1307,Headphones,1,3299.00
ORD008738,2025-01-05,C1240,Headphones,2,3299.00
ORD008739,2025-10-05,C1570,USB-C Cable,5,299.50
ORD008740,2025-08-30,C1004,Wireless Mouse,1,799.00
ORD008741,2025-02-10,C1718,Monitor,1,12499.00
ORD008742,2025-09-27,C1499,USB-C Cable,3,299.50
ORD008743,2025-12-17,C1081,Monitor,2,12499.00
ORD008744,2025-03-17,C1697,Wireless Mouse,2,799.00
ORD008745,2025-02-12,C1740,Wireless Mouse,4,799.00
ORD008746,2025-06-02,C1375,Monitor,3,12499.00
ORD008747,2025-07-23,C1282,Keyboard,5,1499.00
ORD008748,2025-11-14,C1140,Power Bank,1,1799.00
ORD008749,2025-05-18,C1415,Wireless Mouse,4,799.00
ORD008750,2025-08-27,C1327,USB-C Cable,1,299.50
ORD008751,2025-07-02,C1175,Keyboard,4,1499.00
ORD008752,2025-05-10,C1282,Power Bank,2,1799.00
ORD008753,2025-04-28,C1888,Wireless Mouse,4,799.00
ORD008754,2025-09-04,C1547,Wireless Mouse,3,799.00
ORD008755,2025-10-05,C1954,Webcam,2,2499.00
ORD008756,2025-01-07,C1586,Laptop Stand,3,1199.00
ORD008757,2025-09-10,C1145,USB Hub,2,899.00
ORD008758,2025-04-21,C1407,USB Hub,5,899.00
ORD008759,2025-08-07,C1050,Wireless Mouse,1,799.00
ORD008760,2025-06-21,C1456,Webcam,5,2499.00
ORD008761,2025-04-28,C1137,USB-C Cable,4,299.50
ORD008762,2025-02-08,C1274,Power Bank,5,1799.00
ORD008763,2025-09-14,C1720,Monitor,1,12499.00
ORD008764,2025-01-04,C1097,Power Bank,3,1799.00
ORD008765,2025-02-24,C1579,Wireless Mouse,4,799.00
ORD008766,2025-11-08,C1867,Power Bank,4,1799.00
ORD008767,2025-01-15,C1632,USB-C Cable,2,299.50
ORD008768,2025-02-07,C1585,Monitor,2,12499.00
ORD008769,2025-03-03,C1868,Wireless Mouse,5,799.00
ORD008770,2025-10-09,C1741,USB-C Cable,3,299.50
ORD008771,2025-05-02,C1232,USB-C Cable,2,299.50
ORD008772,2025-01-02,C1851,Power Bank,3,1799.00
ORD008773,2025-09-02,C1599,Laptop Stand,3,1199.00
ORD008774,2025-03-24,C1607,USB Hub,1,899.00
ORD008775,2025-10-02,C1987,Monitor,3,12499.00
ORD008776,2025-03-05,C1079,Monitor,4,12499.00
ORD008777,2025-11-06,C1661,Laptop Stand,4,1199.00
ORD008778,2025-05-25,C1615,Keyboard,2,1499.00
ORD008779,2025-08-27,C1342,Wireless Mouse,4,799.00
ORD008780,2025-12-23,C1879,Webcam,1,2499.00
ORD008781,2025-04-04,C1306,Webcam,5,2499.00
ORD008782,2025-05-02,C1596,Power Bank,4,1799.00
ORD008783,2025-07-17,C1133,USB-C Cable,3,299.50
ORD008784,2025-09-22,C1947,Keyboard,5,1499.00
ORD008785,2025-12-21,C1071,Laptop Stand,2,1199.00
ORD008786,2025-12-01,C1588,Webcam,4,2499.00
ORD008787,2025-05-01,C1777,Power Bank,4,1799.00
ORD008788,2025-09-03,C1175,Power Bank,3,1799.00
ORD008789,2025-04-08,C1650,Webcam,3,2499.00
ORD008790,2025-11-19,C1904,Laptop Stand,3,1199.00
ORD008791,2025-11-15,C1918,Webcam,4,2499.00
ORD008792,2025-09-11,C1168,USB Hub,5,899.00
ORD008793,2025-07-05,C1487,Headphones,1,3299.00
ORD008794,2025-07-27,C1770,Monitor,3,12499.00
ORD008795,2025-09-23,C1887,Laptop Stand,1,1199.00
ORD008796,2025-11-11,C1937,USB-C Cable,5,299.50
ORD008797,2025-04-26,C1276,Wireless Mouse,5,799.00
ORD008798,2025-11-25,C1303,Wireless Mouse,2,799.00
ORD008799,2025-08-30,C1595,Webcam,4,2499.00
ORD008800,2025-11-17,C1031,Wireless Mouse,1,799.00
ORD008801,2025-01-05,C1615,Webcam,1,2499.00
ORD008802,2025-12-24,C1362,Headphones,4,3299.00
ORD008803,2025-09-02,C1425,Laptop Stand,2,1199.00
ORD008804,2025-03-27,C1415,Webcam,4,2499.00
ORD008805,2025-03-06,C1374,USB-C Cable,3,299.50
ORD008806,2025-01-17,C1226,USB-C Cable,4,299.50
ORD008807,2025-01-28,C1609,Laptop Stand,1,1199.00
ORD008808,2025-11-19,C1997,Webcam,1,2499.00
ORD008809,2025-12-14,C1340,Keyboard,2,1499.00
ORD008810,2025-05-04,C1111,Power Bank,1,1799.00
ORD008811,2025-04-05,C1839,Power Bank,2,1799.00
ORD008812,2025-06-09,C1933,Headphones,1,3299.00
ORD008813,2025-09-09,C1983,Webcam,3,2499.00
ORD008814,2025-10-20,C1992,Headphones,1,3299.00
ORD008815,2025-11-21,C1067,Wireless Mouse,5,799.00
ORD008816,2025-03-06,C1940,Webcam,5,2499.00
ORD008817,2025-04-22,C1337,Laptop Stand,5,1199.00
ORD008818,2025-05-20,C1459,USB Hub,3,899.00
ORD008819,2025-03-22,C1589,USB-C Cable,5,299.50
ORD008820,2025-11-28,C1780,Laptop Stand,3,1199.00
ORD008821,2025-12-17,C1425,Headphones,4,3299.00
ORD008822,2025-02-12,C1361,Power Bank,2,1799.00
ORD008823,2025-03-28,C1170,Wireless Mouse,4,799.00
ORD008824,2025-06-04,C1476,USB-C Cable,2,299.50
ORD008825,2025-06-16,C1010,Headphones,1,3299.00
ORD008826,2025-03-15,C1619,Laptop Stand,5,1199.00
ORD008827,2025-10-22,C1038,Wireless Mouse,1,799.00
ORD008828,2025-06-03,C1862,Headphones,4,3299.00
ORD008829,2025-02-04,C1885,Headphones,3,3299.00
ORD008830,2025-03-16,C1462,Webcam,5,2499.00
ORD008831,2025-05-08,C1862,Power Bank,3,1799.00
ORD008832,2025-05-14,C1674,Monitor,1,12499.00
ORD008833,2025-04-01,C1656,Webcam,2,2499.00
ORD008834,2025-07-25,C1634,Keyboard,4,1499.00
ORD008835,2025-12-28,C1767,USB-C Cable,1,299.50
ORD008836,2025-08-15,C1973,Headphones,3,3299.00
ORD008837,2025-10-20,C1230,Webcam,5,2499.00
ORD008838,2025-06-06,C1978,Laptop Stand,2,1199.00
ORD008839,2025-10-28,C1019,Headphones,3,3299.00
ORD008840,2025-04-19,C1757,Monitor,5,12499.00
ORD008841,2025-12-19,C1355,USB-C Cable,2,299.50
ORD008842,2025-08-29,C1571,USB Hub,2,899.00
ORD008843,2025-08-22,C1202,Monitor,2,12499.00
ORD008844,2025-02-20,C1913,USB Hub,2,899.00
ORD008845,2025-01-11,C1956,Laptop Stand,4,1199.00
ORD008846,2025-05-22,C1348,Laptop Stand,2,1199.00
ORD008847,2025-01-26,C1185,Laptop Stand,2,1199.00
ORD008848,2025-06-08,C1103,Headphones,2,3299.00
ORD008849,2025-05-31,C1776,USB-C Cable,4,299.50
ORD008850,2025-01-12,C1648,Webcam,5,2499.00
ORD008851,2025-07-11,C1195,USB Hub,4,899.00
ORD008852,2025-01-29,C1247,USB-C Cable,2,299.50
ORD008853,2025-01-23,C1331,Monitor,1,12499.00
ORD008854,2025-01-25,C1128,Headphones,2,3299.00
ORD008855,2025-06-17,C1098,USB-C Cable,1,299.50
ORD008856,2025-12-29,C1091,Power Bank,3,1799.00
ORD008857,2025-06-16,C1547,Monitor,4,12499.00
ORD008858,2025-10-28,C1978,Wireless Mouse,3,799.00
ORD008859,2025-05-20,C1155,Wireless Mouse,2,799.00
ORD008860,2025-06-24,C1402,Webcam,3,2499.00
ORD008861,2025-02-10,C1607,Keyboard,5,1499.00
ORD008862,2025-07-10,C1832,USB-C Cable,3,299.50
ORD008863,2025-03-09,C1328,Keyboard,2,1499.00
ORD008864,2025-01-19,C1963,USB Hub,4,899.00
ORD008865,2025-02-08,C1600,USB Hub,1,899.00
ORD008866,2025-06-26,C1925,Laptop Stand,1,1199.00
ORD008867,2025-04-25,C1746,Monitor,3,12499.00
ORD008868,2025-02-05,C1631,Webcam,4,2499.00
ORD008869,2025-06-20,C1708,Keyboard,4,1499.00
ORD008870,2025-07-03,C1508,Monitor,1,12499.00
ORD008871,2025-08-10,C1816,Headphones,2,3299.00
ORD008872,2025-09-21,C1646,USB-C Cable,2,299.50
ORD008873,2025-07-29,C1251,Webcam,1,2499.00
ORD008874,2025-03-03,C1762,Headphones,4,3299.00
ORD008875,2025-02-08,C1687,USB-C Cable,5,299.50
ORD008876,2025-08-10,C1243,Monitor,3,12499.00
ORD008877,2025-01-05,C1894,USB-C Cable,1,299.50
ORD008878,2025-08-12,C1962,Power Bank,1,1799.00
ORD008879,2025-01-22,C1296,Monitor,2,12499.00
ORD008880,2025-06-10,C1621,Wireless Mouse,5,799.00
ORD008881,2025-09-14,C1828,Headphones,3,3299.00
ORD008882,2025-11-01,C1456,Headphones,4,3299.00
ORD008883,2025-06-06,C1194,Keyboard,2,1499.00
ORD008884,2025-01-13,C1934,Headphones,5,3299.00
ORD008885,2025-10-31,C1038,Wireless Mouse,1,799.00
ORD008886,2025-02-10,C1938,Wireless Mouse,3,799.00
ORD008887,2025-02-19,C1869,Headphones,1,3299.00
ORD008888,2025-11-04,C1152,Laptop Stand,4,1199.00
ORD008889,2025-09-26,C1512,USB Hub,5,899.00
ORD008890,2025-10-03,C1608,Keyboard,2,1499.00
ORD008891,2025-05-24,C1818,Wireless Mouse,4,799.00
ORD008892,2025-07-17,C1960,Keyboard,2,1499.00
ORD008893,2025-09-25,C1116,USB Hub,4,899.00
ORD008894,2025-08-31,C1724,USB Hub,5,899.00
ORD008895,2025-02-15,C1540,Monitor,3,12499.00
ORD008896,2025-11-02,C1046,Headphones,3,3299.00
ORD008897,2025-12-05,C1605,Wireless Mouse,4,799.00
ORD008898,2025-07-24,C1776,Monitor,5,12499.00
ORD008899,2025-03-24,C1389,USB Hub,4,899.00
ORD008900,2025-09-26,C1035,USB-C Cable,1,299.50
ORD008901,2025-03-21,C1731,Power Bank,4,1799.00
ORD008902,2025-01-01,C1741,USB-C Cable,5,299.50
ORD008903,2025-12-11,C1684,Keyboard,3,1499.00
ORD008904,2025-03-21,C1647,Power Bank,2,1799.00
ORD008905,2025-04-18,C1360,Power Bank,4,1799.00
ORD008906,2025-01-10,C1477,Webcam,5,2499.00
ORD008907,2025-12-31,C1799,Laptop Stand,1,1199.00
ORD008908,2025-04-24,C1050,USB Hub,4,899.00
ORD008909,2025-09-24,C1778,Power Bank,5,1799.00
ORD008910,2025-02-22,C1656,Monitor,3,12499.00
ORD008911,2025-05-26,C1622,Monitor,5,12499.00
ORD008912,2025-07-30,C1472,Laptop Stand,1,1199.00
ORD008913,2025-07-18,C1492,Webcam,3,2499.00
ORD008914,2025-08-11,C1388,Wireless Mouse,5,799.00
ORD008915,2025-08-02,C1460,USB Hub,3,899.00
ORD008916,2025-10-15,C1345,Keyboard,4,1499.00
ORD008917,2025-02-13,C1435,Keyboard,3,1499.00
ORD008918,2025-08-09,C1046,Monitor,3,12499.00
ORD008919,2025-07-25,C1212,Monitor,3,12499.00
ORD008920,2025-02-15,C1515,Laptop Stand,1,1199.00
ORD008921,2025-04-18,C1602,Power Bank,2,1799.00
ORD008922,2025-01-17,C1137,Wireless Mouse,3,799.00
ORD008923,2025-06-27,C1438,USB Hub,3,899.00
ORD008924,2025-05-03,C1789,Laptop Stand,4,1199.00
ORD008925,2025-09-04,C1813,Power Bank,2,1799.00
ORD008926,2025-12-13,C1204,Wireless Mouse,1,799.00
ORD008927,2025-09-11,C1704,Headphones,5,3299.00
ORD008928,2025-02-25,C1606,Power Bank,2,1799.00
ORD008929,2025-02-25,C1380,Headphones,3,3299.00
ORD008930,2025-09-04,C1689,USB Hub,2,899.00
ORD008931,2025-02-22,C1147,Wireless Mouse,3,799.00
ORD008932,2025-03-12,C1976,Wireless Mouse,3,799.00
ORD008933,2025-06-22,C1328,Webcam,1,2499.00
ORD008934,2025-06-25,C1302,Wireless Mouse,5,799.00
ORD008935,2025-09-17,C1762,Wireless Mouse,1,799.00
ORD008936,2025-04-17,C1581,USB Hub,4,899.00
ORD008937,2025-11-20,C1469,Headphones,2,3299.00
ORD008938,2025-09-19,C1489,USB Hub,2,899.00
ORD008939,2025-07-13,C1099,Webcam,4,2499.00
ORD008940,2025-01-07,C1207,Laptop Stand,3,1199.00
ORD008941,2025-09-27,C1225,Laptop Stand,1,1199.00
ORD008942,2025-01-16,C1594,Wireless Mouse,1,799.00
ORD008943,2025-04-25,C1320,Webcam,2,2499.00
ORD008944,2025-11-13,C1959,Webcam,2,2499.00
ORD008945,2025-09-09,C1708,Wireless Mouse,3,799.00
ORD008946,2025-08-13,C1581,Keyboard,5,1499.00
ORD008947,2025-06-10,C1277,Headphones,4,3299.00
ORD008948,2025-03-20,C1524,Headphones,5,3299.00
ORD008949,2025-12-21,C1199,Power Bank,3,1799.00
ORD008950,2025-09-25,C1620,Keyboard,4,1499.00
ORD008951,2025-03-16,C1344,USB-C Cable,2,299.50
ORD008952,2025-06-17,C1647,Power Bank,4,1799.00
ORD008953,2025-01-03,C1169,Wireless Mouse,2,799.00
ORD008954,2025-01-20,C1132,Laptop Stand,2,1199.00
ORD008955,2025-01-20,C1381,Webcam,4,2499.00
ORD008956,2025-08-20,C1873,Power Bank,1,1799.00
ORD008957,2025-07-04,C1080,USB-C Cable,3,299.50
ORD008958,2025-10-16,C1754,USB Hub,1,899.00
ORD008959,2025-02-22,C1945,Webcam,5,2499.00
ORD008960,2025-09-17,C1903,USB-C Cable,1,299.50
ORD008961,2025-02-05,C1422,Monitor,4,12499.00
ORD008962,2025-01-23,C1726,Headphones,5,3299.00
ORD008963,2025-04-03,C1222,Keyboard,5,1499.00
ORD008964,2025-09-07,C1539,USB-C Cable,5,299.50
ORD008965,2025-05-22,C1497,Webcam,5,2499.00
ORD008966,2025-10-26,C1570,Wireless Mouse,4,799.00
ORD008967,2025-08-02,C1084,Laptop Stand,3,1199.00
ORD008968,2025-08-31,C1400,USB-C Cable,5,299.50
ORD008969,2025-10-10,C1829,Monitor,3,12499.00
ORD008970,2025-06-05,C1159,Webcam,1,2499.00
ORD008971,2025-03-23,C1818,USB-C Cable,3,299.50
ORD008972,2025-03-18,C1257,USB Hub,5,899.00
ORD008973,2025-07-21,C1195,USB Hub,1,899.00
ORD008974,2025-08-25,C1240,Laptop Stand,4,1199.00
ORD008975,2025-06-03,C1375,Keyboard,1,1499.00
ORD008976,2025-02-07,C1857,Laptop Stand,1,1199.00
ORD008977,2025-01-17,C1712,USB Hub,2,899.00
ORD008978,2025-12-14,C1389,Headphones,5,3299.00
ORD008979,2025-05-15,C1806,Keyboard,1,1499.00
ORD008980,2025-12-09,C1587,Laptop Stand,4,1199.00
ORD008981,2025-07-16,C1087,Wireless Mouse,1,799.00
ORD008982,2025-08-21,C1953,Webcam,1,2499.00
ORD008983,2025-10-18,C1853,USB Hub,1,899.00
ORD008984,2025-10-25,C1823,Keyboard,5,1499.00
ORD008985,2025-06-11,C1867,USB-C Cable,4,299.50
ORD008986,2025-06-05,C1743,USB-C Cable,4,299.50
ORD008987,2025-10-14,C1565,Headphones,2,3299.00
ORD008988,2025-02-02,C1992,Webcam,1,2499.00
ORD008989,2025-05-15,C1080,Laptop Stand,3,1199.00
ORD008990,2025-04-12,C1773,Keyboard,1,1499.00
ORD008991,2025-02-23,C1113,USB Hub,5,899.00
ORD008992,2025-06-09,C1009,Keyboard,3,1499.00
ORD008993,2025-12-24,C1720,Keyboard,2,1499.00
ORD008994,2025-06-11,C1651,USB-C Cable,1,299.50
ORD008995,2025-10-28,C1684,Power Bank,1,1799.00
ORD008996,2025-06-09,C1461,Webcam,1,2499.00
ORD008997,2025-07-04,C1424,USB Hub,1,899.00
ORD008998,2025-01-25,C1826,Webcam,4,2499.00
ORD008999,2025-02-21,C1303,Power Bank,5,1799.00
ORD009000,2025-09-27,C1217,Power Bank,1,1799.00
ORD009001,2025-04-12,C1107,Wireless Mouse,3,799.00
ORD009002,2025-07-19,C1278,Monitor,3,12499.00
ORD009003,2025-03-06,C1969,Power Bank,2,1799.00
ORD009004,2025-06-17,C1677,Power Bank,4,1799.00
ORD009005,2025-01-28,C1465,Webcam,3,2499.00
ORD009006,2025-04-24,C1219,Wireless Mouse,4,799.00
ORD009007,2025-05-13,C1633,Webcam,5,2499.00
ORD009008,2025-08-19,C1003,USB Hub,5,899.00
ORD009009,2025-05-07,C1623,Laptop Stand,1,1199.00
ORD009010,2025-07-21,C1765,Laptop Stand,5,1199.00
ORD009011,2025-02-15,C1190,Webcam,4,2499.00
ORD009012,2025-02-06,C1004,Webcam,4,2499.00
ORD009013,2025-04-25,C1171,Wireless Mouse,4,799.00
ORD009014,2025-06-29,C1239,Power Bank,1,1799.00
ORD009015,2025-01-24,C1356,USB Hub,4,899.00
ORD009016,2025-05-04,C1089,Headphones,1,3299.00
ORD009017,2025-01-14,C1546,Keyboard,5,1499.00
ORD009018,2025-11-26,C1340,Headphones,3,3299.00
ORD009019,2025-02-18,C1169,Headphones,3,3299.00
ORD009020,2025-07-22,C1038,Laptop Stand,4,1199.00
ORD009021,2025-01-11,C1062,Webcam,3,2499.00
ORD009022,2025-05-29,C1973,Power Bank,5,1799.00
ORD009023,2025-08-26,C1613,Headphones,3,3299.00
ORD009024,2025-07-13,C1793,USB Hub,5,899.00
ORD009025,2025-10-30,C1278,USB Hub,5,899.00
ORD009026,2025-09-22,C1071,Webcam,4,2499.00
ORD009027,2025-11-29,C1252,Wireless Mouse,4,799.00
ORD009028,2025-01-13,C1054,Keyboard,4,1499.00
ORD009029,2025-01-03,C1771,Power Bank,1,1799.00
ORD009030,2025-09-06,C1972,Power Bank,2,1799.00
ORD009031,2025-06-10,C1587,Power Bank,3,1799.00
ORD009032,2025-04-14,C1835,Laptop Stand,1,1199.00
ORD009033,2025-09-28,C1105,Power Bank,1,1799.00
ORD009034,2025-08-15,C1109,Keyboard,5,1499.00
ORD009035,2025-01-27,C1037,Headphones,3,3299.00
ORD009036,2025-03-29,C1944,Wireless Mouse,1,799.00
ORD009037,2025-05-27,C1300,Webcam,1,2499.00
ORD009038,2025-06-21,C1869,Monitor,5,12499.00
ORD009039,2025-08-18,C1286,Headphones,2,3299.00
ORD009040,2025-04-30,C1681,Laptop Stand,5,1199.00
ORD009041,2025-12-06,C1578,Webcam,4,2499.00
ORD009042,2025-07-11,C1962,Monitor,2,12499.00
ORD009043,2025-10-18,C1111,Laptop Stand,4,1199.00
ORD009044,2025-04-19,C1744,Wireless Mouse,2,799.00
ORD009045,2025-05-05,C1928,Monitor,1,12499.00
ORD009046,2025-06-09,C1632,Wireless Mouse,5,799.00
ORD009047,2025-07-16,C1641,USB-C Cable,4,299.50
ORD009048,2025-04-20,C1736,Monitor,4,12499.00
ORD009049,2025-11-11,C1489,Keyboard,4,1499.00
ORD009050,2025-02-23,C1465,Laptop Stand,2,1199.00
ORD009051,2025-08-07,C1711,Webcam,2,2499.00
ORD009052,2025-09-17,C1507,Webcam,2,2499.00
ORD009053,2025-10-14,C1842,Laptop Stand,3,1199.00
ORD009054,2025-07-12,C1878,USB Hub,3,899.00
ORD009055,2025-11-15,C1157,Laptop Stand,4,1199.00
ORD009056,2025-10-11,C1464,Headphones,1,3299.00
ORD009057,2025-12-26,C1080,Webcam,2,2499.00
ORD009058,2025-10-23,C1205,Webcam,1,2499.00
ORD009059,2025-11-08,C1399,Power Bank,4,1799.00
ORD009060,2025-08-09,C1006,Wireless Mouse,3,799.00
ORD009061,2025-10-14,C1656,Monitor,1,12499.00
ORD009062,2025-04-28,C1844,Power Bank,3,1799.00
ORD009063,2025-11-08,C1128,Power Bank,1,1799.00
ORD009064,2025-07-18,C1139,Keyboard,3,1499.00
ORD009065,2025-07-21,C1714,Wireless Mouse,5,799.00
ORD009066,2025-11-10,C1192,USB Hub,3,899.00
ORD009067,2025-07-21,C1309,Webcam,4,2499.00
ORD009068,2025-10-31,C1547,Laptop Stand,5,1199.00
ORD009069,2025-01-08,C1104,Power Bank,3,1799.00
ORD009070,2025-07-04,C1497,Monitor,1,12499.00
ORD009071,2025-11-03,C1734,Laptop Stand,2,1199.00
ORD009072,2025-12-05,C1135,Webcam,4,2499.00
ORD009073,2025-10-04,C1404,Keyboard,4,1499.00
ORD009074,2025-07-05,C1329,USB-C Cable,2,299.50
ORD009075,2025-06-18,C1024,Wireless Mouse,5,799.00
ORD009076,2025-07-19,C1054,USB-C Cable,1,299.50
ORD009077,2025-12-08,C1082,Wireless Mouse,1,799.00
ORD009078,2025-02-12,C1837,Wireless Mouse,3,799.00
ORD009079,2025-02-07,C1425,Headphones,1,3299.00
ORD009080,2025-04-09,C1575,Power Bank,3,1799.00
ORD009081,2025-11-16,C1641,Webcam,5,2499.00
ORD009082,2025-03-13,C1970,Keyboard,1,1499.00
ORD009083,2025-01-01,C1048,Laptop Stand,5,1199.00
ORD009084,2025-03-13,C1670,USB Hub,2,899.00
ORD009085,2025-06-05,C1681,USB Hub,4,899.00
ORD009086,2025-12-15,C1703,Wireless Mouse,5,799.00
ORD009087,2025-09-02,C1130,Headphones,2,3299.00
ORD009088,2025-02-07,C1062,Laptop Stand,3,1199.00
ORD009089,2025-09-28,C1127,Webcam,4,2499.00
ORD009090,2025-11-18,C1250,Power Bank,4,1799.00
ORD009091,2025-06-12,C1742,Monitor,4,12499.00
ORD009092,2025-11-07,C1141,Keyboard,2,1499.00
ORD009093,2025-09-29,C1560,Keyboard,2,1499.00
ORD009094,2025-01-11,C1420,USB-C Cable,2,299.50
ORD009095,2025-09-27,C1744,Keyboard,4,1499.00
ORD009096,2025-03-04,C1492,Webcam,4,2499.00
ORD009097,2025-11-23,C1644,Keyboard,2,1499.00
ORD009098,2025-03-21,C1194,Wireless Mouse,4,799.00
ORD009099,2025-03-01,C1706,Webcam,4,2499.00
ORD009100,2025-08-05,C1518,Laptop Stand,2,1199.00
ORD009101,2025-11-17,C1624,Monitor,5,12499.00
ORD009102,2025-07-31,C1867,Keyboard,4,1499.00
ORD009103,2025-05-21,C1015,Headphones,2,3299.00
ORD009104,2025-04-26,C1800,USB-C Cable,5,299.50
ORD009105,2025-10-20,C1751,Keyboard,2,1499.00
ORD009106,2025-06-25,C1143,USB-C Cable,5,299.50
ORD009107,2025-11-22,C1824,USB-C Cable,4,299.50
ORD009108,2025-02-22,C1179,Power Bank,4,1799.00
ORD009109,2025-08-25,C1597,Laptop Stand,3,1199.00
ORD009110,2025-03-26,C1958,Monitor,2,12499.00
ORD009111,2025-04-05,C1928,Monitor,5,12499.00
ORD009112,2025-05-12,C1264,Headphones,3,3299.00
ORD009113,2025-05-23,C1778,USB Hub,2,899.00
ORD009114,2025-12-27,C1747,Headphones,5,3299.00
ORD009115,2025-09-17,C1115,Headphones,1,3299.00
ORD009116,2025-06-08,C1801,Keyboard,2,1499.00
ORD009117,2025-01-24,C1436,Laptop Stand,3,1199.00
ORD009118,2025-11-06,C1724,Wireless Mouse,5,799.00
ORD009119,2025-06-14,C1575,Wireless Mouse,4,799.00
ORD009120,2025-02-13,C1861,Power Bank,3,1799.00
ORD009121,2025-12-26,C1356,Monitor,5,12499.00
ORD009122,2025-11-24,C1931,Wireless Mouse,4,799.00
ORD009123,2025-09-04,C1543,USB-C Cable,4,299.50
ORD009124,2025-03-29,C1944,Wireless Mouse,3,799.00
ORD009125,2025-12-19,C1155,Keyboard,1,1499.00
ORD009126,2025-07-19,C1976,Webcam,2,2499.00
ORD009127,2025-03-28,C1119,Power Bank,4,1799.00
ORD009128,2025-07-23,C1404,USB-C Cable,1,299.50
ORD009129,2025-03-16,C1194,Laptop Stand,3,1199.00
ORD009130,2025-06-02,C1074,USB Hub,5,899.00
ORD009131,2025-03-31,C1637,Wireless Mouse,3,799.00
ORD009132,2025-12-03,C1634,Monitor,5,12499.00
ORD009133,2025-08-28,C1788,Power Bank,2,1799.00
ORD009134,2025-10-20,C1200,Power Bank,5,1799.00
ORD009135,2025-09-08,C1873,Monitor,5,12499.00
ORD009136,2025-06-27,C1069,Monitor,5,12499.00
ORD009137,2025-05-11,C1737,USB-C Cable,4,299.50
ORD009138,2025-12-16,C1087,Webcam,1,2499.00
ORD009139,2025-09-03,C1691,Keyboard,2,1499.00
ORD009140,2025-08-22,C1012,Headphones,2,3299.00
ORD009141,2025-08-06,C1151,USB Hub,3,899.00
ORD009142,2025-12-01,C1474,Headphones,4,3299.00
ORD009143,2025-02-22,C1164,Keyboard,3,1499.00
ORD009144,2025-05-30,C1747,USB Hub,2,899.00
ORD009145,2025-04-17,C1031,Laptop Stand,1,1199.00
ORD009146,2025-01-22,C1370,USB Hub,4,899.00
ORD009147,2025-01-17,C1760,Laptop Stand,5,1199.00
ORD009148,2025-10-23,C1987,USB-C Cable,2,299.50
ORD009149,2025-11-23,C1572,Webcam,2,2499.00
ORD009150,2025-08-27,C1228,USB Hub,2,899.00
ORD009151,2025-01-21,C1909,Keyboard,4,1499.00
ORD009152,2025-09-26,C1207,USB Hub,1,899.00
ORD009153,2025-11-22,C1451,USB-C Cable,2,299.50
ORD009154,2025-06-30,C1780,Headphones,3,3299.00
ORD009155,2025-06-28,C1152,USB Hub,2,899.00
ORD009156,2025-08-30,C1136,Wireless Mouse,1,799.00
ORD009157,2025-11-12,C1459,Keyboard,1,1499.00
ORD009158,2025-06-01,C1141,USB Hub,5,899.00
ORD009159,2025-05-10,C1849,Power Bank,1,1799.00
ORD009160,2025-12-16,C1733,Headphones,2,3299.00
ORD009161,2025-11-10,C1714,Power Bank,4,1799.00
ORD009162,2025-11-19,C1405,Laptop Stand,3,1199.00
ORD009163,2025-03-22,C1639,Keyboard,3,1499.00
ORD009164,2025-06-19,C1093,Monitor,1,12499.00
ORD009165,2025-07-06,C1906,Wireless Mouse,1,799.00
ORD009166,2025-09-20,C1117,Wireless Mouse,5,799.00
ORD009167,2025-12-19,C1550,Webcam,3,2499.00
ORD009168,2025-03-07,C1439,USB-C Cable,2,299.50
ORD009169,2025-12-20,C1048,Laptop Stand,1,1199.00
ORD009170,2025-08-03,C1010,Laptop Stand,4,1199.00
ORD009171,2025-03-08,C1246,USB-C Cable,3,299.50
ORD009172,2025-03-20,C1763,Wireless Mouse,5,799.00
ORD009173,2025-01-02,C1722,Laptop Stand,2,1199.00
ORD009174,2025-12-16,C1145,Webcam,3,2499.00
ORD009175,2025-08-22,C1338,Laptop Stand,2,1199.00
ORD009176,2025-08-11,C1785,Keyboard,5,1499.00
ORD009177,2025-10-14,C1030,USB-C Cable,5,299.50
ORD009178,2025-08-01,C1726,Keyboard,4,1499.00
ORD009179,2025-03-05,C1432,Laptop Stand,4,1199.00
ORD009180,2025-10-13,C1482,Headphones,3,3299.00
ORD009181,2025-05-08,C1211,Wireless Mouse,1,799.00
ORD009182,2025-07-11,C1285,Webcam,3,2499.00
ORD009183,2025-01-10,C1398,Keyboard,1,1499.00
ORD009184,2025-07-20,C1270,Headphones,5,3299.00
ORD009185,2025-01-03,C1031,Power Bank,5,1799.00
ORD009186,2025-05-29,C1807,Webcam,3,2499.00
ORD009187,2025-01-15,C1102,USB Hub,3,899.00
ORD009188,2025-09-08,C1416,Keyboard,3,1499.00
ORD009189,2025-10-25,C1968,USB-C Cable,4,299.50
ORD009190,2025-09-22,C1003,USB-C Cable,5,299.50
ORD009191,2025-06-01,C1098,USB-C Cable,1,299.50
ORD009192,2025-01-04,C1325,Monitor,1,12499.00
ORD009193,2025-11-12,C1586,Headphones,4,3299.00
ORD009194,2025-04-10,C1125,Keyboard,3,1499.00
ORD009195,2025-12-29,C1339,USB-C Cable,3,299.50
ORD009196,2025-12-24,C1250,USB-C Cable,2,299.50
ORD009197,2025-12-05,C1812,USB-C Cable,5,299.50
ORD009198,2025-06-16,C1515,Wireless Mouse,5,799.00
ORD009199,2025-08-22,C1663,Laptop Stand,4,1199.00
ORD009200,2025-05-01,C1358,Webcam,3,2499.00
ORD009201,2025-12-25,C1871,Wireless Mouse,3,799.00
ORD009202,2025-07-27,C1178,Power Bank,3,1799.00
ORD009203,2025-11-02,C1372,Laptop Stand,1,1199.00
ORD009204,2025-02-14,C1118,Keyboard,3,1499.00
ORD009205,2025-06-16,C1327,USB-C Cable,5,299.50
ORD009206,2025-04-03,C1474,Headphones,4,3299.00
ORD009207,2025-10-10,C1551,USB Hub,2,899.00
ORD009208,2025-01-21,C1226,Headphones,1,3299.00
ORD009209,2025-05-22,C1544,Power Bank,5,1799.00
ORD009210,2025-05-02,C1020,Wireless Mouse,3,799.00
ORD009211,2025-10-01,C1912,Monitor,5,12499.00
ORD009212,2025-12-28,C1777,Wireless Mouse,5,799.00
ORD009213,2025-03-02,C1856,Power Bank,5,1799.00
ORD009214,2025-02-04,C1818,Headphones,3,3299.00
ORD009215,2025-04-02,C1623,USB-C Cable,2,299.50
ORD009216,2025-12-26,C1336,Monitor,3,12499.00
ORD009217,2025-11-02,C1900,Monitor,2,12499.00
ORD009218,2025-06-16,C1754,Wireless Mouse,3,799.00
ORD009219,2025-08-15,C1328,Headphones,4,3299.00
ORD009220,2025-11-03,C1621,Power Bank,1,1799.00
ORD009221,2025-12-15,C1192,Keyboard,4,1499.00
ORD009222,2025-04-25,C1018,USB Hub,3,899.00
ORD009223,2025-08-28,C1421,Monitor,2,12499.00
ORD009224,2025-05-09,C1332,Power Bank,1,1799.00
ORD009225,2025-07-19,C1000,Keyboard,5,1499.00
ORD009226,2025-09-29,C1584,Monitor,4,12499.00
ORD009227,2025-02-25,C1899,Wireless Mouse,3,799.00
ORD009228,2025-04-03,C1119,USB-C Cable,2,299.50
ORD009229,2025-07-14,C1726,Laptop Stand,5,1199.00
ORD009230,2025-02-01,C1007,Headphones,5,3299.00
ORD009231,2025-05-20,C1469,Laptop Stand,4,1199.00
ORD009232,2025-03-08,C1687,Keyboard,5,1499.00
ORD009233,2025-10-28,C1632,USB Hub,2,899.00
ORD009234,2025-12-18,C1942,Wireless Mouse,4,799.00
ORD009235,2025-07-19,C1924,Webcam,1,2499.00
ORD009236,2025-05-07,C1748,Keyboard,5,1499.00
ORD009237,2025-10-23,C1905,Power Bank,5,1799.00
ORD009238,2025-08-27,C1107,USB-C Cable,3,299.50
ORD009239,2025-01-25,C1934,Headphones,2,3299.00
ORD009240,2025-09-24,C1693,Laptop Stand,4,1199.00
ORD009241,2025-09-23,C1692,USB Hub,3,899.00
ORD009242,2025-09-20,C1374,USB-C Cable,5,299.50
ORD009243,2025-07-23,C1524,USB Hub,1,899.00
ORD009244,2025-05-13,C1794,USB Hub,2,899.00
ORD009245,2025-07-22,C1713,Power Bank,2,1799.00
ORD009246,2025-12-31,C1931,Wireless Mouse,5,799.00
ORD009247,2025-11-27,C1004,Wireless Mouse,4,799.00
ORD009248,2025-09-12,C1601,Laptop Stand,3,1199.00
ORD009249,2025-05-22,C1320,Webcam,4,2499.00
ORD009250,2025-06-08,C1283,Webcam,1,2499.00
ORD009251,2025-08-20,C1412,Wireless Mouse,5,799.00
ORD009252,2025-08-07,C1138,USB-C Cable,4,299.50
ORD009253,2025-05-26,C1669,Monitor,2,12499.00
ORD009254,2025-08-20,C1850,Webcam,3,2499.00
ORD009255,2025-12-19,C1400,Keyboard,1,1499.00
ORD009256,2025-05-08,C1349,Webcam,5,2499.00
ORD009257,2025-04-18,C1943,USB Hub,5,899.00
ORD009258,2025-06-18,C1977,USB Hub,5,899.00
ORD009259,2025-08-25,C1831,Wireless Mouse,5,799.00
ORD009260,2025-07-06,C1518,Headphones,3,3299.00
ORD009261,2025-09-17,C1774,Power Bank,2,1799.00
ORD009262,2025-06-18,C1426,Power Bank,5,1799.00
ORD009263,2025-07-13,C1488,Keyboard,5,1499.00
ORD009264,2025-04-22,C1313,Webcam,1,2499.00
ORD009265,2025-12-22,C1215,Power Bank,1,1799.00
ORD009266,2025-11-30,C1686,Power Bank,1,1799.00
ORD009267,2025-08-27,C1980,Power Bank,4,1799.00
ORD009268,2025-12-18,C1652,Keyboard,2,1499.00
ORD009269,2025-12-03,C1026,Monitor,1,12499.00
ORD009270,2025-09-18,C1547,Power Bank,2,1799.00
ORD009271,2025-10-26,C1160,Headphones,2,3299.00
ORD009272,2025-04-12,C1732,Laptop Stand,5,1199.00
ORD009273,2025-05-25,C1013,Monitor,2,12499.00
ORD009274,2025-07-29,C1595,Laptop Stand,5,1199.00
ORD009275,2025-03-08,C1976,Monitor,5,12499.00
ORD009276,2025-12-16,C1784,Monitor,1,12499.00
ORD009277,2025-04-25,C1089,USB-C Cable,2,299.50
ORD009278,2025-06-11,C1200,Headphones,2,3299.00
ORD009279,2025-05-02,C1321,Power Bank,3,1799.00
ORD009280,2025-05-26,C1638,Keyboard,4,1499.00
ORD009281,2025-05-15,C1608,USB-C Cable,1,299.50
ORD009282,2025-03-13,C1991,Laptop Stand,2,1199.00
ORD009283,2025-05-18,C1493,Laptop Stand,4,1199.00
ORD009284,2025-05-30,C1434,Keyboard,5,1499.00
ORD009285,2025-01-18,C1599,Monitor,2,12499.00
ORD009286,2025-06-10,C1376,Monitor,3,12499.00
ORD009287,2025-01-22,C1935,Power Bank,2,1799.00
ORD009288,2025-01-21,C1420,Wireless Mouse,1,799.00
ORD009289,2025-05-09,C1075,Power Bank,2,1799.00
ORD009290,2025-06-08,C1271,Headphones,3,3299.00
ORD009291,2025-08-29,C1818,Webcam,4,2499.00
ORD009292,2025-03-23,C1110,Keyboard,5,1499.00
ORD009293,2025-12-06,C1611,Laptop Stand,1,1199.00
ORD009294,2025-09-02,C1693,USB-C Cable,1,299.50
ORD009295,2025-06-16,C1030,Headphones,4,3299.00
ORD009296,2025-02-22,C1927,Headphones,2,3299.00
ORD009297,2025-03-18,C1928,USB-C Cable,5,299.50
ORD009298,2025-12-02,C1727,Laptop Stand,1,1199.00
ORD009299,2025-07-17,C1303,Monitor,3,12499.00
ORD009300,2025-10-13,C1711,Headphones,3,3299.00
ORD009301,2025-12-10,C1004,Laptop Stand,3,1199.00
ORD009302,2025-07-09,C1331,Monitor,3,12499.00
ORD009303,2025-01-27,C1129,Monitor,4,12499.00
ORD009304,2025-12-28,C1340,Laptop Stand,4,1199.00
ORD009305,2025-09-13,C1510,Wireless Mouse,4,799.00
ORD009306,2025-11-07,C1821,USB Hub,3,899.00
ORD009307,2025-04-29,C1661,Laptop Stand,2,1199.00
ORD009308,2025-07-29,C1878,Power Bank,2,1799.00
ORD009309,2025-05-15,C1694,Wireless Mouse,4,799.00
ORD009310,2025-01-15,C1532,Wireless Mouse,2,799.00
ORD009311,2025-07-24,C1579,Laptop Stand,4,1199.00
ORD009312,2025-08-06,C1911,USB-C Cable,5,299.50
ORD009313,2025-04-05,C1969,Wireless Mouse,2,799.00
ORD009314,2025-02-01,C1577,USB-C Cable,4,299.50
ORD009315,2025-06-22,C1692,Monitor,1,12499.00
ORD009316,2025-02-23,C1468,Headphones,5,3299.00
ORD009317,2025-08-10,C1658,Wireless Mouse,4,799.00
ORD009318,2025-02-04,C1979,Wireless Mouse,3,799.00
ORD009319,2025-03-30,C1039,Keyboard,1,1499.00
ORD009320,2025-10-27,C1868,Laptop Stand,2,1199.00
ORD009321,2025-06-08,C1626,Webcam,1,2499.00
ORD009322,2025-08-12,C1613,Power Bank,4,1799.00
ORD009323,2025-02-28,C1391,USB-C Cable,2,299.50
ORD009324,2025-10-10,C1664,Keyboard,2,1499.00
ORD009325,2025-12-18,C1837,Laptop Stand,2,1199.00
ORD009326,2025-11-02,C1161,Keyboard,5,1499.00
ORD009327,2025-11-29,C1624,Headphones,2,3299.00
ORD009328,2025-01-02,C1870,Keyboard,3,1499.00
ORD009329,2025-01-13,C1491,Laptop Stand,1,1199.00
ORD009330,2025-03-30,C1941,USB-C Cable,4,299.50
ORD009331,2025-01-29,C1919,Wireless Mouse,5,799.00
ORD009332,2025-03-16,C1523,USB-C Cable,2,299.50
ORD009333,2025-08-16,C1766,Power Bank,3,1799.00
ORD009334,2025-08-21,C1798,USB-C Cable,1,299.50
ORD009335,2025-05-27,C1635,Monitor,5,12499.00
ORD009336,2025-09-09,C1752,Monitor,5,12499.00
ORD009337,2025-08-16,C1808,USB Hub,2,899.00
ORD009338,2025-03-16,C1063,USB Hub,4,899.00
ORD009339,2025-03-19,C1162,Laptop Stand,5,1199.00
ORD009340,2025-02-10,C1171,Wireless Mouse,4,799.00
ORD009341,2025-01-28,C1923,USB Hub,3,899.00
ORD009342,2025-08-01,C1720,Webcam,4,2499.00
ORD009343,2025-09-15,C1593,Monitor,3,12499.00
ORD009344,2025-05-19,C1502,USB-C Cable,4,299.50
ORD009345,2025-10-18,C1426,Wireless Mouse,1,799.00
ORD009346,2025-05-16,C1450,Headphones,2,3299.00
ORD009347,2025-06-25,C1181,Webcam,3,2499.00
ORD009348,2025-04-22,C1463,Power Bank,5,1799.00
ORD009349,2025-12-22,C1256,Power Bank,4,1799.00
ORD009350,2025-10-08,C1927,Power Bank,5,1799.00
ORD009351,2025-01-08,C1452,Webcam,1,2499.00
ORD009352,2025-08-02,C1325,Webcam,4,2499.00
ORD009353,2025-08-23,C1794,Power Bank,1,1799.00
ORD009354,2025-02-14,C1145,Headphones,5,3299.00
ORD009355,2025-09-14,C1621,USB Hub,4,899.00
ORD009356,2025-10-07,C1313,USB-C Cable,2,299.50
ORD009357,2025-09-25,C1062,Headphones,5,3299.00
ORD009358,2025-09-20,C1815,USB-C Cable,2,299.50
ORD009359,2025-12-18,C1736,Headphones,1,3299.00
ORD009360,2025-05-12,C1122,Headphones,4,3299.00
ORD009361,2025-01-01,C1349,Wireless Mouse,2,799.00
ORD009362,2025-02-08,C1660,Power Bank,5,1799.00
ORD009363,2025-01-18,C1342,Headphones,4,3299.00
ORD009364,2025-10-05,C1527,Headphones,1,3299.00
ORD009365,2025-02-08,C1706,Laptop Stand,4,1199.00
ORD009366,2025-06-06,C1483,Headphones,5,3299.00
ORD009367,2025-11-22,C1065,Monitor,2,12499.00
ORD009368,2025-10-26,C1536,Power Bank,2,1799.00
ORD009369,2025-03-31,C1779,Keyboard,3,1499.00
ORD009370,2025-10-13,C1701,USB-C Cable,3,299.50
ORD009371,2025-07-11,C1688,Laptop Stand,3,1199.00
ORD009372,2025-07-24,C1810,Keyboard,1,1499.00
ORD009373,2025-10-23,C1618,Keyboard,1,1499.00
ORD009374,2025-12-15,C1267,USB Hub,5,899.00
ORD009375,2025-09-25,C1450,Wireless Mouse,1,799.00
ORD009376,2025-08-30,C1001,Keyboard,5,1499.00
ORD009377,2025-09-06,C1893,Headphones,1,3299.00
ORD009378,2025-03-29,C1040,Monitor,4,12499.00
ORD009379,2025-11-29,C1105,Power Bank,1,1799.00
ORD009380,2025-05-27,C1059,Power Bank,3,1799.00
ORD009381,2025-04-26,C1434,Laptop Stand,5,1199.00
ORD009382,2025-08-15,C1611,Monitor,4,12499.00
ORD009383,2025-12-25,C1155,Power Bank,3,1799.00
ORD009384,2025-02-12,C1685,Headphones,1,3299.00
ORD009385,2025-02-04,C1093,Monitor,1,12499.00
ORD009386,2025-01-27,C1692,Wireless Mouse,4,799.00
ORD009387,2025-02-24,C1508,Wireless Mouse,5,799.00
ORD009388,2025-01-15,C1743,Monitor,2,12499.00
ORD009389,2025-07-10,C1049,Wireless Mouse,2,799.00
ORD009390,2025-12-07,C1295,Monitor,5,12499.00
ORD009391,2025-03-25,C1702,Power Bank,2,1799.00
ORD009392,2025-01-17,C1083,USB-C Cable,1,299.50
ORD009393,2025-11-14,C1922,USB-C Cable,4,299.50
ORD009394,2025-11-16,C1809,Monitor,5,12499.00
ORD009395,2025-05-18,C1663,Power Bank,4,1799.00
ORD009396,2025-11-24,C1235,Monitor,5,12499.00
ORD009397,2025-06-14,C1609,Headphones,4,3299.00
ORD009398,2025-05-11,C1851,Webcam,2,2499.00
ORD009399,2025-03-19,C1392,Monitor,5,12499.00
ORD009400,2025-12-09,C1664,Webcam,2,2499.00
ORD009401,2025-05-25,C1085,Wireless Mouse,4,799.00
ORD009402,2025-02-27,C1357,Webcam,2,2499.00
ORD009403,2025-05-30,C1040,Power Bank,3,1799.00
ORD009404,2025-04-07,C1244,Keyboard,4,1499.00
ORD009405,2025-08-16,C1808,Laptop Stand,4,1199.00
ORD009406,2025-10-21,C1789,Headphones,5,3299.00
ORD009407,2025-07-14,C1546,Power Bank,1,1799.00
ORD009408,2025-01-03,C1857,Headphones,5,3299.00
ORD009409,2025-06-25,C1508,Monitor,1,12499.00
ORD009410,2025-06-04,C1613,Power Bank,1,1799.00
ORD009411,2025-09-24,C1305,Monitor,5,12499.00
ORD009412,2025-09-22,C1521,Headphones,1,3299.00
ORD009413,2025-05-20,C1602,Webcam,5,2499.00
ORD009414,2025-09-21,C1059,Wireless Mouse,2,799.00
ORD009415,2025-09-15,C1410,Monitor,2,12499.00
ORD009416,2025-01-24,C1690,Webcam,3,2499.00
ORD009417,2025-05-11,C1271,Power Bank,3,1799.00
ORD009418,2025-10-17,C1632,Wireless Mouse,5,799.00
ORD009419,2025-08-12,C1214,USB Hub,2,899.00
ORD009420,2025-07-11,C1783,Webcam,2,2499.00
ORD009421,2025-03-16,C1997,Monitor,4,12499.00
ORD009422,2025-02-19,C1922,Keyboard,1,1499.00
ORD009423,2025-12-21,C1985,Keyboard,1,1499.00
ORD009424,2025-07-10,C1819,USB Hub,1,899.00
ORD009425,2025-05-09,C1420,USB Hub,4,899.00
ORD009426,2025-11-09,C1567,USB Hub,3,899.00
ORD009427,2025-03-26,C1078,Laptop Stand,2,1199.00
ORD009428,2025-10-23,C1421,Monitor,1,12499.00
ORD009429,2025-12-07,C1214,USB Hub,1,899.00
ORD009430,2025-12-22,C1203,Power Bank,3,1799.00
ORD009431,2025-01-05,C1898,USB Hub,1,899.00
ORD009432,2025-03-17,C1672,USB-C Cable,4,299.50
ORD009433,2025-03-21,C1354,Webcam,5,2499.00
ORD009434,2025-12-06,C1954,Power Bank,2,1799.00
ORD009435,2025-06-21,C1871,Wireless Mouse,3,799.00
ORD009436,2025-10-07,C1846,Webcam,2,2499.00
ORD009437,2025-09-05,C1943,USB Hub,5,899.00
ORD009438,2025-11-09,C1144,Keyboard,1,1499.00
ORD009439,2025-08-29,C1995,Webcam,3,2499.00
ORD009440,2025-05-24,C1457,USB Hub,3,899.00
ORD009441,2025-01-03,C1301,Headphones,2,3299.00
ORD009442,2025-08-22,C1981,Laptop Stand,1,1199.00
ORD009443,2025-10-08,C1940,Power Bank,3,1799.00
ORD009444,2025-04-03,C1082,Power Bank,3,1799.00
ORD009445,2025-02-10,C1469,Headphones,2,3299.00
ORD009446,2025-06-22,C1548,Power Bank,1,1799.00
ORD009447,2025-06-26,C1819,Webcam,2,2499.00
ORD009448,2025-08-05,C1456,USB-C Cable,4,299.50
ORD009449,2025-09-23,C1664,USB Hub,5,899.00
ORD009450,2025-10-29,C1554,Power Bank,5,1799.00
ORD009451,2025-08-29,C1338,Power Bank,3,1799.00
ORD009452,2025-06-18,C1525,Webcam,3,2499.00
ORD009453,2025-05-31,C1989,Power Bank,1,1799.00
ORD009454,2025-05-23,C1004,Laptop Stand,1,1199.00
ORD009455,2025-10-25,C1708,USB-C Cable,2,299.50
ORD009456,2025-01-02,C1707,Headphones,3,3299.00
ORD009457,2025-04-04,C1712,Headphones,4,3299.00
ORD009458,2025-12-06,C1065,Monitor,5,12499.00
ORD009459,2025-05-09,C1385,Laptop Stand,2,1199.00
ORD009460,2025-11-05,C1027,USB Hub,1,899.00
ORD009461,2025-05-23,C1861,USB-C Cable,5,299.50
ORD009462,2025-05-31,C1490,Webcam,5,2499.00
ORD009463,2025-08-05,C1736,Laptop Stand,3,1199.00
ORD009464,2025-03-02,C1943,Headphones,1,3299.00
ORD009465,2025-07-29,C1567,Monitor,4,12499.00
ORD009466,2025-12-28,C1135,USB-C Cable,2,299.50
ORD009467,2025-08-27,C1028,Wireless Mouse,4,799.00
ORD009468,2025-11-11,C1258,Monitor,5,12499.00
ORD009469,2025-06-11,C1991,Wireless Mouse,2,799.00
ORD009470,2025-07-13,C1035,Keyboard,2,1499.00
ORD009471,2025-08-19,C1650,USB-C Cable,3,299.50
ORD009472,2025-05-08,C1054,Laptop Stand,2,1199.00
ORD009473,2025-12-12,C1180,Power Bank,4,1799.00
ORD009474,2025-10-02,C1423,Keyboard,2,1499.00
ORD009475,2025-06-02,C1467,Webcam,3,2499.00
ORD009476,2025-04-07,C1882,Headphones,1,3299.00
ORD009477,2025-03-08,C1640,Keyboard,1,1499.00
ORD009478,2025-10-06,C1715,Laptop Stand,1,1199.00
ORD009479,2025-10-06,C1867,Power Bank,2,1799.00
ORD009480,2025-09-07,C1552,USB Hub,1,899.00
ORD009481,2025-08-02,C1079,Headphones,3,3299.00
ORD009482,2025-06-27,C1637,Webcam,5,2499.00
ORD009483,2025-09-20,C1410,Monitor,4,12499.00
ORD009484,2025-07-01,C1443,Laptop Stand,3,1199.00
ORD009485,2025-02-10,C1535,Webcam,1,2499.00
ORD009486,2025-11-18,C1875,USB-C Cable,5,299.50
ORD009487,2025-04-01,C1346,USB Hub,2,899.00
ORD009488,2025-03-29,C1936,Keyboard,5,1499.00
ORD009489,2025-07-15,C1443,USB Hub,5,899.00
ORD009490,2025-06-11,C1854,Wireless Mouse,5,799.00
ORD009491,2025-07-19,C1603,Webcam,5,2499.00
ORD009492,2025-06-08,C1179,USB Hub,5,899.00
ORD009493,2025-03-22,C1709,USB Hub,5,899.00
ORD009494,2025-08-18,C1904,Webcam,1,2499.00
ORD009495,2025-03-20,C1045,Monitor,2,12499.00
ORD009496,2025-12-09,C1225,Keyboard,2,1499.00
ORD009497,2025-10-12,C1887,USB Hub,4,899.00
ORD009498,2025-03-27,C1214,Keyboard,2,1499.00
ORD009499,2025-04-17,C1888,Wireless Mouse,4,799.00
ORD009500,2025-09-25,C1446,Headphones,3,3299.00
ORD009501,2025-08-15,C1951,USB-C Cable,4,299.50
ORD009502,2025-07-19,C1139,USB Hub,4,899.00
ORD009503,2025-12-26,C1679,USB Hub,3,899.00
ORD009504,2025-08-30,C1147,USB-C Cable,5,299.50
ORD009505,2025-07-13,C1029,Power Bank,2,1799.00
ORD009506,2025-01-04,C1517,USB-C Cable,4,299.50
ORD009507,2025-10-15,C1231,Power Bank,3,1799.00
ORD009508,2025-02-10,C1979,Power Bank,1,1799.00
ORD009509,2025-04-04,C1681,Headphones,5,3299.00
ORD009510,2025-04-24,C1272,Laptop Stand,3,1199.00
ORD009511,2025-09-03,C1248,Monitor,3,12499.00
ORD009512,2025-03-30,C1197,Headphones,2,3299.00
ORD009513,2025-09-13,C1659,Power Bank,1,1799.00
ORD009514,2025-05-11,C1338,Wireless Mouse,2,799.00
ORD009515,2025-09-29,C1365,Monitor,5,12499.00
ORD009516,2025-04-22,C1062,Power Bank,2,1799.00
ORD009517,2025-04-23,C1763,Power Bank,2,1799.00
ORD009518,2025-10-09,C1352,USB-C Cable,4,299.50
ORD009519,2025-06-09,C1726,Wireless Mouse,2,799.00
ORD009520,2025-01-22,C1781,Webcam,2,2499.00
ORD009521,2025-06-25,C1345,Monitor,3,12499.00
ORD009522,2025-09-24,C1618,Headphones,2,3299.00
ORD009523,2025-08-23,C1664,Power Bank,1,1799.00
ORD009524,2025-02-23,C1106,Webcam,4,2499.00
ORD009525,2025-10-13,C1550,Power Bank,1,1799.00
ORD009526,2025-10-26,C1431,Monitor,3,12499.00
ORD009527,2025-11-27,C1471,Headphones,2,3299.00
ORD009528,2025-07-20,C1861,USB Hub,3,899.00
ORD009529,2025-11-08,C1010,Headphones,3,3299.00
ORD009530,2025-09-21,C1687,Webcam,3,2499.00
ORD009531,2025-09-13,C1764,Headphones,2,3299.00
ORD009532,2025-04-06,C1728,Laptop Stand,2,1199.00
ORD009533,2025-12-20,C1166,Keyboard,3,1499.00
ORD009534,2025-11-05,C1338,USB Hub,3,899.00
ORD009535,2025-08-27,C1940,USB Hub,4,899.00
ORD009536,2025-01-06,C1675,Wireless Mouse,4,799.00
ORD009537,2025-05-03,C1693,USB-C Cable,5,299.50
ORD009538,2025-06-10,C1596,Webcam,5,2499.00
ORD009539,2025-03-23,C1431,Webcam,3,2499.00
ORD009540,2025-09-07,C1422,Wireless Mouse,1,799.00
ORD009541,2025-11-01,C1330,USB Hub,2,899.00
ORD009542,2025-02-13,C1131,Wireless Mouse,1,799.00
ORD009543,2025-05-06,C1589,Laptop Stand,5,1199.00
ORD009544,2025-12-22,C1120,Wireless Mouse,2,799.00
ORD009545,2025-09-13,C1093,USB Hub,4,899.00
ORD009546,2025-10-06,C1229,USB-C Cable,2,299.50
ORD009547,2025-08-06,C1562,Monitor,5,12499.00
ORD009548,2025-06-14,C1912,Wireless Mouse,5,799.00
ORD009549,2025-01-20,C1553,Keyboard,1,1499.00
ORD009550,2025-07-07,C1838,Keyboard,2,1499.00
ORD009551,2025-08-23,C1286,Laptop Stand,2,1199.00
ORD009552,2025-07-26,C1469,Monitor,1,12499.00
ORD009553,2025-11-22,C1671,USB-C Cable,4,299.50
ORD009554,2025-03-26,C1523,Power Bank,4,1799.00
ORD009555,2025-06-13,C1948,Keyboard,4,1499.00
ORD009556,2025-11-08,C1441,Monitor,5,12499.00
ORD009557,2025-08-25,C1713,Monitor,5,12499.00
ORD009558,2025-06-30,C1983,Webcam,4,2499.00
ORD009559,2025-10-18,C1351,Monitor,5,12499.00
ORD009560,2025-07-08,C1026,Monitor,3,12499.00
ORD009561,2025-11-29,C1245,Monitor,4,12499.00
ORD009562,2025-10-16,C1727,USB-C Cable,1,299.50
ORD009563,2025-02-28,C1307,Power Bank,5,1799.00
ORD009564,2025-05-27,C1919,Monitor,1,12499.00
ORD009565,2025-04-25,C1639,USB Hub,3,899.00
ORD009566,2025-12-20,C1320,USB-C Cable,2,299.50
ORD009567,2025-03-15,C1828,Monitor,1,12499.00
ORD009568,2025-12-09,C1792,Power Bank,5,1799.00
ORD009569,2025-03-25,C1793,USB Hub,1,899.00
ORD009570,2025-11-29,C1320,Headphones,1,3299.00
ORD009571,2025-11-09,C1644,Keyboard,2,1499.00
ORD009572,2025-06-03,C1852,Keyboard,3,1499.00
ORD009573,2025-06-01,C1727,Power Bank,3,1799.00
ORD009574,2025-03-18,C1061,Monitor,2,12499.00
ORD009575,2025-12-07,C1138,Wireless Mouse,4,799.00
ORD009576,2025-11-15,C1902,Headphones,3,3299.00
ORD009577,2025-04-14,C1026,Power Bank,5,1799.00
ORD009578,2025-03-14,C1307,USB Hub,1,899.00
ORD009579,2025-07-05,C1699,Laptop Stand,2,1199.00
ORD009580,2025-02-16,C1804,USB-C Cable,2,299.50
ORD009581,2025-05-27,C1009,Webcam,2,2499.00
ORD009582,2025-08-12,C1239,Laptop Stand,3,1199.00
ORD009583,2025-10-22,C1256,Wireless Mouse,1,799.00
ORD009584,2025-02-15,C1842,USB-C Cable,5,299.50
ORD009585,2025-07-05,C1735,Wireless Mouse,2,799.00
ORD009586,2025-09-02,C1585,Monitor,3,12499.00
ORD009587,2025-12-29,C1027,Wireless Mouse,3,799.00
ORD009588,2025-11-08,C1935,Power Bank,3,1799.00
ORD009589,2025-03-11,C1819,Keyboard,2,1499.00
ORD009590,2025-06-16,C1309,USB-C Cable,4,299.50
ORD009591,2025-02-14,C1566,Wireless Mouse,5,799.00
ORD009592,2025-02-28,C1208,Keyboard,3,1499.00
ORD009593,2025-05-15,C1820,Laptop Stand,5,1199.00
ORD009594,2025-08-31,C1070,Monitor,2,12499.00
ORD009595,2025-11-04,C1785,Laptop Stand,5,1199.00
ORD009596,2025-12-21,C1180,Headphones,4,3299.00
ORD009597,2025-10-07,C1425,Headphones,1,3299.00
ORD009598,2025-09-10,C1244,USB-C Cable,3,299.50
ORD009599,2025-03-01,C1786,USB-C Cable,1,299.50
ORD009600,2025-01-14,C1791,USB-C Cable,2,299.50
ORD009601,2025-12-23,C1724,Keyboard,2,1499.00
ORD009602,2025-02-12,C1229,USB Hub,1,899.00
ORD009603,2025-05-29,C1606,Keyboard,3,1499.00
ORD009604,2025-01-18,C1166,USB Hub,5,899.00
ORD009605,2025-11-05,C1051,USB Hub,5,899.00
ORD009606,2025-11-27,C1540,USB Hub,1,899.00
ORD009607,2025-12-13,C1422,Headphones,3,3299.00
ORD009608,2025-03-22,C1192,Monitor,1,12499.00
ORD009609,2025-12-13,C1589,Keyboard,5,1499.00
ORD009610,2025-09-20,C1157,Wireless Mouse,1,799.00
ORD009611,2025-04-09,C1328,Laptop Stand,4,1199.00
ORD009612,2025-12-23,C1211,USB Hub,1,899.00
ORD009613,2025-03-19,C1239,Power Bank,4,1799.00
ORD009614,2025-09-08,C1055,Headphones,3,3299.00
ORD009615,2025-09-05,C1087,Keyboard,1,1499.00
ORD009616,2025-12-20,C1561,Laptop Stand,5,1199.00
ORD009617,2025-11-13,C1117,Keyboard,5,1499.00
ORD009618,2025-05-29,C1036,Power Bank,3,1799.00
ORD009619,2025-02-27,C1244,Wireless Mouse,2,799.00
ORD009620,2025-01-12,C1781,USB-C Cable,2,299.50
ORD009621,2025-05-15,C1606,Webcam,3,2499.00
ORD009622,2025-01-15,C1981,Headphones,4,3299.00
ORD009623,2025-05-12,C1915,Keyboard,5,1499.00
ORD009624,2025-07-20,C1353,Power Bank,1,1799.00
ORD009625,2025-08-21,C1355,Power Bank,2,1799.00
ORD009626,2025-12-29,C1880,Monitor,4,12499.00
ORD009627,2025-04-26,C1077,USB-C Cable,4,299.50
ORD009628,2025-03-02,C1403,Laptop Stand,1,1199.00
ORD009629,2025-12-06,C1509,Laptop Stand,5,1199.00
ORD009630,2025-02-17,C1667,Keyboard,1,1499.00
ORD009631,2025-12-20,C1773,Monitor,4,12499.00
ORD009632,2025-04-07,C1777,Wireless Mouse,5,799.00
ORD009633,2025-04-16,C1061,Headphones,4,3299.00
ORD009634,2025-08-25,C1023,Headphones,1,3299.00
ORD009635,2025-11-01,C1622,Monitor,3,12499.00
ORD009636,2025-11-02,C1883,Headphones,4,3299.00
ORD009637,2025-12-18,C1619,Headphones,2,3299.00
ORD009638,2025-05-07,C1223,USB-C Cable,4,299.50
ORD009639,2025-01-15,C1504,Wireless Mouse,1,799.00
ORD009640,2025-09-25,C1838,Monitor,1,12499.00
ORD009641,2025-10-24,C1507,Wireless Mouse,1,799.00
ORD009642,2025-12-02,C1049,Webcam,5,2499.00
ORD009643,2025-04-12,C1255,Headphones,2,3299.00
ORD009644,2025-06-02,C1220,Laptop Stand,1,1199.00
ORD009645,2025-06-22,C1910,Headphones,5,3299.00
ORD009646,2025-05-31,C1292,Power Bank,5,1799.00
ORD009647,2025-10-10,C1197,USB Hub,5,899.00
ORD009648,2025-05-05,C1479,USB-C Cable,3,299.50
ORD009649,2025-10-23,C1504,Wireless Mouse,2,799.00
ORD009650,2025-09-26,C1871,USB-C Cable,3,299.50
ORD009651,2025-12-21,C1144,USB Hub,3,899.00
ORD009652,2025-06-22,C1760,USB Hub,3,899.00
ORD009653,2025-06-11,C1891,Monitor,1,12499.00
ORD009654,2025-11-14,C1787,Laptop Stand,1,1199.00
ORD009655,2025-01-13,C1986,Headphones,2,3299.00
ORD009656,2025-09-23,C1882,Webcam,2,2499.00
ORD009657,2025-08-08,C1507,Laptop Stand,5,1199.00
ORD009658,2025-04-16,C1560,USB Hub,4,899.00
ORD009659,2025-07-22,C1899,Laptop Stand,5,1199.00
ORD009660,2025-03-16,C1975,Laptop Stand,2,1199.00
ORD009661,2025-01-09,C1033,USB Hub,3,899.00
ORD009662,2025-07-30,C1261,Laptop Stand,4,1199.00
ORD009663,2025-09-23,C1318,Monitor,4,12499.00
ORD009664,2025-05-21,C1529,Headphones,4,3299.00
ORD009665,2025-12-31,C1272,Power Bank,1,1799.00
ORD009666,2025-04-29,C1502,Headphones,1,3299.00
ORD009667,2025-01-20,C1409,USB-C Cable,2,299.50
ORD009668,2025-08-23,C1340,Keyboard,3,1499.00
ORD009669,2025-10-22,C1452,USB-C Cable,4,299.50
ORD009670,2025-01-20,C1124,Headphones,3,3299.00
ORD009671,2025-09-20,C1309,Monitor,1,12499.00
ORD009672,2025-02-22,C1113,USB Hub,3,899.00
ORD009673,2025-02-10,C1378,Webcam,4,2499.00
ORD009674,2025-10-06,C1115,USB-C Cable,3,299.50
ORD009675,2025-12-26,C1388,Laptop Stand,1,1199.00
ORD009676,2025-08-01,C1551,Keyboard,4,1499.00
ORD009677,2025-02-22,C1314,Keyboard,4,1499.00
ORD009678,2025-04-12,C1898,Wireless Mouse,4,799.00
ORD009679,2025-02-15,C1528,Keyboard,5,1499.00
ORD009680,2025-07-24,C1766,USB-C Cable,1,299.50
ORD009681,2025-06-24,C1347,Monitor,3,12499.00
ORD009682,2025-06-29,C1931,Headphones,3,3299.00
ORD009683,2025-07-23,C1512,USB-C Cable,2,299.50
ORD009684,2025-09-17,C1771,Headphones,3,3299.00
ORD009685,2025-09-13,C1462,Laptop Stand,1,1199.00
ORD009686,2025-01-14,C1203,Webcam,3,2499.00
ORD009687,2025-11-20,C1702,Webcam,3,2499.00
ORD009688,2025-06-23,C1867,Webcam,5,2499.00
ORD009689,2025-12-12,C1420,Monitor,4,12499.00
ORD009690,2025-01-05,C1236,Wireless Mouse,1,799.00
ORD009691,2025-02-17,C1615,Keyboard,4,1499.00
ORD009692,2025-03-19,C1508,USB-C Cable,2,299.50
ORD009693,2025-09-25,C1385,Laptop Stand,5,1199.00
ORD009694,2025-05-17,C1703,Power Bank,2,1799.00
ORD009695,2025-11-30,C1877,Keyboard,4,1499.00
ORD009696,2025-07-19,C1816,Laptop Stand,5,1199.00
ORD009697,2025-10-01,C1376,Laptop Stand,1,1199.00
ORD009698,2025-12-14,C1646,Monitor,4,12499.00
ORD009699,2025-10-27,C1198,Wireless Mouse,3,799.00
ORD009700,2025-11-06,C1587,Wireless Mouse,1,799.00
ORD009701,2025-12-16,C1940,Headphones,3,3299.00
ORD009702,2025-10-06,C1116,Wireless Mouse,1,799.00
ORD009703,2025-07-30,C1822,Laptop Stand,3,1199.00
ORD009704,2025-05-04,C1281,Wireless Mouse,5,799.00
ORD009705,2025-10-15,C1278,Webcam,2,2499.00
ORD009706,2025-08-26,C1034,Power Bank,1,1799.00
ORD009707,2025-03-30,C1829,Headphones,4,3299.00
ORD009708,2025-12-31,C1676,Monitor,5,12499.00
ORD009709,2025-12-30,C1127,Monitor,3,12499.00
ORD009710,2025-11-01,C1977,USB-C Cable,3,299.50
ORD009711,2025-05-26,C1627,Webcam,4,2499.00
ORD009712,2025-10-22,C1337,Headphones,3,3299.00
ORD009713,2025-02-13,C1759,USB-C Cable,4,299.50
ORD009714,2025-08-11,C1133,Monitor,4,12499.00
ORD009715,2025-03-28,C1512,Monitor,1,12499.00
ORD009716,2025-02-27,C1424,Wireless Mouse,1,799.00
ORD009717,2025-04-15,C1277,Power Bank,3,1799.00
ORD009718,2025-10-24,C1678,Power Bank,3,1799.00
ORD009719,2025-10-27,C1188,Monitor,2,12499.00
ORD009720,2025-12-12,C1120,Monitor,4,12499.00
ORD009721,2025-10-10,C1233,Laptop Stand,2,1199.00
ORD009722,2025-05-23,C1931,Headphones,5,3299.00
ORD009723,2025-02-16,C1703,Power Bank,1,1799.00
ORD009724,2025-02-16,C1455,Wireless Mouse,1,799.00
ORD009725,2025-10-12,C1989,Power Bank,1,1799.00
ORD009726,2025-12-16,C1729,USB-C Cable,5,299.50
ORD009727,2025-11-22,C1671,Webcam,3,2499.00
ORD009728,2025-07-27,C1974,Power Bank,1,1799.00
ORD009729,2025-01-21,C1876,Laptop Stand,3,1199.00
ORD009730,2025-10-14,C1288,Webcam,1,2499.00
ORD009731,2025-03-30,C1640,Webcam,2,2499.00
ORD009732,2025-06-29,C1792,Monitor,2,12499.00
ORD009733,2025-04-14,C1655,USB Hub,2,899.00
ORD009734,2025-03-28,C1690,Power Bank,5,1799.00
ORD009735,2025-07-03,C1880,Power Bank,4,1799.00
ORD009736,2025-10-21,C1568,Power Bank,1,1799.00
ORD009737,2025-01-25,C1940,Laptop Stand,2,1199.00
ORD009738,2025-06-16,C1387,Headphones,3,3299.00
ORD009739,2025-12-31,C1483,Power Bank,1,1799.00
ORD009740,2025-06-24,C1530,Keyboard,5,1499.00
ORD009741,2025-02-03,C1855,USB-C Cable,5,299.50
ORD009742,2025-01-20,C1691,Power Bank,5,1799.00
ORD009743,2025-02-07,C1954,Webcam,1,2499.00
ORD009744,2025-10-23,C1123,Power Bank,1,1799.00
ORD009745,2025-03-03,C1077,Headphones,3,3299.00
ORD009746,2025-05-12,C1260,Headphones,4,3299.00
ORD009747,2025-02-22,C1596,Keyboard,5,1499.00
ORD009748,2025-01-31,C1776,Laptop Stand,5,1199.00
ORD009749,2025-07-05,C1819,Power Bank,3,1799.00
ORD009750,2025-06-04,C1894,USB-C Cable,4,299.50
ORD009751,2025-12-10,C1528,Laptop Stand,5,1199.00
ORD009752,2025-12-30,C1189,Monitor,2,12499.00
ORD009753,2025-12-09,C1494,Power Bank,3,1799.00
ORD009754,2025-12-12,C1858,USB Hub,4,899.00
ORD009755,2025-01-03,C1057,Power Bank,4,1799.00
ORD009756,2025-10-14,C1908,USB Hub,1,899.00
ORD009757,2025-06-24,C1248,USB-C Cable,2,299.50
ORD009758,2025-02-18,C1160,Monitor,1,12499.00
ORD009759,2025-01-16,C1563,USB Hub,2,899.00
ORD009760,2025-07-27,C1494,USB-C Cable,5,299.50
ORD009761,2025-11-11,C1418,Wireless Mouse,4,799.00
ORD009762,2025-01-10,C1151,Headphones,5,3299.00
ORD009763,2025-07-04,C1932,Headphones,2,3299.00
ORD009764,2025-04-21,C1848,USB Hub,5,899.00
ORD009765,2025-08-24,C1064,Monitor,4,12499.00
ORD009766,2025-07-26,C1776,Webcam,5,2499.00
ORD009767,2025-02-25,C1786,USB-C Cable,1,299.50
ORD009768,2025-04-07,C1699,Wireless Mouse,4,799.00
ORD009769,2025-10-31,C1863,Wireless Mouse,1,799.00
ORD009770,2025-01-24,C1830,Power Bank,2,1799.00
ORD009771,2025-09-24,C1795,Power Bank,1,1799.00
ORD009772,2025-11-20,C1524,USB Hub,4,899.00
ORD009773,2025-10-24,C1230,Headphones,2,3299.00
ORD009774,2025-09-13,C1819,Wireless Mouse,1,799.00
ORD009775,2025-05-01,C1279,USB Hub,5,899.00
ORD009776,2025-11-01,C1158,Webcam,4,2499.00
ORD009777,2025-06-05,C1553,Power Bank,4,1799.00
ORD009778,2025-12-17,C1180,Headphones,5,3299.00
ORD009779,2025-06-27,C1060,Headphones,4,3299.00
ORD009780,2025-12-11,C1884,Webcam,3,2499.00
ORD009781,2025-07-22,C1324,Monitor,4,12499.00
ORD009782,2025-08-07,C1482,USB-C Cable,4,299.50
ORD009783,2025-12-13,C1282,Monitor,1,12499.00
ORD009784,2025-03-24,C1514,USB Hub,1,899.00
ORD009785,2025-10-28,C1277,Power Bank,4,1799.00
ORD009786,2025-10-23,C1358,Power Bank,1,1799.00
ORD009787,2025-04-10,C1314,Wireless Mouse,3,799.00
ORD009788,2025-03-18,C1062,USB-C Cable,2,299.50
ORD009789,2025-04-02,C1406,Headphones,5,3299.00
ORD009790,2025-01-30,C1221,Laptop Stand,2,1199.00
ORD009791,2025-12-06,C1974,Headphones,3,3299.00
ORD009792,2025-03-29,C1975,Monitor,3,12499.00
ORD009793,2025-04-25,C1247,Power Bank,1,1799.00
ORD009794,2025-08-25,C1771,Wireless Mouse,3,799.00
ORD009795,2025-07-15,C1232,Wireless Mouse,3,799.00
ORD009796,2025-08-10,C1527,Keyboard,3,1499.00
ORD009797,2025-11-28,C1152,USB-C Cable,3,299.50
ORD009798,2025-07-24,C1762,Power Bank,4,1799.00
ORD009799,2025-03-04,C1128,Monitor,3,12499.00
ORD009800,2025-04-13,C1493,USB Hub,5,899.00
ORD009801,2025-02-01,C1737,Wireless Mouse,3,799.00
ORD009802,2025-07-24,C1740,Laptop Stand,4,1199.00
ORD009803,2025-04-10,C1139,Laptop Stand,4,1199.00
ORD009804,2025-04-29,C1222,Headphones,3,3299.00
ORD009805,2025-03-18,C1545,USB-C Cable,3,299.50
ORD009806,2025-03-23,C1791,Headphones,5,3299.00
ORD009807,2025-08-27,C1143,Laptop Stand,2,1199.00
ORD009808,2025-12-12,C1180,Power Bank,2,1799.00
ORD009809,2025-10-24,C1212,Monitor,1,12499.00
ORD009810,2025-04-30,C1829,Wireless Mouse,2,799.00
ORD009811,2025-12-24,C1731,Power Bank,1,1799.00
ORD009812,2025-10-06,C1709,Wireless Mouse,5,799.00
ORD009813,2025-03-14,C1670,Webcam,2,2499.00
ORD009814,2025-01-18,C1209,Webcam,4,2499.00
ORD009815,2025-05-17,C1202,Wireless Mouse,2,799.00
ORD009816,2025-04-11,C1699,Laptop Stand,1,1199.00
ORD009817,2025-09-21,C1215,USB Hub,5,899.00
ORD009818,2025-07-07,C1408,Webcam,1,2499.00
ORD009819,2025-07-04,C1661,USB-C Cable,4,299.50
ORD009820,2025-11-17,C1944,USB Hub,1,899.00
ORD009821,2025-08-26,C1224,Webcam,4,2499.00
ORD009822,2025-10-31,C1536,Keyboard,3,1499.00
ORD009823,2025-09-02,C1972,Keyboard,4,1499.00
ORD009824,2025-10-04,C1016,Headphones,4,3299.00
ORD009825,2025-07-09,C1864,Webcam,3,2499.00
ORD009826,2025-06-04,C1745,Webcam,2,2499.00
ORD009827,2025-07-08,C1501,Keyboard,5,1499.00
ORD009828,2025-08-26,C1635,Laptop Stand,2,1199.00
ORD009829,2025-05-29,C1030,Headphones,3,3299.00
ORD009830,2025-03-16,C1644,Laptop Stand,4,1199.00
ORD009831,2025-11-28,C1992,Laptop Stand,5,1199.00
ORD009832,2025-09-25,C1542,Headphones,3,3299.00
ORD009833,2025-05-15,C1743,Laptop Stand,2,1199.00
ORD009834,2025-10-12,C1218,USB Hub,5,899.00
ORD009835,2025-04-24,C1617,Wireless Mouse,4,799.00
ORD009836,2025-12-13,C1688,Power Bank,5,1799.00
ORD009837,2025-12-13,C1216,Laptop Stand,1,1199.00
ORD009838,2025-01-12,C1243,Monitor,2,12499.00
ORD009839,2025-11-01,C1522,Keyboard,3,1499.00
ORD009840,2025-06-26,C1817,Headphones,3,3299.00
ORD009841,2025-12-15,C1701,Keyboard,1,1499.00
ORD009842,2025-06-19,C1011,USB-C Cable,4,299.50
ORD009843,2025-08-11,C1897,Headphones,5,3299.00
ORD009844,2025-11-23,C1687,Headphones,1,3299.00
ORD009845,2025-11-27,C1468,Headphones,2,3299.00
ORD009846,2025-09-11,C1427,Webcam,4,2499.00
ORD009847,2025-06-02,C1848,Keyboard,5,1499.00
ORD009848,2025-08-08,C1252,USB Hub,2,899.00
ORD009849,2025-10-26,C1366,USB Hub,5,899.00
ORD009850,2025-01-01,C1236,Keyboard,5,1499.00
ORD009851,2025-04-05,C1317,Monitor,2,12499.00
ORD009852,2025-07-15,C1172,Power Bank,2,1799.00
ORD009853,2025-06-16,C1360,Keyboard,5,1499.00
ORD009854,2025-05-04,C1929,Headphones,4,3299.00
ORD009855,2025-04-16,C1586,Webcam,4,2499.00
ORD009856,2025-11-02,C1618,Laptop Stand,3,1199.00
ORD009857,2025-11-02,C1295,Monitor,1,12499.00
ORD009858,2025-10-12,C1576,Laptop Stand,3,1199.00
ORD009859,2025-05-27,C1424,Monitor,3,12499.00
ORD009860,2025-12-06,C1668,Headphones,3,3299.00
ORD009861,2025-02-08,C1481,Laptop Stand,1,1199.00
ORD009862,2025-09-09,C1222,USB Hub,1,899.00
ORD009863,2025-03-18,C1756,Wireless Mouse,1,799.00
ORD009864,2025-12-06,C1149,Wireless Mouse,4,799.00
ORD009865,2025-07-14,C1687,Laptop Stand,4,1199.00
ORD009866,2025-12-16,C1760,Laptop Stand,2,1199.00
ORD009867,2025-07-19,C1672,Monitor,4,12499.00
ORD009868,2025-12-27,C1846,Laptop Stand,2,1199.00
ORD009869,2025-04-15,C1291,USB-C Cable,5,299.50
ORD009870,2025-05-18,C1577,Power Bank,2,1799.00
ORD009871,2025-08-07,C1683,Keyboard,4,1499.00
ORD009872,2025-02-19,C1594,Wireless Mouse,1,799.00
ORD009873,2025-11-05,C1010,Wireless Mouse,3,799.00
ORD009874,2025-09-23,C1441,USB Hub,4,899.00
ORD009875,2025-08-15,C1212,Wireless Mouse,2,799.00
ORD009876,2025-06-08,C1311,Headphones,4,3299.00
ORD009877,2025-10-20,C1643,USB Hub,2,899.00
ORD009878,2025-09-21,C1365,Power Bank,5,1799.00
ORD009879,2025-11-19,C1961,Monitor,3,12499.00
ORD009880,2025-09-05,C1441,Keyboard,1,1499.00
ORD009881,2025-11-03,C1202,Wireless Mouse,4,799.00
ORD009882,2025-08-01,C1299,Keyboard,3,1499.00
ORD009883,2025-02-25,C1014,USB Hub,3,899.00
ORD009884,2025-09-09,C1834,Monitor,2,12499.00
ORD009885,2025-08-03,C1445,Webcam,5,2499.00
ORD009886,2025-05-11,C1936,Webcam,4,2499.00
ORD009887,2025-12-19,C1983,Laptop Stand,2,1199.00
ORD009888,2025-08-14,C1786,USB Hub,5,899.00
ORD009889,2025-12-31,C1333,Wireless Mouse,2,799.00
ORD009890,2025-10-21,C1030,USB Hub,3,899.00
ORD009891,2025-08-12,C1353,Headphones,1,3299.00
ORD009892,2025-04-08,C1453,USB Hub,5,899.00
ORD009893,2025-08-19,C1453,Webcam,1,2499.00
ORD009894,2025-10-04,C1514,USB Hub,2,899.00
ORD009895,2025-05-21,C1251,Power Bank,3,1799.00
ORD009896,2025-01-23,C1620,Monitor,4,12499.00
ORD009897,2025-06-13,C1633,USB Hub,2,899.00
ORD009898,2025-01-21,C1404,USB Hub,2,899.00
ORD009899,2025-01-30,C1153,Monitor,2,12499.00
ORD009900,2025-09-19,C1881,Wireless Mouse,5,799.00
ORD009901,2025-05-24,C1402,Headphones,5,3299.00
ORD009902,2025-05-16,C1952,USB-C Cable,2,299.50
ORD009903,2025-04-29,C1366,Webcam,3,2499.00
ORD009904,2025-07-27,C1609,USB Hub,3,899.00
ORD009905,2025-02-27,C1191,USB-C Cable,1,299.50
ORD009906,2025-07-19,C1032,Monitor,2,12499.00
ORD009907,2025-08-20,C1065,USB Hub,1,899.00
ORD009908,2025-10-07,C1046,USB Hub,2,899.00
ORD009909,2025-06-08,C1429,Monitor,5,12499.00
ORD009910,2025-07-15,C1437,Webcam,1,2499.00
ORD009911,2025-10-28,C1821,Webcam,1,2499.00
ORD009912,2025-09-02,C1412,Laptop Stand,3,1199.00
ORD009913,2025-05-22,C1470,Power Bank,4,1799.00
ORD009914,2025-12-03,C1759,Keyboard,1,1499.00
ORD009915,2025-02-11,C1190,Headphones,2,3299.00
ORD009916,2025-06-23,C1045,Keyboard,2,1499.00
ORD009917,2025-12-24,C1320,Headphones,3,3299.00
ORD009918,2025-07-29,C1727,USB Hub,5,899.00
ORD009919,2025-11-23,C1576,Keyboard,1,1499.00
ORD009920,2025-06-04,C1125,Wireless Mouse,3,799.00
ORD009921,2025-11-05,C1226,USB Hub,2,899.00
ORD009922,2025-07-10,C1134,Laptop Stand,5,1199.00
ORD009923,2025-12-05,C1410,Headphones,1,3299.00
ORD009924,2025-04-25,C1527,Keyboard,3,1499.00
ORD009925,2025-01-01,C1784,Monitor,1,12499.00
ORD009926,2025-10-28,C1346,USB-C Cable,4,299.50
ORD009927,2025-09-23,C1011,Laptop Stand,1,1199.00
ORD009928,2025-02-05,C1188,Wireless Mouse,3,799.00
ORD009929,2025-08-27,C1096,Monitor,5,12499.00
ORD009930,2025-07-11,C1572,Keyboard,1,1499.00
ORD009931,2025-12-01,C1827,Headphones,1,3299.00
ORD009932,2025-11-08,C1581,Webcam,5,2499.00
ORD009933,2025-04-08,C1935,Keyboard,4,1499.00
ORD009934,2025-01-19,C1898,Monitor,3,12499.00
ORD009935,2025-03-03,C1589,Monitor,1,12499.00
ORD009936,2025-10-23,C1421,Laptop Stand,5,1199.00
ORD009937,2025-02-11,C1513,Power Bank,4,1799.00
ORD009938,2025-02-09,C1494,Power Bank,1,1799.00
ORD009939,2025-01-06,C1657,USB Hub,3,899.00
ORD009940,2025-11-02,C1871,USB-C Cable,2,299.50
ORD009941,2025-10-13,C1928,USB-C Cable,3,299.50
ORD009942,2025-09-09,C1940,Wireless Mouse,1,799.00
ORD009943,2025-02-12,C1157,Headphones,5,3299.00
ORD009944,2025-04-17,C1832,Laptop Stand,2,1199.00
ORD009945,2025-04-10,C1286,Keyboard,5,1499.00
ORD009946,2025-03-25,C1984,Monitor,2,12499.00
ORD009947,2025-10-16,C1892,Wireless Mouse,3,799.00
ORD009948,2025-12-07,C1053,Wireless Mouse,2,799.00
ORD009949,2025-12-13,C1074,Power Bank,4,1799.00
ORD009950,2025-07-05,C1534,Power Bank,5,1799.00
ORD009951,2025-07-17,C1158,Monitor,4,12499.00
ORD009952,2025-10-04,C1007,Webcam,4,2499.00
ORD009953,2025-02-24,C1069,Headphones,2,3299.00
ORD009954,2025-03-09,C1738,Headphones,1,3299.00
ORD009955,2025-01-31,C1397,Laptop Stand,5,1199.00
ORD009956,2025-02-07,C1439,Monitor,3,12499.00
ORD009957,2025-12-11,C1095,Power Bank,2,1799.00
ORD009958,2025-03-02,C1567,Keyboard,4,1499.00
ORD009959,2025-11-26,C1064,Wireless Mouse,5,799.00
ORD009960,2025-03-04,C1683,Keyboard,2,1499.00
ORD009961,2025-12-14,C1629,Laptop Stand,5,1199.00
ORD009962,2025-04-11,C1060,Laptop Stand,2,1199.00
ORD009963,2025-07-02,C1597,Monitor,5,12499.00
ORD009964,2025-10-25,C1737,Power Bank,2,1799.00
ORD009965,2025-08-08,C1806,Wireless Mouse,2,799.00
ORD009966,2025-02-28,C1809,Laptop Stand,3,1199.00
ORD009967,2025-11-04,C1440,Monitor,5,12499.00
ORD009968,2025-12-25,C1619,USB Hub,1,899.00
ORD009969,2025-10-26,C1720,Wireless Mouse,4,799.00
ORD009970,2025-10-20,C1781,Keyboard,4,1499.00
ORD009971,2025-01-25,C1990,USB Hub,3,899.00
ORD009972,2025-01-16,C1352,Monitor,2,12499.00
ORD009973,2025-02-03,C1144,Keyboard,1,1499.00
ORD009974,2025-08-05,C1006,Laptop Stand,5,1199.00
ORD009975,2025-07-27,C1804,Keyboard,3,1499.00
ORD009976,2025-12-19,C1911,Keyboard,5,1499.00
ORD009977,2025-05-10,C1261,Wireless Mouse,4,799.00
ORD009978,2025-10-05,C1718,Wireless Mouse,1,799.00
ORD009979,2025-02-22,C1262,Power Bank,1,1799.00
ORD009980,2025-05-01,C1279,USB Hub,4,899.00
ORD009981,2025-05-15,C1287,Monitor,5,12499.00
ORD009982,2025-01-16,C1839,Monitor,4,12499.00
ORD009983,2025-10-30,C1696,Wireless Mouse,3,799.00
ORD009984,2025-01-18,C1423,USB Hub,2,899.00
ORD009985,2025-05-15,C1348,Power Bank,4,1799.00
ORD009986,2025-11-01,C1570,Headphones,2,3299.00
ORD009987,2025-06-28,C1585,USB Hub,1,899.00
ORD009988,2025-05-13,C1145,Power Bank,5,1799.00
ORD009989,2025-02-10,C1312,Webcam,2,2499.00
ORD009990,2025-05-29,C1635,Wireless Mouse,3,799.00
ORD009991,2025-11-30,C1453,Power Bank,4,1799.00
ORD009992,2025-06-11,C1868,USB-C Cable,2,299.50
ORD009993,2025-05-28,C1465,USB Hub,4,899.00
ORD009994,2025-11-06,C1087,Headphones,5,3299.00
ORD009995,2025-04-10,C1045,Monitor,1,12499.00
ORD009996,2025-05-27,C1507,Headphones,2,3299.00
ORD009997,2025-11-19,C1410,USB Hub,1,899.00
ORD009998,2025-05-31,C1688,Power Bank,4,1799.00
ORD009999,2025-06-13,C1596,USB Hub,1,899.00
ORD010000,2025-12-18,C1396,USB-C Cable,2,299.50
ORD000001,2025-12-06,C1217,Keyboard,5,1499.00
ORD000002,2025-01-26,C1805,Wireless Mouse,3,799.00
ORD000003,2025-03-06,C1805,Laptop Stand,5,1199.00
ORD000004,2025-02-05,C1849,Laptop Stand,5,1199.00
ORD000005,2025-10-28,C1221,Laptop Stand,2,1199.00
ORD000006,2025-03-17,C1807,Monitor,5,12499.00
ORD000007,2025-05-22,C1879,Wireless Mouse,2,799.00
ORD000008,2025-10-04,C1256,USB-C Cable,2,299.50
ORD000009,2025-12-05,C1887,Keyboard,1,1499.00
ORD000010,2025-01-08,C1366,USB-C Cable,2,299.50
ORD000011,2025-01-09,C1178,Monitor,3,12499.00
ORD000012,2025-03-06,C1759,Wireless Mouse,4,799.00
ORD000013,2025-02-28,C1763,USB Hub,1,899.00
ORD000014,2025-08-18,C1796,Power Bank,3,1799.00
ORD000015,2025-10-31,C1111,USB Hub,4,899.00
ORD000016,2025-04-24,C1968,USB Hub,5,899.00
ORD000017,2025-12-04,C1533,Wireless Mouse,3,799.00
ORD000018,2025-11-26,C1987,Power Bank,1,1799.00
ORD000019,2025-09-03,C1867,Wireless Mouse,4,799.00
ORD000020,2025-12-18,C1110,Headphones,4,3299.00
ORD000021,2025-02-07,C1920,Power Bank,1,1799.00
ORD000022,2025-11-08,C1151,Monitor,1,12499.00
ORD000023,2025-05-21,C1639,USB-C Cable,5,299.50
ORD000024,2025-12-31,C1332,USB Hub,4,899.00
ORD000025,2025-05-31,C1464,USB Hub,5,899.00
ORD000026,2025-02-20,C1812,Headphones,1,3299.00
ORD000027,2025-04-21,C1440,USB Hub,4,899.00
ORD000028,2025-07-31,C1347,Laptop Stand,4,1199.00
ORD000029,2025-08-01,C1747,Headphones,1,3299.00
ORD000030,2025-08-07,C1320,Monitor,3,12499.00
ORD000031,2025-03-20,C1703,Monitor,4,12499.00
ORD000032,2025-02-16,C1851,Keyboard,1,1499.00
ORD000033,2025-08-10,C1098,Keyboard,3,1499.00
ORD000034,2025-10-12,C1061,USB-C Cable,5,299.50
ORD000035,2025-10-15,C1337,USB Hub,1,899.00
ORD000036,2025-07-01,C1894,Headphones,4,3299.00
ORD000037,2025-05-28,C1614,Wireless Mouse,3,799.00
ORD000038,2025-02-23,C1591,Monitor,5,12499.00
ORD000039,2025-03-21,C1672,Laptop Stand,4,1199.00
ORD000040,2025-02-25,C1358,Laptop Stand,5,1199.00
ORD000041,2025-02-28,C1780,Monitor,3,12499.00
ORD000042,2025-08-08,C1865,Laptop Stand,5,1199.00
ORD000043,2025-01-14,C1623,USB Hub,3,899.00
ORD000044,2025-04-03,C1279,Wireless Mouse,3,799.00
ORD000045,2025-06-29,C1006,Monitor,2,12499.00
ORD000046,2025-10-17,C1673,USB-C Cable,4,299.50
ORD000047,2025-03-14,C1758,Keyboard,1,1499.00
ORD000048,2025-09-29,C1220,Keyboard,4,1499.00
ORD000049,2025-08-21,C1349,Headphones,2,3299.00
ORD000050,2025-06-09,C1738,Monitor,3,12499.00
ORD000051,2025-01-27,C1159,Keyboard,2,1499.00
ORD000052,2025-12-12,C1083,Wireless Mouse,3,799.00
ORD000053,2025-12-05,C1434,Power Bank,4,1799.00
ORD000054,2025-08-01,C1279,Power Bank,2,1799.00
ORD000055,2025-02-28,C1353,USB Hub,4,899.00
ORD000056,2025-05-26,C1694,Keyboard,5,1499.00
ORD000057,2025-09-27,C1683,Power Bank,3,1799.00
ORD000058,2025-04-23,C1404,Wireless Mouse,5,799.00
ORD000059,2025-01-04,C1209,Wireless Mouse,3,799.00
ORD000060,2025-03-12,C1782,Laptop Stand,3,1199.00
ORD000061,2025-06-17,C1122,Webcam,1,2499.00
ORD000062,2025-08-09,C1179,Power Bank,2,1799.00
ORD000063,2025-09-30,C1720,Headphones,2,3299.00
ORD000064,2025-10-14,C1853,USB Hub,3,899.00
ORD000065,2025-07-23,C1882,Keyboard,1,1499.00
ORD000066,2025-01-10,C1470,Headphones,1,3299.00
ORD000067,2025-10-22,C1439,Monitor,5,12499.00
ORD000068,2025-12-30,C1655,Headphones,4,3299.00
ORD000069,2025-02-28,C1414,Webcam,1,2499.00
ORD000070,2025-03-29,C1820,Monitor,5,12499.00
ORD000071,2025-12-20,C1941,Power Bank,3,1799.00
ORD000072,2025-08-12,C1864,Keyboard,1,1499.00
ORD000073,2025-08-12,C1603,Laptop Stand,4,1199.00
ORD000074,2025-02-10,C1405,USB Hub,3,899.00
ORD000075,2025-04-24,C1341,Monitor,2,12499.00
ORD000076,2025-09-19,C1648,Keyboard,1,1499.00
ORD000077,2025-09-19,C1198,USB Hub,3,899.00
ORD000078,2025-11-27,C1834,Monitor,2,12499.00
ORD000079,2025-02-22,C1149,Laptop Stand,3,1199.00
ORD000080,2025-03-30,C1616,Laptop Stand,2,1199.00
ORD000081,2025-04-01,C1974,Keyboard,4,1499.00
ORD000082,2025-10-16,C1778,Power Bank,5,1799.00
ORD000083,2025-12-15,C1946,Power Bank,5,1799.00
ORD000084,2025-11-18,C1323,Monitor,2,12499.00
ORD000085,2025-02-04,C1480,Power Bank,4,1799.00
ORD000086,2025-05-21,C1605,Webcam,1,2499.00
ORD000087,2025-09-17,C1075,Monitor,3,12499.00
ORD000088,2025-08-20,C1038,Power Bank,1,1799.00
ORD000089,2025-05-27,C1078,Monitor,1,12499.00
ORD000090,2025-07-16,C1473,USB Hub,5,899.00
ORD000091,2025-01-22,C1460,USB Hub,5,899.00
ORD000092,2025-06-14,C1619,Laptop Stand,4,1199.00
ORD000093,2025-03-19,C1980,USB Hub,1,899.00
ORD000094,2025-02-22,C1830,Power Bank,3,1799.00
ORD000095,2025-09-16,C1661,Keyboard,2,1499.00
ORD000096,2025-05-07,C1724,Wireless Mouse,4,799.00
ORD000097,2025-09-26,C1535,Power Bank,5,1799.00
ORD000098,2025-07-06,C1381,USB-C Cable,3,299.50
ORD000099,2025-07-29,C1793,Headphones,3,3299.00
ORD000100,2025-11-20,C1662,Wireless Mouse,3,799.00
BADDATE0001,not-a-date,C1000,Keyboard,1,1499.00
BADQTY0001,2025-06-01,C1001,Mouse,0,799.00
UNKNOWN0001,2025-06-01,X0001,USB Hub,1,899.00
BADDATE0002,not-a-date,C1000,Keyboard,1,1499.00
BADQTY0002,2025-06-01,C1001,Mouse,0,799.00
UNKNOWN0002,2025-06-01,X0002,USB Hub,1,899.00
BADDATE0003,not-a-date,C1000,Keyboard,1,1499.00
BADQTY0003,2025-06-01,C1001,Mouse,0,799.00
UNKNOWN0003,2025-06-01,X0003,USB Hub,1,899.00
BADDATE0004,not-a-date,C1000,Keyboard,1,1499.00
BADQTY0004,2025-06-01,C1001,Mouse,0,799.00
UNKNOWN0004,2025-06-01,X0004,USB Hub,1,899.00
BADDATE0005,not-a-date,C1000,Keyboard,1,1499.00
BADQTY0005,2025-06-01,C1001,Mouse,0,799.00
UNKNOWN0005,2025-06-01,X0005,USB Hub,1,899.00
BADDATE0006,not-a-date,C1000,Keyboard,1,1499.00
BADQTY0006,2025-06-01,C1001,Mouse,0,799.00
UNKNOWN0006,2025-06-01,X0006,USB Hub,1,899.00
BADDATE0007,not-a-date,C1000,Keyboard,1,1499.00
BADQTY0007,2025-06-01,C1001,Mouse,0,799.00
UNKNOWN0007,2025-06-01,X0007,USB Hub,1,899.00
BADDATE0008,not-a-date,C1000,Keyboard,1,1499.00
BADQTY0008,2025-06-01,C1001,Mouse,0,799.00
UNKNOWN0008,2025-06-01,X0008,USB Hub,1,899.00
BADDATE0009,not-a-date,C1000,Keyboard,1,1499.00
BADQTY0009,2025-06-01,C1001,Mouse,0,799.00
UNKNOWN0009,2025-06-01,X0009,USB Hub,1,899.00
BADDATE0010,not-a-date,C1000,Keyboard,1,1499.00
BADQTY0010,2025-06-01,C1001,Mouse,0,799.00
UNKNOWN0010,2025-06-01,X0010,USB Hub,1,899.00
BADDATE0011,not-a-date,C1000,Keyboard,1,1499.00
BADQTY0011,2025-06-01,C1001,Mouse,0,799.00
UNKNOWN0011,2025-06-01,X0011,USB Hub,1,899.00
BADDATE0012,not-a-date,C1000,Keyboard,1,1499.00
BADQTY0012,2025-06-01,C1001,Mouse,0,799.00
UNKNOWN0012,2025-06-01,X0012,USB Hub,1,899.00
BADDATE0013,not-a-date,C1000,Keyboard,1,1499.00
BADQTY0013,2025-06-01,C1001,Mouse,0,799.00
UNKNOWN0013,2025-06-01,X0013,USB Hub,1,899.00
BADDATE0014,not-a-date,C1000,Keyboard,1,1499.00
BADQTY0014,2025-06-01,C1001,Mouse,0,799.00
UNKNOWN0014,2025-06-01,X0014,USB Hub,1,899.00
BADDATE0015,not-a-date,C1000,Keyboard,1,1499.00
BADQTY0015,2025-06-01,C1001,Mouse,0,799.00
UNKNOWN0015,2025-06-01,X0015,USB Hub,1,899.00
BADDATE0016,not-a-date,C1000,Keyboard,1,1499.00
BADQTY0016,2025-06-01,C1001,Mouse,0,799.00
UNKNOWN0016,2025-06-01,X0016,USB Hub,1,899.00
BADDATE0017,not-a-date,C1000,Keyboard,1,1499.00
BADQTY0017,2025-06-01,C1001,Mouse,0,799.00
UNKNOWN0017,2025-06-01,X0017,USB Hub,1,899.00
BADDATE0018,not-a-date,C1000,Keyboard,1,1499.00
BADQTY0018,2025-06-01,C1001,Mouse,0,799.00
UNKNOWN0018,2025-06-01,X0018,USB Hub,1,899.00
BADDATE0019,not-a-date,C1000,Keyboard,1,1499.00
BADQTY0019,2025-06-01,C1001,Mouse,0,799.00
UNKNOWN0019,2025-06-01,X0019,USB Hub,1,899.00
BADDATE0020,not-a-date,C1000,Keyboard,1,1499.00
BADQTY0020,2025-06-01,C1001,Mouse,0,799.00
UNKNOWN0020,2025-06-01,X0020,USB Hub,1,899.00
BADDATE0021,not-a-date,C1000,Keyboard,1,1499.00
BADQTY0021,2025-06-01,C1001,Mouse,0,799.00
UNKNOWN0021,2025-06-01,X0021,USB Hub,1,899.00
BADDATE0022,not-a-date,C1000,Keyboard,1,1499.00
BADQTY0022,2025-06-01,C1001,Mouse,0,799.00
UNKNOWN0022,2025-06-01,X0022,USB Hub,1,899.00
BADDATE0023,not-a-date,C1000,Keyboard,1,1499.00
BADQTY0023,2025-06-01,C1001,Mouse,0,799.00
UNKNOWN0023,2025-06-01,X0023,USB Hub,1,899.00
BADDATE0024,not-a-date,C1000,Keyboard,1,1499.00
BADQTY0024,2025-06-01,C1001,Mouse,0,799.00
UNKNOWN0024,2025-06-01,X0024,USB Hub,1,899.00
BADDATE0025,not-a-date,C1000,Keyboard,1,1499.00
BADQTY0025,2025-06-01,C1001,Mouse,0,799.00
UNKNOWN0025,2025-06-01,X0025,USB Hub,1,899.00
BADDATE0026,not-a-date,C1000,Keyboard,1,1499.00
BADQTY0026,2025-06-01,C1001,Mouse,0,799.00
UNKNOWN0026,2025-06-01,X0026,USB Hub,1,899.00
BADDATE0027,not-a-date,C1000,Keyboard,1,1499.00
BADQTY0027,2025-06-01,C1001,Mouse,0,799.00
UNKNOWN0027,2025-06-01,X0027,USB Hub,1,899.00
BADDATE0028,not-a-date,C1000,Keyboard,1,1499.00
BADQTY0028,2025-06-01,C1001,Mouse,0,799.00
UNKNOWN0028,2025-06-01,X0028,USB Hub,1,899.00
BADDATE0029,not-a-date,C1000,Keyboard,1,1499.00
BADQTY0029,2025-06-01,C1001,Mouse,0,799.00
UNKNOWN0029,2025-06-01,X0029,USB Hub,1,899.00
BADDATE0030,not-a-date,C1000,Keyboard,1,1499.00
BADQTY0030,2025-06-01,C1001,Mouse,0,799.00
UNKNOWN0030,2025-06-01,X0030,USB Hub,1,899.00
BADDATE0031,not-a-date,C1000,Keyboard,1,1499.00
BADQTY0031,2025-06-01,C1001,Mouse,0,799.00
UNKNOWN0031,2025-06-01,X0031,USB Hub,1,899.00
BADDATE0032,not-a-date,C1000,Keyboard,1,1499.00
BADQTY0032,2025-06-01,C1001,Mouse,0,799.00
UNKNOWN0032,2025-06-01,X0032,USB Hub,1,899.00
BADDATE0033,not-a-date,C1000,Keyboard,1,1499.00
BADQTY0033,2025-06-01,C1001,Mouse,0,799.00
UNKNOWN0033,2025-06-01,X0033,USB Hub,1,899.00
BADDATE0034,not-a-date,C1000,Keyboard,1,1499.00
BADQTY0034,2025-06-01,C1001,Mouse,0,799.00
UNKNOWN0034,2025-06-01,X0034,USB Hub,1,899.00
BADDATE0035,not-a-date,C1000,Keyboard,1,1499.00
BADQTY0035,2025-06-01,C1001,Mouse,0,799.00
UNKNOWN0035,2025-06-01,X0035,USB Hub,1,899.00
BADDATE0036,not-a-date,C1000,Keyboard,1,1499.00
BADQTY0036,2025-06-01,C1001,Mouse,0,799.00
UNKNOWN0036,2025-06-01,X0036,USB Hub,1,899.00
BADDATE0037,not-a-date,C1000,Keyboard,1,1499.00
BADQTY0037,2025-06-01,C1001,Mouse,0,799.00
UNKNOWN0037,2025-06-01,X0037,USB Hub,1,899.00
BADDATE0038,not-a-date,C1000,Keyboard,1,1499.00
BADQTY0038,2025-06-01,C1001,Mouse,0,799.00
UNKNOWN0038,2025-06-01,X0038,USB Hub,1,899.00
BADDATE0039,not-a-date,C1000,Keyboard,1,1499.00
BADQTY0039,2025-06-01,C1001,Mouse,0,799.00
UNKNOWN0039,2025-06-01,X0039,USB Hub,1,899.00
BADDATE0040,not-a-date,C1000,Keyboard,1,1499.00
BADQTY0040,2025-06-01,C1001,Mouse,0,799.00
UNKNOWN0040,2025-06-01,X0040,USB Hub,1,899.00
BADDATE0041,not-a-date,C1000,Keyboard,1,1499.00
BADQTY0041,2025-06-01,C1001,Mouse,0,799.00
UNKNOWN0041,2025-06-01,X0041,USB Hub,1,899.00
BADDATE0042,not-a-date,C1000,Keyboard,1,1499.00
BADQTY0042,2025-06-01,C1001,Mouse,0,799.00
UNKNOWN0042,2025-06-01,X0042,USB Hub,1,899.00
BADDATE0043,not-a-date,C1000,Keyboard,1,1499.00
BADQTY0043,2025-06-01,C1001,Mouse,0,799.00
UNKNOWN0043,2025-06-01,X0043,USB Hub,1,899.00
BADDATE0044,not-a-date,C1000,Keyboard,1,1499.00
BADQTY0044,2025-06-01,C1001,Mouse,0,799.00
UNKNOWN0044,2025-06-01,X0044,USB Hub,1,899.00
BADDATE0045,not-a-date,C1000,Keyboard,1,1499.00
BADQTY0045,2025-06-01,C1001,Mouse,0,799.00
UNKNOWN0045,2025-06-01,X0045,USB Hub,1,899.00
BADDATE0046,not-a-date,C1000,Keyboard,1,1499.00
BADQTY0046,2025-06-01,C1001,Mouse,0,799.00
UNKNOWN0046,2025-06-01,X0046,USB Hub,1,899.00
BADDATE0047,not-a-date,C1000,Keyboard,1,1499.00
BADQTY0047,2025-06-01,C1001,Mouse,0,799.00
UNKNOWN0047,2025-06-01,X0047,USB Hub,1,899.00
BADDATE0048,not-a-date,C1000,Keyboard,1,1499.00
BADQTY0048,2025-06-01,C1001,Mouse,0,799.00
UNKNOWN0048,2025-06-01,X0048,USB Hub,1,899.00
BADDATE0049,not-a-date,C1000,Keyboard,1,1499.00
BADQTY0049,2025-06-01,C1001,Mouse,0,799.00
UNKNOWN0049,2025-06-01,X0049,USB Hub,1,899.00
BADDATE0050,not-a-date,C1000,Keyboard,1,1499.00
BADQTY0050,2025-06-01,C1001,Mouse,0,799.00
UNKNOWN0050,2025-06-01,X0050,USB Hub,1,899.00
BADDATE0051,not-a-date,C1000,Keyboard,1,1499.00
BADQTY0051,2025-06-01,C1001,Mouse,0,799.00
UNKNOWN0051,2025-06-01,X0051,USB Hub,1,899.00
BADDATE0052,not-a-date,C1000,Keyboard,1,1499.00
BADQTY0052,2025-06-01,C1001,Mouse,0,799.00
UNKNOWN0052,2025-06-01,X0052,USB Hub,1,899.00
BADDATE0053,not-a-date,C1000,Keyboard,1,1499.00
BADQTY0053,2025-06-01,C1001,Mouse,0,799.00
UNKNOWN0053,2025-06-01,X0053,USB Hub,1,899.00
BADDATE0054,not-a-date,C1000,Keyboard,1,1499.00
BADQTY0054,2025-06-01,C1001,Mouse,0,799.00
UNKNOWN0054,2025-06-01,X0054,USB Hub,1,899.00
BADDATE0055,not-a-date,C1000,Keyboard,1,1499.00
BADQTY0055,2025-06-01,C1001,Mouse,0,799.00
UNKNOWN0055,2025-06-01,X0055,USB Hub,1,899.00
BADDATE0056,not-a-date,C1000,Keyboard,1,1499.00
BADQTY0056,2025-06-01,C1001,Mouse,0,799.00
UNKNOWN0056,2025-06-01,X0056,USB Hub,1,899.00
BADDATE0057,not-a-date,C1000,Keyboard,1,1499.00
BADQTY0057,2025-06-01,C1001,Mouse,0,799.00
UNKNOWN0057,2025-06-01,X0057,USB Hub,1,899.00
BADDATE0058,not-a-date,C1000,Keyboard,1,1499.00
BADQTY0058,2025-06-01,C1001,Mouse,0,799.00
UNKNOWN0058,2025-06-01,X0058,USB Hub,1,899.00
BADDATE0059,not-a-date,C1000,Keyboard,1,1499.00
BADQTY0059,2025-06-01,C1001,Mouse,0,799.00
UNKNOWN0059,2025-06-01,X0059,USB Hub,1,899.00
BADDATE0060,not-a-date,C1000,Keyboard,1,1499.00
BADQTY0060,2025-06-01,C1001,Mouse,0,799.00
UNKNOWN0060,2025-06-01,X0060,USB Hub,1,899.00
BADDATE0061,not-a-date,C1000,Keyboard,1,1499.00
BADQTY0061,2025-06-01,C1001,Mouse,0,799.00
UNKNOWN0061,2025-06-01,X0061,USB Hub,1,899.00
BADDATE0062,not-a-date,C1000,Keyboard,1,1499.00
BADQTY0062,2025-06-01,C1001,Mouse,0,799.00
UNKNOWN0062,2025-06-01,X0062,USB Hub,1,899.00
BADDATE0063,not-a-date,C1000,Keyboard,1,1499.00
BADQTY0063,2025-06-01,C1001,Mouse,0,799.00
UNKNOWN0063,2025-06-01,X0063,USB Hub,1,899.00
BADDATE0064,not-a-date,C1000,Keyboard,1,1499.00
BADQTY0064,2025-06-01,C1001,Mouse,0,799.00
UNKNOWN0064,2025-06-01,X0064,USB Hub,1,899.00
BADDATE0065,not-a-date,C1000,Keyboard,1,1499.00
BADQTY0065,2025-06-01,C1001,Mouse,0,799.00
UNKNOWN0065,2025-06-01,X0065,USB Hub,1,899.00
BADDATE0066,not-a-date,C1000,Keyboard,1,1499.00
BADQTY0066,2025-06-01,C1001,Mouse,0,799.00
UNKNOWN0066,2025-06-01,X0066,USB Hub,1,899.00
BADDATE0067,not-a-date,C1000,Keyboard,1,1499.00
BADQTY0067,2025-06-01,C1001,Mouse,0,799.00
UNKNOWN0067,2025-06-01,X0067,USB Hub,1,899.00
BADDATE0068,not-a-date,C1000,Keyboard,1,1499.00
BADQTY0068,2025-06-01,C1001,Mouse,0,799.00
UNKNOWN0068,2025-06-01,X0068,USB Hub,1,899.00
BADDATE0069,not-a-date,C1000,Keyboard,1,1499.00
BADQTY0069,2025-06-01,C1001,Mouse,0,799.00
UNKNOWN0069,2025-06-01,X0069,USB Hub,1,899.00
BADDATE0070,not-a-date,C1000,Keyboard,1,1499.00
BADQTY0070,2025-06-01,C1001,Mouse,0,799.00
UNKNOWN0070,2025-06-01,X0070,USB Hub,1,899.00
BADDATE0071,not-a-date,C1000,Keyboard,1,1499.00
BADQTY0071,2025-06-01,C1001,Mouse,0,799.00
UNKNOWN0071,2025-06-01,X0071,USB Hub,1,899.00
BADDATE0072,not-a-date,C1000,Keyboard,1,1499.00
BADQTY0072,2025-06-01,C1001,Mouse,0,799.00
UNKNOWN0072,2025-06-01,X0072,USB Hub,1,899.00
BADDATE0073,not-a-date,C1000,Keyboard,1,1499.00
BADQTY0073,2025-06-01,C1001,Mouse,0,799.00
UNKNOWN0073,2025-06-01,X0073,USB Hub,1,899.00
BADDATE0074,not-a-date,C1000,Keyboard,1,1499.00
BADQTY0074,2025-06-01,C1001,Mouse,0,799.00
UNKNOWN0074,2025-06-01,X0074,USB Hub,1,899.00
BADDATE0075,not-a-date,C1000,Keyboard,1,1499.00
BADQTY0075,2025-06-01,C1001,Mouse,0,799.00
UNKNOWN0075,2025-06-01,X0075,USB Hub,1,899.00
BADDATE0076,not-a-date,C1000,Keyboard,1,1499.00
BADQTY0076,2025-06-01,C1001,Mouse,0,799.00
UNKNOWN0076,2025-06-01,X0076,USB Hub,1,899.00
BADDATE0077,not-a-date,C1000,Keyboard,1,1499.00
BADQTY0077,2025-06-01,C1001,Mouse,0,799.00
UNKNOWN0077,2025-06-01,X0077,USB Hub,1,899.00
BADDATE0078,not-a-date,C1000,Keyboard,1,1499.00
BADQTY0078,2025-06-01,C1001,Mouse,0,799.00
UNKNOWN0078,2025-06-01,X0078,USB Hub,1,899.00
BADDATE0079,not-a-date,C1000,Keyboard,1,1499.00
BADQTY0079,2025-06-01,C1001,Mouse,0,799.00
UNKNOWN0079,2025-06-01,X0079,USB Hub,1,899.00
BADDATE0080,not-a-date,C1000,Keyboard,1,1499.00
BADQTY0080,2025-06-01,C1001,Mouse,0,799.00
UNKNOWN0080,2025-06-01,X0080,USB Hub,1,899.00
BADDATE0081,not-a-date,C1000,Keyboard,1,1499.00
BADQTY0081,2025-06-01,C1001,Mouse,0,799.00
UNKNOWN0081,2025-06-01,X0081,USB Hub,1,899.00
BADDATE0082,not-a-date,C1000,Keyboard,1,1499.00
BADQTY0082,2025-06-01,C1001,Mouse,0,799.00
UNKNOWN0082,2025-06-01,X0082,USB Hub,1,899.00
BADDATE0083,not-a-date,C1000,Keyboard,1,1499.00
BADQTY0083,2025-06-01,C1001,Mouse,0,799.00
UNKNOWN0083,2025-06-01,X0083,USB Hub,1,899.00
BADDATE0084,not-a-date,C1000,Keyboard,1,1499.00
BADQTY0084,2025-06-01,C1001,Mouse,0,799.00
UNKNOWN0084,2025-06-01,X0084,USB Hub,1,899.00
BADDATE0085,not-a-date,C1000,Keyboard,1,1499.00
BADQTY0085,2025-06-01,C1001,Mouse,0,799.00
UNKNOWN0085,2025-06-01,X0085,USB Hub,1,899.00
BADDATE0086,not-a-date,C1000,Keyboard,1,1499.00
BADQTY0086,2025-06-01,C1001,Mouse,0,799.00
UNKNOWN0086,2025-06-01,X0086,USB Hub,1,899.00
BADDATE0087,not-a-date,C1000,Keyboard,1,1499.00
BADQTY0087,2025-06-01,C1001,Mouse,0,799.00
UNKNOWN0087,2025-06-01,X0087,USB Hub,1,899.00
BADDATE0088,not-a-date,C1000,Keyboard,1,1499.00
BADQTY0088,2025-06-01,C1001,Mouse,0,799.00
UNKNOWN0088,2025-06-01,X0088,USB Hub,1,899.00
BADDATE0089,not-a-date,C1000,Keyboard,1,1499.00
BADQTY0089,2025-06-01,C1001,Mouse,0,799.00
UNKNOWN0089,2025-06-01,X0089,USB Hub,1,899.00
BADDATE0090,not-a-date,C1000,Keyboard,1,1499.00
BADQTY0090,2025-06-01,C1001,Mouse,0,799.00
UNKNOWN0090,2025-06-01,X0090,USB Hub,1,899.00
BADDATE0091,not-a-date,C1000,Keyboard,1,1499.00
BADQTY0091,2025-06-01,C1001,Mouse,0,799.00
UNKNOWN0091,2025-06-01,X0091,USB Hub,1,899.00
BADDATE0092,not-a-date,C1000,Keyboard,1,1499.00
BADQTY0092,2025-06-01,C1001,Mouse,0,799.00
UNKNOWN0092,2025-06-01,X0092,USB Hub,1,899.00
BADDATE0093,not-a-date,C1000,Keyboard,1,1499.00
BADQTY0093,2025-06-01,C1001,Mouse,0,799.00
UNKNOWN0093,2025-06-01,X0093,USB Hub,1,899.00
BADDATE0094,not-a-date,C1000,Keyboard,1,1499.00
BADQTY0094,2025-06-01,C1001,Mouse,0,799.00
UNKNOWN0094,2025-06-01,X0094,USB Hub,1,899.00
BADDATE0095,not-a-date,C1000,Keyboard,1,1499.00
BADQTY0095,2025-06-01,C1001,Mouse,0,799.00
UNKNOWN0095,2025-06-01,X0095,USB Hub,1,899.00
BADDATE0096,not-a-date,C1000,Keyboard,1,1499.00
BADQTY0096,2025-06-01,C1001,Mouse,0,799.00
UNKNOWN0096,2025-06-01,X0096,USB Hub,1,899.00
BADDATE0097,not-a-date,C1000,Keyboard,1,1499.00
BADQTY0097,2025-06-01,C1001,Mouse,0,799.00
UNKNOWN0097,2025-06-01,X0097,USB Hub,1,899.00
BADDATE0098,not-a-date,C1000,Keyboard,1,1499.00
BADQTY0098,2025-06-01,C1001,Mouse,0,799.00
UNKNOWN0098,2025-06-01,X0098,USB Hub,1,899.00
BADDATE0099,not-a-date,C1000,Keyboard,1,1499.00
BADQTY0099,2025-06-01,C1001,Mouse,0,799.00
UNKNOWN0099,2025-06-01,X0099,USB Hub,1,899.00
BADDATE0100,not-a-date,C1000,Keyboard,1,1499.00
BADQTY0100,2025-06-01,C1001,Mouse,0,799.00
UNKNOWN0100,2025-06-01,X0100,USB Hub,1,899.00
